# H0 Om w
7.333923229961784784e+01 2.931316179417398637e-01 -1.248722167733393729e+00
7.333923229961784784e+01 2.931316179417398637e-01 -1.248722167733393729e+00
7.333923229961784784e+01 2.931316179417398637e-01 -1.248722167733393729e+00
7.200641342081752327e+01 3.353139583794285117e-01 -1.198814532898353713e+00
7.200641342081752327e+01 3.353139583794285117e-01 -1.198814532898353713e+00
7.200641342081752327e+01 3.353139583794285117e-01 -1.198814532898353713e+00
7.200641342081752327e+01 3.353139583794285117e-01 -1.198814532898353713e+00
7.072489059102785802e+01 3.216657982360696666e-01 -1.282566599373635707e+00
7.072489059102785802e+01 3.216657982360696666e-01 -1.282566599373635707e+00
7.097882225923181920e+01 2.835878907236457636e-01 -1.180852574654753795e+00
7.097882225923181920e+01 2.835878907236457636e-01 -1.180852574654753795e+00
7.273078868543525743e+01 2.920704892630098248e-01 -1.276164831835030267e+00
7.273078868543525743e+01 2.920704892630098248e-01 -1.276164831835030267e+00
7.273078868543525743e+01 2.920704892630098248e-01 -1.276164831835030267e+00
7.273078868543525743e+01 2.920704892630098248e-01 -1.276164831835030267e+00
7.204684592465586945e+01 3.402555723656450759e-01 -1.302091655057925790e+00
7.204684592465586945e+01 3.402555723656450759e-01 -1.302091655057925790e+00
7.204684592465586945e+01 3.402555723656450759e-01 -1.302091655057925790e+00
7.204684592465586945e+01 3.402555723656450759e-01 -1.302091655057925790e+00
7.204684592465586945e+01 3.402555723656450759e-01 -1.302091655057925790e+00
7.204684592465586945e+01 3.402555723656450759e-01 -1.302091655057925790e+00
7.204684592465586945e+01 3.402555723656450759e-01 -1.302091655057925790e+00
7.204684592465586945e+01 3.402555723656450759e-01 -1.302091655057925790e+00
7.204684592465586945e+01 3.402555723656450759e-01 -1.302091655057925790e+00
7.204684592465586945e+01 3.402555723656450759e-01 -1.302091655057925790e+00
7.186928979491095504e+01 3.128165559253322514e-01 -1.185765698111985955e+00
7.186928979491095504e+01 3.128165559253322514e-01 -1.185765698111985955e+00
7.186928979491095504e+01 3.128165559253322514e-01 -1.185765698111985955e+00
7.186928979491095504e+01 3.128165559253322514e-01 -1.185765698111985955e+00
7.186928979491095504e+01 3.128165559253322514e-01 -1.185765698111985955e+00
7.186928979491095504e+01 3.128165559253322514e-01 -1.185765698111985955e+00
7.174339163355220705e+01 3.053321177183709323e-01 -1.212995334584396012e+00
7.174339163355220705e+01 3.053321177183709323e-01 -1.212995334584396012e+00
7.148709596842282110e+01 3.453019543623463972e-01 -1.213689638346541422e+00
7.148709596842282110e+01 3.453019543623463972e-01 -1.213689638346541422e+00
7.177606883832029894e+01 3.167622185690317504e-01 -1.298600669569891508e+00
7.256361641986136135e+01 2.463298513023371439e-01 -1.163426843559080215e+00
7.240586539738426097e+01 2.890008589673196404e-01 -1.157841852588548992e+00
7.240586539738426097e+01 2.890008589673196404e-01 -1.157841852588548992e+00
7.240586539738426097e+01 2.890008589673196404e-01 -1.157841852588548992e+00
7.106666962654087172e+01 2.870943938340411727e-01 -1.105145282137636631e+00
7.106666962654087172e+01 2.870943938340411727e-01 -1.105145282137636631e+00
7.106666962654087172e+01 2.870943938340411727e-01 -1.105145282137636631e+00
7.167831319081287234e+01 2.995178410970120719e-01 -1.193023019369023441e+00
7.167831319081287234e+01 2.995178410970120719e-01 -1.193023019369023441e+00
7.167831319081287234e+01 2.995178410970120719e-01 -1.193023019369023441e+00
7.167831319081287234e+01 2.995178410970120719e-01 -1.193023019369023441e+00
7.167831319081287234e+01 2.995178410970120719e-01 -1.193023019369023441e+00
7.060732083088730349e+01 3.209131162646904345e-01 -1.182652208303556662e+00
7.058183158935231916e+01 3.618359557113395852e-01 -1.256440426845801595e+00
7.024568680434472867e+01 3.696046718199444414e-01 -1.250700464403758705e+00
7.024568680434472867e+01 3.696046718199444414e-01 -1.250700464403758705e+00
7.024568680434472867e+01 3.696046718199444414e-01 -1.250700464403758705e+00
7.024568680434472867e+01 3.696046718199444414e-01 -1.250700464403758705e+00
7.024568680434472867e+01 3.696046718199444414e-01 -1.250700464403758705e+00
7.024568680434472867e+01 3.696046718199444414e-01 -1.250700464403758705e+00
7.024568680434472867e+01 3.696046718199444414e-01 -1.250700464403758705e+00
7.024568680434472867e+01 3.696046718199444414e-01 -1.250700464403758705e+00
7.024568680434472867e+01 3.696046718199444414e-01 -1.250700464403758705e+00
7.024568680434472867e+01 3.696046718199444414e-01 -1.250700464403758705e+00
7.024568680434472867e+01 3.696046718199444414e-01 -1.250700464403758705e+00
7.024568680434472867e+01 3.696046718199444414e-01 -1.250700464403758705e+00
7.024568680434472867e+01 3.696046718199444414e-01 -1.250700464403758705e+00
7.024568680434472867e+01 3.696046718199444414e-01 -1.250700464403758705e+00
7.024568680434472867e+01 3.696046718199444414e-01 -1.250700464403758705e+00
7.024568680434472867e+01 3.696046718199444414e-01 -1.250700464403758705e+00
7.009966925140422234e+01 3.504221564944949852e-01 -1.275506623982901377e+00
7.009966925140422234e+01 3.504221564944949852e-01 -1.275506623982901377e+00
7.009966925140422234e+01 3.504221564944949852e-01 -1.275506623982901377e+00
7.070884668171829901e+01 3.939355507581106530e-01 -1.234985566988260564e+00
7.070884668171829901e+01 3.939355507581106530e-01 -1.234985566988260564e+00
7.148379023030220480e+01 3.901527921206623950e-01 -1.353141689512201706e+00
7.148379023030220480e+01 3.901527921206623950e-01 -1.353141689512201706e+00
7.148379023030220480e+01 3.901527921206623950e-01 -1.353141689512201706e+00
7.148379023030220480e+01 3.901527921206623950e-01 -1.353141689512201706e+00
7.148379023030220480e+01 3.901527921206623950e-01 -1.353141689512201706e+00
7.201860357708618210e+01 3.647624833760313434e-01 -1.325445604252333487e+00
7.201860357708618210e+01 3.647624833760313434e-01 -1.325445604252333487e+00
7.201860357708618210e+01 3.647624833760313434e-01 -1.325445604252333487e+00
7.201860357708618210e+01 3.647624833760313434e-01 -1.325445604252333487e+00
7.201860357708618210e+01 3.647624833760313434e-01 -1.325445604252333487e+00
7.201860357708618210e+01 3.647624833760313434e-01 -1.325445604252333487e+00
6.974243758990003528e+01 3.522320317585028726e-01 -1.169359830829351354e+00
6.974243758990003528e+01 3.522320317585028726e-01 -1.169359830829351354e+00
6.974243758990003528e+01 3.522320317585028726e-01 -1.169359830829351354e+00
6.974243758990003528e+01 3.522320317585028726e-01 -1.169359830829351354e+00
6.974243758990003528e+01 3.522320317585028726e-01 -1.169359830829351354e+00
6.974243758990003528e+01 3.522320317585028726e-01 -1.169359830829351354e+00
6.974243758990003528e+01 3.522320317585028726e-01 -1.169359830829351354e+00
6.974243758990003528e+01 3.522320317585028726e-01 -1.169359830829351354e+00
6.974243758990003528e+01 3.522320317585028726e-01 -1.169359830829351354e+00
6.974243758990003528e+01 3.522320317585028726e-01 -1.169359830829351354e+00
6.974243758990003528e+01 3.522320317585028726e-01 -1.169359830829351354e+00
6.974243758990003528e+01 3.522320317585028726e-01 -1.169359830829351354e+00
6.974243758990003528e+01 3.522320317585028726e-01 -1.169359830829351354e+00
6.974243758990003528e+01 3.522320317585028726e-01 -1.169359830829351354e+00
6.974243758990003528e+01 3.522320317585028726e-01 -1.169359830829351354e+00
6.974243758990003528e+01 3.522320317585028726e-01 -1.169359830829351354e+00
6.974243758990003528e+01 3.522320317585028726e-01 -1.169359830829351354e+00
6.974243758990003528e+01 3.522320317585028726e-01 -1.169359830829351354e+00
6.950176196326096090e+01 3.767659837864302252e-01 -1.161363591713626242e+00
6.950176196326096090e+01 3.767659837864302252e-01 -1.161363591713626242e+00
6.950176196326096090e+01 3.767659837864302252e-01 -1.161363591713626242e+00
6.950176196326096090e+01 3.767659837864302252e-01 -1.161363591713626242e+00
6.950176196326096090e+01 3.767659837864302252e-01 -1.161363591713626242e+00
6.950176196326096090e+01 3.767659837864302252e-01 -1.161363591713626242e+00
6.950176196326096090e+01 3.767659837864302252e-01 -1.161363591713626242e+00
6.950176196326096090e+01 3.767659837864302252e-01 -1.161363591713626242e+00
6.950176196326096090e+01 3.767659837864302252e-01 -1.161363591713626242e+00
6.950176196326096090e+01 3.767659837864302252e-01 -1.161363591713626242e+00
6.950176196326096090e+01 3.767659837864302252e-01 -1.161363591713626242e+00
6.950176196326096090e+01 3.767659837864302252e-01 -1.161363591713626242e+00
6.950176196326096090e+01 3.767659837864302252e-01 -1.161363591713626242e+00
6.950176196326096090e+01 3.767659837864302252e-01 -1.161363591713626242e+00
6.950176196326096090e+01 3.767659837864302252e-01 -1.161363591713626242e+00
6.950176196326096090e+01 3.767659837864302252e-01 -1.161363591713626242e+00
7.162781635073457664e+01 3.518490934062264985e-01 -1.233681310489909588e+00
7.162781635073457664e+01 3.518490934062264985e-01 -1.233681310489909588e+00
7.162781635073457664e+01 3.518490934062264985e-01 -1.233681310489909588e+00
7.162781635073457664e+01 3.518490934062264985e-01 -1.233681310489909588e+00
7.162781635073457664e+01 3.518490934062264985e-01 -1.233681310489909588e+00
7.162781635073457664e+01 3.518490934062264985e-01 -1.233681310489909588e+00
7.162781635073457664e+01 3.518490934062264985e-01 -1.233681310489909588e+00
7.162781635073457664e+01 3.518490934062264985e-01 -1.233681310489909588e+00
7.247491793714657149e+01 3.028184487148509185e-01 -1.281896663070839049e+00
7.247491793714657149e+01 3.028184487148509185e-01 -1.281896663070839049e+00
7.247491793714657149e+01 3.028184487148509185e-01 -1.281896663070839049e+00
7.151905028162337885e+01 3.066245426688531395e-01 -1.208276222055055804e+00
7.151905028162337885e+01 3.066245426688531395e-01 -1.208276222055055804e+00
7.151905028162337885e+01 3.066245426688531395e-01 -1.208276222055055804e+00
7.151905028162337885e+01 3.066245426688531395e-01 -1.208276222055055804e+00
7.151905028162337885e+01 3.066245426688531395e-01 -1.208276222055055804e+00
7.151905028162337885e+01 3.066245426688531395e-01 -1.208276222055055804e+00
7.151905028162337885e+01 3.066245426688531395e-01 -1.208276222055055804e+00
7.151905028162337885e+01 3.066245426688531395e-01 -1.208276222055055804e+00
7.151905028162337885e+01 3.066245426688531395e-01 -1.208276222055055804e+00
7.151905028162337885e+01 3.066245426688531395e-01 -1.208276222055055804e+00
7.151905028162337885e+01 3.066245426688531395e-01 -1.208276222055055804e+00
7.151905028162337885e+01 3.066245426688531395e-01 -1.208276222055055804e+00
7.151905028162337885e+01 3.066245426688531395e-01 -1.208276222055055804e+00
7.151905028162337885e+01 3.066245426688531395e-01 -1.208276222055055804e+00
7.151905028162337885e+01 3.066245426688531395e-01 -1.208276222055055804e+00
7.151905028162337885e+01 3.066245426688531395e-01 -1.208276222055055804e+00
6.944234858710476033e+01 3.755795780584135768e-01 -1.121615558417852432e+00
6.944234858710476033e+01 3.755795780584135768e-01 -1.121615558417852432e+00
6.775618698242696780e+01 3.929654583715775917e-01 -1.103276876273776352e+00
6.775618698242696780e+01 3.929654583715775917e-01 -1.103276876273776352e+00
6.775618698242696780e+01 3.929654583715775917e-01 -1.103276876273776352e+00
6.775618698242696780e+01 3.929654583715775917e-01 -1.103276876273776352e+00
6.775618698242696780e+01 3.929654583715775917e-01 -1.103276876273776352e+00
6.775618698242696780e+01 3.929654583715775917e-01 -1.103276876273776352e+00
6.775618698242696780e+01 3.929654583715775917e-01 -1.103276876273776352e+00
6.775618698242696780e+01 3.929654583715775917e-01 -1.103276876273776352e+00
6.984781506582166344e+01 3.802056110449174020e-01 -1.267208430430797339e+00
6.998749147897790124e+01 3.855330151870366429e-01 -1.262771377231040049e+00
7.078719140554143507e+01 3.219115531403999864e-01 -1.175819900820451736e+00
7.078719140554143507e+01 3.219115531403999864e-01 -1.175819900820451736e+00
7.078719140554143507e+01 3.219115531403999864e-01 -1.175819900820451736e+00
7.078719140554143507e+01 3.219115531403999864e-01 -1.175819900820451736e+00
7.078719140554143507e+01 3.219115531403999864e-01 -1.175819900820451736e+00
7.161829609623784165e+01 3.014655876063043194e-01 -1.187700491616471732e+00
7.192598061645800556e+01 3.367839445666654385e-01 -1.222487234476187901e+00
6.935448725296163275e+01 3.357811518632823344e-01 -1.127104997194240399e+00
6.935448725296163275e+01 3.357811518632823344e-01 -1.127104997194240399e+00
6.911407996822389066e+01 3.602945930104508032e-01 -1.189916431779462158e+00
6.911407996822389066e+01 3.602945930104508032e-01 -1.189916431779462158e+00
6.911407996822389066e+01 3.602945930104508032e-01 -1.189916431779462158e+00
6.911407996822389066e+01 3.602945930104508032e-01 -1.189916431779462158e+00
6.969097660634979263e+01 3.604276561133099022e-01 -1.154548518143900360e+00
6.969097660634979263e+01 3.604276561133099022e-01 -1.154548518143900360e+00
6.969097660634979263e+01 3.604276561133099022e-01 -1.154548518143900360e+00
6.969097660634979263e+01 3.604276561133099022e-01 -1.154548518143900360e+00
6.923936820333057085e+01 3.401424712051863697e-01 -1.022376971449738825e+00
6.923936820333057085e+01 3.401424712051863697e-01 -1.022376971449738825e+00
7.108642763277555332e+01 3.226285640161752899e-01 -1.061682099446221050e+00
7.108642763277555332e+01 3.226285640161752899e-01 -1.061682099446221050e+00
6.957375625758906779e+01 3.132761066758710800e-01 -9.948187842100216782e-01
6.957375625758906779e+01 3.132761066758710800e-01 -9.948187842100216782e-01
6.957375625758906779e+01 3.132761066758710800e-01 -9.948187842100216782e-01
6.957375625758906779e+01 3.132761066758710800e-01 -9.948187842100216782e-01
7.041774747148268432e+01 2.858926174021124145e-01 -1.034910181896375292e+00
7.041774747148268432e+01 2.858926174021124145e-01 -1.034910181896375292e+00
6.975854787927848122e+01 3.223559526795579666e-01 -1.100397895881463306e+00
6.975854787927848122e+01 3.223559526795579666e-01 -1.100397895881463306e+00
6.975854787927848122e+01 3.223559526795579666e-01 -1.100397895881463306e+00
6.975854787927848122e+01 3.223559526795579666e-01 -1.100397895881463306e+00
6.975854787927848122e+01 3.223559526795579666e-01 -1.100397895881463306e+00
6.975854787927848122e+01 3.223559526795579666e-01 -1.100397895881463306e+00
6.975854787927848122e+01 3.223559526795579666e-01 -1.100397895881463306e+00
6.975854787927848122e+01 3.223559526795579666e-01 -1.100397895881463306e+00
7.031502846844082910e+01 3.083785762726097834e-01 -1.075149811165089897e+00
7.031502846844082910e+01 3.083785762726097834e-01 -1.075149811165089897e+00
7.031502846844082910e+01 3.083785762726097834e-01 -1.075149811165089897e+00
7.031502846844082910e+01 3.083785762726097834e-01 -1.075149811165089897e+00
7.031502846844082910e+01 3.083785762726097834e-01 -1.075149811165089897e+00
7.031502846844082910e+01 3.083785762726097834e-01 -1.075149811165089897e+00
7.031502846844082910e+01 3.083785762726097834e-01 -1.075149811165089897e+00
7.031502846844082910e+01 3.083785762726097834e-01 -1.075149811165089897e+00
7.031502846844082910e+01 3.083785762726097834e-01 -1.075149811165089897e+00
7.031502846844082910e+01 3.083785762726097834e-01 -1.075149811165089897e+00
7.031502846844082910e+01 3.083785762726097834e-01 -1.075149811165089897e+00
7.031502846844082910e+01 3.083785762726097834e-01 -1.075149811165089897e+00
7.056706052314498834e+01 2.812830969595735975e-01 -1.061242704396839986e+00
7.056706052314498834e+01 2.812830969595735975e-01 -1.061242704396839986e+00
7.056706052314498834e+01 2.812830969595735975e-01 -1.061242704396839986e+00
7.100161673207158231e+01 2.732682936123825845e-01 -1.018349529151957755e+00
7.100161673207158231e+01 2.732682936123825845e-01 -1.018349529151957755e+00
7.100161673207158231e+01 2.732682936123825845e-01 -1.018349529151957755e+00
7.100161673207158231e+01 2.732682936123825845e-01 -1.018349529151957755e+00
7.100161673207158231e+01 2.732682936123825845e-01 -1.018349529151957755e+00
7.100161673207158231e+01 2.732682936123825845e-01 -1.018349529151957755e+00
7.133272003185727783e+01 2.734380438499076083e-01 -1.030567341788325875e+00
7.133272003185727783e+01 2.734380438499076083e-01 -1.030567341788325875e+00
6.978646375048302275e+01 2.930831555728803384e-01 -9.972291522609468828e-01
6.978646375048302275e+01 2.930831555728803384e-01 -9.972291522609468828e-01
6.978646375048302275e+01 2.930831555728803384e-01 -9.972291522609468828e-01
6.978646375048302275e+01 2.930831555728803384e-01 -9.972291522609468828e-01
6.978646375048302275e+01 2.930831555728803384e-01 -9.972291522609468828e-01
6.915225393043687063e+01 2.971648625427402712e-01 -9.247734239353800900e-01
7.016406235102905953e+01 2.162000939059814664e-01 -8.293288322893807019e-01
7.016406235102905953e+01 2.162000939059814664e-01 -8.293288322893807019e-01
7.016406235102905953e+01 2.162000939059814664e-01 -8.293288322893807019e-01
7.016406235102905953e+01 2.162000939059814664e-01 -8.293288322893807019e-01
7.016406235102905953e+01 2.162000939059814664e-01 -8.293288322893807019e-01
7.016406235102905953e+01 2.162000939059814664e-01 -8.293288322893807019e-01
7.016406235102905953e+01 2.162000939059814664e-01 -8.293288322893807019e-01
7.016406235102905953e+01 2.162000939059814664e-01 -8.293288322893807019e-01
7.016406235102905953e+01 2.162000939059814664e-01 -8.293288322893807019e-01
6.960125261101043748e+01 1.900029231710580746e-01 -7.738141633764541449e-01
6.960125261101043748e+01 1.900029231710580746e-01 -7.738141633764541449e-01
7.052667845226227428e+01 2.224452969209015363e-01 -8.591398950153632530e-01
7.052667845226227428e+01 2.224452969209015363e-01 -8.591398950153632530e-01
7.052667845226227428e+01 2.224452969209015363e-01 -8.591398950153632530e-01
6.922595614582552059e+01 2.593777477811469168e-01 -8.280882858187452733e-01
6.900832922050959439e+01 2.011260199342490562e-01 -6.868214712755698059e-01
6.900832922050959439e+01 2.011260199342490562e-01 -6.868214712755698059e-01
6.951868217324738453e+01 2.571352722285531467e-01 -8.055675156800908843e-01
6.915585155596620837e+01 2.517725777837144796e-01 -8.048702066449042736e-01
6.915585155596620837e+01 2.517725777837144796e-01 -8.048702066449042736e-01
6.915585155596620837e+01 2.517725777837144796e-01 -8.048702066449042736e-01
6.915585155596620837e+01 2.517725777837144796e-01 -8.048702066449042736e-01
6.915585155596620837e+01 2.517725777837144796e-01 -8.048702066449042736e-01
6.915585155596620837e+01 2.517725777837144796e-01 -8.048702066449042736e-01
6.842865938295065575e+01 2.525173196854242352e-01 -8.111793705891711115e-01
6.842865938295065575e+01 2.525173196854242352e-01 -8.111793705891711115e-01
7.159765691450840563e+01 1.584326690611322364e-01 -8.252856578593517067e-01
7.159765691450840563e+01 1.584326690611322364e-01 -8.252856578593517067e-01
7.159765691450840563e+01 1.584326690611322364e-01 -8.252856578593517067e-01
7.159765691450840563e+01 1.584326690611322364e-01 -8.252856578593517067e-01
7.159765691450840563e+01 1.584326690611322364e-01 -8.252856578593517067e-01
7.159765691450840563e+01 1.584326690611322364e-01 -8.252856578593517067e-01
7.159765691450840563e+01 1.584326690611322364e-01 -8.252856578593517067e-01
7.159765691450840563e+01 1.584326690611322364e-01 -8.252856578593517067e-01
7.159765691450840563e+01 1.584326690611322364e-01 -8.252856578593517067e-01
7.133617809336278981e+01 1.834582341218176094e-01 -7.830195332476985737e-01
6.899655919355552669e+01 2.228742358711832683e-01 -7.693629434624783547e-01
6.899655919355552669e+01 2.228742358711832683e-01 -7.693629434624783547e-01
6.899655919355552669e+01 2.228742358711832683e-01 -7.693629434624783547e-01
6.899655919355552669e+01 2.228742358711832683e-01 -7.693629434624783547e-01
6.899655919355552669e+01 2.228742358711832683e-01 -7.693629434624783547e-01
6.899655919355552669e+01 2.228742358711832683e-01 -7.693629434624783547e-01
6.899655919355552669e+01 2.228742358711832683e-01 -7.693629434624783547e-01
6.899655919355552669e+01 2.228742358711832683e-01 -7.693629434624783547e-01
6.899655919355552669e+01 2.228742358711832683e-01 -7.693629434624783547e-01
6.899655919355552669e+01 2.228742358711832683e-01 -7.693629434624783547e-01
6.899655919355552669e+01 2.228742358711832683e-01 -7.693629434624783547e-01
6.899655919355552669e+01 2.228742358711832683e-01 -7.693629434624783547e-01
6.899655919355552669e+01 2.228742358711832683e-01 -7.693629434624783547e-01
6.899655919355552669e+01 2.228742358711832683e-01 -7.693629434624783547e-01
6.905099468637702387e+01 2.766063855181076780e-01 -8.219872600795022910e-01
6.905099468637702387e+01 2.766063855181076780e-01 -8.219872600795022910e-01
6.905099468637702387e+01 2.766063855181076780e-01 -8.219872600795022910e-01
6.905099468637702387e+01 2.766063855181076780e-01 -8.219872600795022910e-01
6.905099468637702387e+01 2.766063855181076780e-01 -8.219872600795022910e-01
6.905099468637702387e+01 2.766063855181076780e-01 -8.219872600795022910e-01
6.905099468637702387e+01 2.766063855181076780e-01 -8.219872600795022910e-01
6.966622747400612070e+01 2.304454307244458156e-01 -8.170662655304044009e-01
6.966622747400612070e+01 2.304454307244458156e-01 -8.170662655304044009e-01
6.934369504220359204e+01 2.623178552903056016e-01 -8.050675742293018633e-01
7.042974241214943731e+01 2.579620632716018713e-01 -8.319716047118643765e-01
7.042974241214943731e+01 2.579620632716018713e-01 -8.319716047118643765e-01
6.979105781638497774e+01 2.048240870388579882e-01 -8.400472882964106214e-01
7.137921874577895665e+01 1.877025031382665299e-01 -8.604260910424844644e-01
7.137921874577895665e+01 1.877025031382665299e-01 -8.604260910424844644e-01
7.225172911352710514e+01 1.965461163797255495e-01 -9.415640350575259498e-01
7.225172911352710514e+01 1.965461163797255495e-01 -9.415640350575259498e-01
7.225172911352710514e+01 1.965461163797255495e-01 -9.415640350575259498e-01
7.225172911352710514e+01 1.965461163797255495e-01 -9.415640350575259498e-01
7.301721138188801774e+01 2.106464430935801324e-01 -9.932054480982469569e-01
7.301721138188801774e+01 2.106464430935801324e-01 -9.932054480982469569e-01
7.301721138188801774e+01 2.106464430935801324e-01 -9.932054480982469569e-01
7.301721138188801774e+01 2.106464430935801324e-01 -9.932054480982469569e-01
7.301721138188801774e+01 2.106464430935801324e-01 -9.932054480982469569e-01
7.301721138188801774e+01 2.106464430935801324e-01 -9.932054480982469569e-01
7.127224959868514986e+01 2.247789714955572005e-01 -9.809347068851036466e-01
7.127224959868514986e+01 2.247789714955572005e-01 -9.809347068851036466e-01
7.127224959868514986e+01 2.247789714955572005e-01 -9.809347068851036466e-01
7.099460010114589181e+01 2.354169959765995412e-01 -8.970391818104042070e-01
7.099460010114589181e+01 2.354169959765995412e-01 -8.970391818104042070e-01
7.018303783972579879e+01 2.087390137347059915e-01 -7.792281412060776402e-01
7.018303783972579879e+01 2.087390137347059915e-01 -7.792281412060776402e-01
6.996039029106441376e+01 1.594469005135564776e-01 -7.738563177338573240e-01
6.996039029106441376e+01 1.594469005135564776e-01 -7.738563177338573240e-01
6.996039029106441376e+01 1.594469005135564776e-01 -7.738563177338573240e-01
6.996039029106441376e+01 1.594469005135564776e-01 -7.738563177338573240e-01
6.996039029106441376e+01 1.594469005135564776e-01 -7.738563177338573240e-01
7.016792178067460384e+01 1.733926021177894794e-01 -7.234843057228999008e-01
7.016792178067460384e+01 1.733926021177894794e-01 -7.234843057228999008e-01
7.016792178067460384e+01 1.733926021177894794e-01 -7.234843057228999008e-01
7.016792178067460384e+01 1.733926021177894794e-01 -7.234843057228999008e-01
7.016792178067460384e+01 1.733926021177894794e-01 -7.234843057228999008e-01
7.016792178067460384e+01 1.733926021177894794e-01 -7.234843057228999008e-01
7.016792178067460384e+01 1.733926021177894794e-01 -7.234843057228999008e-01
7.016792178067460384e+01 1.733926021177894794e-01 -7.234843057228999008e-01
6.955900121350461518e+01 1.916432099842456382e-01 -7.025377137644831516e-01
6.955900121350461518e+01 1.916432099842456382e-01 -7.025377137644831516e-01
6.955900121350461518e+01 1.916432099842456382e-01 -7.025377137644831516e-01
6.955900121350461518e+01 1.916432099842456382e-01 -7.025377137644831516e-01
6.955900121350461518e+01 1.916432099842456382e-01 -7.025377137644831516e-01
6.955900121350461518e+01 1.916432099842456382e-01 -7.025377137644831516e-01
7.059106578278664301e+01 1.290758006922160805e-01 -7.091747426894424722e-01
7.059106578278664301e+01 1.290758006922160805e-01 -7.091747426894424722e-01
7.059106578278664301e+01 1.290758006922160805e-01 -7.091747426894424722e-01
7.059106578278664301e+01 1.290758006922160805e-01 -7.091747426894424722e-01
7.059106578278664301e+01 1.290758006922160805e-01 -7.091747426894424722e-01
7.059106578278664301e+01 1.290758006922160805e-01 -7.091747426894424722e-01
7.059106578278664301e+01 1.290758006922160805e-01 -7.091747426894424722e-01
7.059106578278664301e+01 1.290758006922160805e-01 -7.091747426894424722e-01
7.059106578278664301e+01 1.290758006922160805e-01 -7.091747426894424722e-01
6.881515505229972973e+01 1.551849724361821503e-01 -6.371827552011430917e-01
6.881515505229972973e+01 1.551849724361821503e-01 -6.371827552011430917e-01
6.881515505229972973e+01 1.551849724361821503e-01 -6.371827552011430917e-01
6.881515505229972973e+01 1.551849724361821503e-01 -6.371827552011430917e-01
6.881515505229972973e+01 1.551849724361821503e-01 -6.371827552011430917e-01
6.881515505229972973e+01 1.551849724361821503e-01 -6.371827552011430917e-01
6.881515505229972973e+01 1.551849724361821503e-01 -6.371827552011430917e-01
6.881515505229972973e+01 1.551849724361821503e-01 -6.371827552011430917e-01
6.881515505229972973e+01 1.551849724361821503e-01 -6.371827552011430917e-01
6.881515505229972973e+01 1.551849724361821503e-01 -6.371827552011430917e-01
6.881515505229972973e+01 1.551849724361821503e-01 -6.371827552011430917e-01
6.952004468254034464e+01 1.809092393541950061e-01 -7.035344816551869496e-01
6.952004468254034464e+01 1.809092393541950061e-01 -7.035344816551869496e-01
6.952004468254034464e+01 1.809092393541950061e-01 -7.035344816551869496e-01
6.856561488568915763e+01 1.670373715483594868e-01 -6.428859045959192109e-01
6.816198176170425427e+01 9.890811647469156809e-02 -5.450870502249479665e-01
6.816198176170425427e+01 9.890811647469156809e-02 -5.450870502249479665e-01
6.816198176170425427e+01 9.890811647469156809e-02 -5.450870502249479665e-01
6.804023764364231397e+01 1.107896562699304116e-01 -6.091706399522613946e-01
6.804023764364231397e+01 1.107896562699304116e-01 -6.091706399522613946e-01
6.881978898842596948e+01 1.340678528839419903e-01 -6.366767633983528851e-01
6.881978898842596948e+01 1.340678528839419903e-01 -6.366767633983528851e-01
6.881978898842596948e+01 1.340678528839419903e-01 -6.366767633983528851e-01
6.881978898842596948e+01 1.340678528839419903e-01 -6.366767633983528851e-01
6.881978898842596948e+01 1.340678528839419903e-01 -6.366767633983528851e-01
6.881978898842596948e+01 1.340678528839419903e-01 -6.366767633983528851e-01
6.881978898842596948e+01 1.340678528839419903e-01 -6.366767633983528851e-01
6.881978898842596948e+01 1.340678528839419903e-01 -6.366767633983528851e-01
6.881978898842596948e+01 1.340678528839419903e-01 -6.366767633983528851e-01
6.881978898842596948e+01 1.340678528839419903e-01 -6.366767633983528851e-01
6.881978898842596948e+01 1.340678528839419903e-01 -6.366767633983528851e-01
6.881978898842596948e+01 1.340678528839419903e-01 -6.366767633983528851e-01
6.881978898842596948e+01 1.340678528839419903e-01 -6.366767633983528851e-01
6.881978898842596948e+01 1.340678528839419903e-01 -6.366767633983528851e-01
6.881978898842596948e+01 1.340678528839419903e-01 -6.366767633983528851e-01
6.881978898842596948e+01 1.340678528839419903e-01 -6.366767633983528851e-01
6.881978898842596948e+01 1.340678528839419903e-01 -6.366767633983528851e-01
6.881978898842596948e+01 1.340678528839419903e-01 -6.366767633983528851e-01
6.881978898842596948e+01 1.340678528839419903e-01 -6.366767633983528851e-01
6.847992778807962111e+01 1.430632766661116551e-01 -5.840225641629657183e-01
6.847992778807962111e+01 1.430632766661116551e-01 -5.840225641629657183e-01
6.847992778807962111e+01 1.430632766661116551e-01 -5.840225641629657183e-01
6.847992778807962111e+01 1.430632766661116551e-01 -5.840225641629657183e-01
6.847992778807962111e+01 1.430632766661116551e-01 -5.840225641629657183e-01
6.847992778807962111e+01 1.430632766661116551e-01 -5.840225641629657183e-01
6.847992778807962111e+01 1.430632766661116551e-01 -5.840225641629657183e-01
6.847992778807962111e+01 1.430632766661116551e-01 -5.840225641629657183e-01
6.876355262547333780e+01 1.901423383180686488e-01 -6.549730494278821480e-01
6.876355262547333780e+01 1.901423383180686488e-01 -6.549730494278821480e-01
6.876355262547333780e+01 1.901423383180686488e-01 -6.549730494278821480e-01
6.876355262547333780e+01 1.901423383180686488e-01 -6.549730494278821480e-01
6.876355262547333780e+01 1.901423383180686488e-01 -6.549730494278821480e-01
6.989604131117221186e+01 1.787470428935911959e-01 -7.484694237098263869e-01
6.989604131117221186e+01 1.787470428935911959e-01 -7.484694237098263869e-01
6.989604131117221186e+01 1.787470428935911959e-01 -7.484694237098263869e-01
6.989604131117221186e+01 1.787470428935911959e-01 -7.484694237098263869e-01
6.807584682765882178e+01 2.108240066575781113e-01 -7.155394287371605877e-01
6.807584682765882178e+01 2.108240066575781113e-01 -7.155394287371605877e-01
6.807584682765882178e+01 2.108240066575781113e-01 -7.155394287371605877e-01
6.807584682765882178e+01 2.108240066575781113e-01 -7.155394287371605877e-01
6.807584682765882178e+01 2.108240066575781113e-01 -7.155394287371605877e-01
6.968417283112205496e+01 2.409527997087012319e-01 -7.653377900289001223e-01
6.968417283112205496e+01 2.409527997087012319e-01 -7.653377900289001223e-01
6.968417283112205496e+01 2.409527997087012319e-01 -7.653377900289001223e-01
6.968417283112205496e+01 2.409527997087012319e-01 -7.653377900289001223e-01
6.968417283112205496e+01 2.409527997087012319e-01 -7.653377900289001223e-01
6.822960411587384044e+01 2.258854682487557441e-01 -8.253439151996269096e-01
6.848951396623354526e+01 3.162785450437436419e-01 -9.751652179083650784e-01
6.848951396623354526e+01 3.162785450437436419e-01 -9.751652179083650784e-01
6.850526148758643785e+01 3.550998585023756871e-01 -1.100167898905485497e+00
6.788479516740940767e+01 4.138465388975852699e-01 -1.070171246530408737e+00
6.788479516740940767e+01 4.138465388975852699e-01 -1.070171246530408737e+00
6.788479516740940767e+01 4.138465388975852699e-01 -1.070171246530408737e+00
6.788479516740940767e+01 4.138465388975852699e-01 -1.070171246530408737e+00
6.788479516740940767e+01 4.138465388975852699e-01 -1.070171246530408737e+00
6.788479516740940767e+01 4.138465388975852699e-01 -1.070171246530408737e+00
6.788479516740940767e+01 4.138465388975852699e-01 -1.070171246530408737e+00
7.061824282944867548e+01 3.992495500001035924e-01 -1.265003988381000033e+00
7.061824282944867548e+01 3.992495500001035924e-01 -1.265003988381000033e+00
7.061824282944867548e+01 3.992495500001035924e-01 -1.265003988381000033e+00
7.061824282944867548e+01 3.992495500001035924e-01 -1.265003988381000033e+00
7.061824282944867548e+01 3.992495500001035924e-01 -1.265003988381000033e+00
7.061824282944867548e+01 3.992495500001035924e-01 -1.265003988381000033e+00
7.061824282944867548e+01 3.992495500001035924e-01 -1.265003988381000033e+00
7.058765021845002252e+01 3.703481607825925281e-01 -1.211786125239977974e+00
7.004405479157158254e+01 3.594414694200188110e-01 -1.281077801798208959e+00
7.004405479157158254e+01 3.594414694200188110e-01 -1.281077801798208959e+00
7.004405479157158254e+01 3.594414694200188110e-01 -1.281077801798208959e+00
7.004405479157158254e+01 3.594414694200188110e-01 -1.281077801798208959e+00
7.004405479157158254e+01 3.594414694200188110e-01 -1.281077801798208959e+00
7.098095853521139986e+01 3.360660651150460532e-01 -1.190863376916606819e+00
7.098095853521139986e+01 3.360660651150460532e-01 -1.190863376916606819e+00
7.098095853521139986e+01 3.360660651150460532e-01 -1.190863376916606819e+00
7.115115436405658045e+01 3.144579856393929229e-01 -1.105228935467354345e+00
7.115115436405658045e+01 3.144579856393929229e-01 -1.105228935467354345e+00
7.115115436405658045e+01 3.144579856393929229e-01 -1.105228935467354345e+00
7.115115436405658045e+01 3.144579856393929229e-01 -1.105228935467354345e+00
7.115115436405658045e+01 3.144579856393929229e-01 -1.105228935467354345e+00
7.115115436405658045e+01 3.144579856393929229e-01 -1.105228935467354345e+00
7.115115436405658045e+01 3.144579856393929229e-01 -1.105228935467354345e+00
7.115115436405658045e+01 3.144579856393929229e-01 -1.105228935467354345e+00
7.115115436405658045e+01 3.144579856393929229e-01 -1.105228935467354345e+00
7.115115436405658045e+01 3.144579856393929229e-01 -1.105228935467354345e+00
7.057012151285293555e+01 3.099339378890015317e-01 -1.021147848023253202e+00
7.057012151285293555e+01 3.099339378890015317e-01 -1.021147848023253202e+00
7.057012151285293555e+01 3.099339378890015317e-01 -1.021147848023253202e+00
7.057012151285293555e+01 3.099339378890015317e-01 -1.021147848023253202e+00
7.021058259586980910e+01 3.089738494026061377e-01 -1.031951369683134390e+00
7.024464902156978496e+01 3.115788459377821229e-01 -1.096347031264385485e+00
7.024464902156978496e+01 3.115788459377821229e-01 -1.096347031264385485e+00
7.173283471706444914e+01 3.056528454739733669e-01 -1.150028709899175494e+00
7.173283471706444914e+01 3.056528454739733669e-01 -1.150028709899175494e+00
7.075806708096456532e+01 3.272374895732759748e-01 -1.079967006379518812e+00
7.075806708096456532e+01 3.272374895732759748e-01 -1.079967006379518812e+00
7.075806708096456532e+01 3.272374895732759748e-01 -1.079967006379518812e+00
7.075806708096456532e+01 3.272374895732759748e-01 -1.079967006379518812e+00
7.075806708096456532e+01 3.272374895732759748e-01 -1.079967006379518812e+00
7.075806708096456532e+01 3.272374895732759748e-01 -1.079967006379518812e+00
7.075057956124774705e+01 2.971582392922515470e-01 -1.039381824354312034e+00
7.075057956124774705e+01 2.971582392922515470e-01 -1.039381824354312034e+00
7.075057956124774705e+01 2.971582392922515470e-01 -1.039381824354312034e+00
7.075057956124774705e+01 2.971582392922515470e-01 -1.039381824354312034e+00
7.075057956124774705e+01 2.971582392922515470e-01 -1.039381824354312034e+00
7.075057956124774705e+01 2.971582392922515470e-01 -1.039381824354312034e+00
7.075057956124774705e+01 2.971582392922515470e-01 -1.039381824354312034e+00
7.075057956124774705e+01 2.971582392922515470e-01 -1.039381824354312034e+00
7.075057956124774705e+01 2.971582392922515470e-01 -1.039381824354312034e+00
7.139518850616043721e+01 2.855048514002569982e-01 -1.033352944134562579e+00
7.139518850616043721e+01 2.855048514002569982e-01 -1.033352944134562579e+00
7.100020526392417253e+01 2.756927302953709469e-01 -1.102137844080411710e+00
7.100020526392417253e+01 2.756927302953709469e-01 -1.102137844080411710e+00
7.100020526392417253e+01 2.756927302953709469e-01 -1.102137844080411710e+00
7.072363870313876077e+01 2.739922665879819808e-01 -9.770656789731528846e-01
7.072363870313876077e+01 2.739922665879819808e-01 -9.770656789731528846e-01
7.072363870313876077e+01 2.739922665879819808e-01 -9.770656789731528846e-01
7.072363870313876077e+01 2.739922665879819808e-01 -9.770656789731528846e-01
7.072363870313876077e+01 2.739922665879819808e-01 -9.770656789731528846e-01
7.072363870313876077e+01 2.739922665879819808e-01 -9.770656789731528846e-01
7.072363870313876077e+01 2.739922665879819808e-01 -9.770656789731528846e-01
7.072363870313876077e+01 2.739922665879819808e-01 -9.770656789731528846e-01
6.995639456819868940e+01 2.709240484184792241e-01 -9.511097594654787102e-01
6.995639456819868940e+01 2.709240484184792241e-01 -9.511097594654787102e-01
6.995639456819868940e+01 2.709240484184792241e-01 -9.511097594654787102e-01
6.995639456819868940e+01 2.709240484184792241e-01 -9.511097594654787102e-01
6.900614103790817921e+01 3.403531449959797395e-01 -9.748674778309599498e-01
6.900614103790817921e+01 3.403531449959797395e-01 -9.748674778309599498e-01
6.900614103790817921e+01 3.403531449959797395e-01 -9.748674778309599498e-01
6.836430151622477069e+01 3.329002482873829605e-01 -1.010486725131912955e+00
6.836430151622477069e+01 3.329002482873829605e-01 -1.010486725131912955e+00
6.836430151622477069e+01 3.329002482873829605e-01 -1.010486725131912955e+00
6.870706794144024343e+01 2.892740928927541866e-01 -9.683493405359983042e-01
6.905973309203699273e+01 3.447018595800807050e-01 -9.290964961760432850e-01
7.004010593734136592e+01 2.974930177917381457e-01 -9.066319232707941156e-01
6.790075940647443531e+01 3.516084774979666427e-01 -8.996405302208074772e-01
6.790075940647443531e+01 3.516084774979666427e-01 -8.996405302208074772e-01
6.805067330485658772e+01 2.675959113130653710e-01 -7.891439485111546581e-01
6.805067330485658772e+01 2.675959113130653710e-01 -7.891439485111546581e-01
6.805067330485658772e+01 2.675959113130653710e-01 -7.891439485111546581e-01
6.805067330485658772e+01 2.675959113130653710e-01 -7.891439485111546581e-01
6.805067330485658772e+01 2.675959113130653710e-01 -7.891439485111546581e-01
6.805067330485658772e+01 2.675959113130653710e-01 -7.891439485111546581e-01
6.805067330485658772e+01 2.675959113130653710e-01 -7.891439485111546581e-01
6.805067330485658772e+01 2.675959113130653710e-01 -7.891439485111546581e-01
6.805067330485658772e+01 2.675959113130653710e-01 -7.891439485111546581e-01
6.805067330485658772e+01 2.675959113130653710e-01 -7.891439485111546581e-01
6.805067330485658772e+01 2.675959113130653710e-01 -7.891439485111546581e-01
6.813638485057737171e+01 2.398967556832892756e-01 -8.068219389873843017e-01
6.733715524120663076e+01 1.604838827712171678e-01 -6.236281061336701459e-01
6.733715524120663076e+01 1.604838827712171678e-01 -6.236281061336701459e-01
6.887346318235103126e+01 1.975359705636668961e-01 -6.959920007208415527e-01
6.887346318235103126e+01 1.975359705636668961e-01 -6.959920007208415527e-01
6.887346318235103126e+01 1.975359705636668961e-01 -6.959920007208415527e-01
6.830952834576939381e+01 1.791859105657201412e-01 -7.015123320456804201e-01
6.830952834576939381e+01 1.791859105657201412e-01 -7.015123320456804201e-01
6.830952834576939381e+01 1.791859105657201412e-01 -7.015123320456804201e-01
6.830952834576939381e+01 1.791859105657201412e-01 -7.015123320456804201e-01
6.797301319801488262e+01 1.762554377415663509e-01 -6.008034260948299510e-01
6.860393106410857911e+01 1.461453022647459243e-01 -6.591779943461266722e-01
6.860393106410857911e+01 1.461453022647459243e-01 -6.591779943461266722e-01
6.860393106410857911e+01 1.461453022647459243e-01 -6.591779943461266722e-01
6.860393106410857911e+01 1.461453022647459243e-01 -6.591779943461266722e-01
6.868244294926991245e+01 1.815002554862746587e-01 -6.690803133763805199e-01
6.828059010042005639e+01 1.452108180347909672e-01 -6.281644154877076280e-01
6.828059010042005639e+01 1.452108180347909672e-01 -6.281644154877076280e-01
6.828059010042005639e+01 1.452108180347909672e-01 -6.281644154877076280e-01
7.032876919231270563e+01 7.689887030143166546e-02 -6.129118612909619790e-01
7.032876919231270563e+01 7.689887030143166546e-02 -6.129118612909619790e-01
7.032876919231270563e+01 7.689887030143166546e-02 -6.129118612909619790e-01
7.032876919231270563e+01 7.689887030143166546e-02 -6.129118612909619790e-01
6.875829516605794822e+01 9.856049552476145448e-02 -6.516138925640101442e-01
6.875829516605794822e+01 9.856049552476145448e-02 -6.516138925640101442e-01
6.875829516605794822e+01 9.856049552476145448e-02 -6.516138925640101442e-01
6.783185935615195206e+01 1.172432546843610035e-01 -5.935044584854549665e-01
6.811569324798081482e+01 1.237805745345906955e-01 -6.310886986540521493e-01
6.811569324798081482e+01 1.237805745345906955e-01 -6.310886986540521493e-01
6.811569324798081482e+01 1.237805745345906955e-01 -6.310886986540521493e-01
6.834087460606326658e+01 1.500194023161944834e-01 -6.172739474611003141e-01
6.834087460606326658e+01 1.500194023161944834e-01 -6.172739474611003141e-01
6.834087460606326658e+01 1.500194023161944834e-01 -6.172739474611003141e-01
6.834087460606326658e+01 1.500194023161944834e-01 -6.172739474611003141e-01
6.834087460606326658e+01 1.500194023161944834e-01 -6.172739474611003141e-01
6.834087460606326658e+01 1.500194023161944834e-01 -6.172739474611003141e-01
6.834087460606326658e+01 1.500194023161944834e-01 -6.172739474611003141e-01
7.017730895678141678e+01 9.484711768439843538e-02 -6.576949840457427809e-01
7.017730895678141678e+01 9.484711768439843538e-02 -6.576949840457427809e-01
7.017730895678141678e+01 9.484711768439843538e-02 -6.576949840457427809e-01
7.017730895678141678e+01 9.484711768439843538e-02 -6.576949840457427809e-01
7.017730895678141678e+01 9.484711768439843538e-02 -6.576949840457427809e-01
7.017730895678141678e+01 9.484711768439843538e-02 -6.576949840457427809e-01
7.017730895678141678e+01 9.484711768439843538e-02 -6.576949840457427809e-01
7.017730895678141678e+01 9.484711768439843538e-02 -6.576949840457427809e-01
7.017730895678141678e+01 9.484711768439843538e-02 -6.576949840457427809e-01
7.017730895678141678e+01 9.484711768439843538e-02 -6.576949840457427809e-01
7.017730895678141678e+01 9.484711768439843538e-02 -6.576949840457427809e-01
7.017730895678141678e+01 9.484711768439843538e-02 -6.576949840457427809e-01
6.896494296887212272e+01 6.076110533876944581e-02 -5.607833022075746632e-01
6.896494296887212272e+01 6.076110533876944581e-02 -5.607833022075746632e-01
6.896494296887212272e+01 6.076110533876944581e-02 -5.607833022075746632e-01
6.896494296887212272e+01 6.076110533876944581e-02 -5.607833022075746632e-01
6.896494296887212272e+01 6.076110533876944581e-02 -5.607833022075746632e-01
6.896494296887212272e+01 6.076110533876944581e-02 -5.607833022075746632e-01
6.896494296887212272e+01 6.076110533876944581e-02 -5.607833022075746632e-01
6.896494296887212272e+01 6.076110533876944581e-02 -5.607833022075746632e-01
6.896494296887212272e+01 6.076110533876944581e-02 -5.607833022075746632e-01
6.896494296887212272e+01 6.076110533876944581e-02 -5.607833022075746632e-01
6.896494296887212272e+01 6.076110533876944581e-02 -5.607833022075746632e-01
6.896494296887212272e+01 6.076110533876944581e-02 -5.607833022075746632e-01
6.896494296887212272e+01 6.076110533876944581e-02 -5.607833022075746632e-01
6.896494296887212272e+01 6.076110533876944581e-02 -5.607833022075746632e-01
6.896494296887212272e+01 6.076110533876944581e-02 -5.607833022075746632e-01
6.896494296887212272e+01 6.076110533876944581e-02 -5.607833022075746632e-01
6.789727564509838942e+01 1.098569115905767696e-01 -6.001896298561941734e-01
6.789727564509838942e+01 1.098569115905767696e-01 -6.001896298561941734e-01
6.789727564509838942e+01 1.098569115905767696e-01 -6.001896298561941734e-01
6.789727564509838942e+01 1.098569115905767696e-01 -6.001896298561941734e-01
6.805730566398641201e+01 6.131374953715276049e-02 -5.291070699235651542e-01
6.805730566398641201e+01 6.131374953715276049e-02 -5.291070699235651542e-01
6.805730566398641201e+01 6.131374953715276049e-02 -5.291070699235651542e-01
6.805730566398641201e+01 6.131374953715276049e-02 -5.291070699235651542e-01
6.805730566398641201e+01 6.131374953715276049e-02 -5.291070699235651542e-01
6.805730566398641201e+01 6.131374953715276049e-02 -5.291070699235651542e-01
6.792917485299221880e+01 9.044282634336635318e-02 -5.637728439802129898e-01
6.792917485299221880e+01 9.044282634336635318e-02 -5.637728439802129898e-01
6.792917485299221880e+01 9.044282634336635318e-02 -5.637728439802129898e-01
6.792917485299221880e+01 9.044282634336635318e-02 -5.637728439802129898e-01
6.792917485299221880e+01 9.044282634336635318e-02 -5.637728439802129898e-01
6.792917485299221880e+01 9.044282634336635318e-02 -5.637728439802129898e-01
6.792917485299221880e+01 9.044282634336635318e-02 -5.637728439802129898e-01
6.792917485299221880e+01 9.044282634336635318e-02 -5.637728439802129898e-01
6.792917485299221880e+01 9.044282634336635318e-02 -5.637728439802129898e-01
6.792917485299221880e+01 9.044282634336635318e-02 -5.637728439802129898e-01
6.792917485299221880e+01 9.044282634336635318e-02 -5.637728439802129898e-01
6.792917485299221880e+01 9.044282634336635318e-02 -5.637728439802129898e-01
6.792917485299221880e+01 9.044282634336635318e-02 -5.637728439802129898e-01
6.829347579541507685e+01 7.781589043829678642e-02 -5.885526962440630339e-01
6.945453762506431872e+01 8.731611432276939477e-02 -6.846681465274054856e-01
7.016620976351514116e+01 6.860709646727672362e-02 -5.927526425846981750e-01
7.016620976351514116e+01 6.860709646727672362e-02 -5.927526425846981750e-01
7.008180178178861297e+01 1.045115657890328120e-01 -6.466616990564816314e-01
7.008180178178861297e+01 1.045115657890328120e-01 -6.466616990564816314e-01
7.008180178178861297e+01 1.045115657890328120e-01 -6.466616990564816314e-01
7.008180178178861297e+01 1.045115657890328120e-01 -6.466616990564816314e-01
7.008180178178861297e+01 1.045115657890328120e-01 -6.466616990564816314e-01
6.817985414503726815e+01 1.190546045806772091e-01 -5.843866157965156294e-01
6.817985414503726815e+01 1.190546045806772091e-01 -5.843866157965156294e-01
6.817985414503726815e+01 1.190546045806772091e-01 -5.843866157965156294e-01
6.817985414503726815e+01 1.190546045806772091e-01 -5.843866157965156294e-01
6.817985414503726815e+01 1.190546045806772091e-01 -5.843866157965156294e-01
6.817985414503726815e+01 1.190546045806772091e-01 -5.843866157965156294e-01
6.817985414503726815e+01 1.190546045806772091e-01 -5.843866157965156294e-01
6.817985414503726815e+01 1.190546045806772091e-01 -5.843866157965156294e-01
6.817985414503726815e+01 1.190546045806772091e-01 -5.843866157965156294e-01
6.940730872700471821e+01 1.069402546124432613e-01 -6.151129043459122592e-01
6.940730872700471821e+01 1.069402546124432613e-01 -6.151129043459122592e-01
6.940730872700471821e+01 1.069402546124432613e-01 -6.151129043459122592e-01
6.940730872700471821e+01 1.069402546124432613e-01 -6.151129043459122592e-01
6.940730872700471821e+01 1.069402546124432613e-01 -6.151129043459122592e-01
6.940730872700471821e+01 1.069402546124432613e-01 -6.151129043459122592e-01
6.940730872700471821e+01 1.069402546124432613e-01 -6.151129043459122592e-01
6.940730872700471821e+01 1.069402546124432613e-01 -6.151129043459122592e-01
6.940730872700471821e+01 1.069402546124432613e-01 -6.151129043459122592e-01
7.039336607731425488e+01 8.891663963739659948e-02 -6.465585648041209943e-01
7.039336607731425488e+01 8.891663963739659948e-02 -6.465585648041209943e-01
7.039336607731425488e+01 8.891663963739659948e-02 -6.465585648041209943e-01
7.039336607731425488e+01 8.891663963739659948e-02 -6.465585648041209943e-01
6.984697655686333917e+01 8.758285416657030087e-02 -6.270218699783645100e-01
6.984697655686333917e+01 8.758285416657030087e-02 -6.270218699783645100e-01
6.984697655686333917e+01 8.758285416657030087e-02 -6.270218699783645100e-01
6.984697655686333917e+01 8.758285416657030087e-02 -6.270218699783645100e-01
6.984697655686333917e+01 8.758285416657030087e-02 -6.270218699783645100e-01
6.984697655686333917e+01 8.758285416657030087e-02 -6.270218699783645100e-01
6.984697655686333917e+01 8.758285416657030087e-02 -6.270218699783645100e-01
6.984697655686333917e+01 8.758285416657030087e-02 -6.270218699783645100e-01
6.984697655686333917e+01 8.758285416657030087e-02 -6.270218699783645100e-01
6.984697655686333917e+01 8.758285416657030087e-02 -6.270218699783645100e-01
6.927890577225448965e+01 1.062297714568644913e-01 -6.594024507032540949e-01
6.927890577225448965e+01 1.062297714568644913e-01 -6.594024507032540949e-01
6.927890577225448965e+01 1.062297714568644913e-01 -6.594024507032540949e-01
6.927890577225448965e+01 1.062297714568644913e-01 -6.594024507032540949e-01
6.927890577225448965e+01 1.062297714568644913e-01 -6.594024507032540949e-01
6.927890577225448965e+01 1.062297714568644913e-01 -6.594024507032540949e-01
6.927890577225448965e+01 1.062297714568644913e-01 -6.594024507032540949e-01
6.951390670052552423e+01 1.319552537921106494e-01 -6.406181014078893288e-01
6.951390670052552423e+01 1.319552537921106494e-01 -6.406181014078893288e-01
6.951390670052552423e+01 1.319552537921106494e-01 -6.406181014078893288e-01
6.970640134310494318e+01 7.089099960285746849e-02 -5.896253924661346568e-01
6.970640134310494318e+01 7.089099960285746849e-02 -5.896253924661346568e-01
6.970640134310494318e+01 7.089099960285746849e-02 -5.896253924661346568e-01
6.970640134310494318e+01 7.089099960285746849e-02 -5.896253924661346568e-01
6.970640134310494318e+01 7.089099960285746849e-02 -5.896253924661346568e-01
6.970640134310494318e+01 7.089099960285746849e-02 -5.896253924661346568e-01
6.970640134310494318e+01 7.089099960285746849e-02 -5.896253924661346568e-01
6.970640134310494318e+01 7.089099960285746849e-02 -5.896253924661346568e-01
6.970640134310494318e+01 7.089099960285746849e-02 -5.896253924661346568e-01
6.970640134310494318e+01 7.089099960285746849e-02 -5.896253924661346568e-01
6.970640134310494318e+01 7.089099960285746849e-02 -5.896253924661346568e-01
6.970640134310494318e+01 7.089099960285746849e-02 -5.896253924661346568e-01
6.970640134310494318e+01 7.089099960285746849e-02 -5.896253924661346568e-01
6.970640134310494318e+01 7.089099960285746849e-02 -5.896253924661346568e-01
6.970640134310494318e+01 7.089099960285746849e-02 -5.896253924661346568e-01
6.970640134310494318e+01 7.089099960285746849e-02 -5.896253924661346568e-01
6.861368775930263553e+01 9.185516227684552282e-02 -6.248827119566278121e-01
6.861368775930263553e+01 9.185516227684552282e-02 -6.248827119566278121e-01
6.861368775930263553e+01 9.185516227684552282e-02 -6.248827119566278121e-01
6.861368775930263553e+01 9.185516227684552282e-02 -6.248827119566278121e-01
6.861368775930263553e+01 9.185516227684552282e-02 -6.248827119566278121e-01
6.861368775930263553e+01 9.185516227684552282e-02 -6.248827119566278121e-01
6.818844549679693046e+01 1.576702906094688550e-01 -5.971443467597253862e-01
6.818844549679693046e+01 1.576702906094688550e-01 -5.971443467597253862e-01
6.818844549679693046e+01 1.576702906094688550e-01 -5.971443467597253862e-01
6.818844549679693046e+01 1.576702906094688550e-01 -5.971443467597253862e-01
6.876776616644117723e+01 1.740834455742864550e-01 -6.916742648618149358e-01
6.876776616644117723e+01 1.740834455742864550e-01 -6.916742648618149358e-01
6.876776616644117723e+01 1.740834455742864550e-01 -6.916742648618149358e-01
6.876776616644117723e+01 1.740834455742864550e-01 -6.916742648618149358e-01
6.866111877380629380e+01 1.973770972226841225e-01 -6.875986372081318576e-01
6.866111877380629380e+01 1.973770972226841225e-01 -6.875986372081318576e-01
7.045378228413777322e+01 1.155655619964139486e-01 -6.953888750564255483e-01
7.045378228413777322e+01 1.155655619964139486e-01 -6.953888750564255483e-01
7.045378228413777322e+01 1.155655619964139486e-01 -6.953888750564255483e-01
7.045378228413777322e+01 1.155655619964139486e-01 -6.953888750564255483e-01
7.045378228413777322e+01 1.155655619964139486e-01 -6.953888750564255483e-01
7.045378228413777322e+01 1.155655619964139486e-01 -6.953888750564255483e-01
7.045378228413777322e+01 1.155655619964139486e-01 -6.953888750564255483e-01
6.999797348999824464e+01 1.068071164906175818e-01 -7.100665903349858699e-01
6.999797348999824464e+01 1.068071164906175818e-01 -7.100665903349858699e-01
6.999797348999824464e+01 1.068071164906175818e-01 -7.100665903349858699e-01
6.999797348999824464e+01 1.068071164906175818e-01 -7.100665903349858699e-01
6.999797348999824464e+01 1.068071164906175818e-01 -7.100665903349858699e-01
6.999797348999824464e+01 1.068071164906175818e-01 -7.100665903349858699e-01
6.999797348999824464e+01 1.068071164906175818e-01 -7.100665903349858699e-01
6.999797348999824464e+01 1.068071164906175818e-01 -7.100665903349858699e-01
7.142664003084685476e+01 9.268410743243840622e-02 -7.078959641636656253e-01
7.142664003084685476e+01 9.268410743243840622e-02 -7.078959641636656253e-01
7.142664003084685476e+01 9.268410743243840622e-02 -7.078959641636656253e-01
7.142664003084685476e+01 9.268410743243840622e-02 -7.078959641636656253e-01
7.142664003084685476e+01 9.268410743243840622e-02 -7.078959641636656253e-01
7.142664003084685476e+01 9.268410743243840622e-02 -7.078959641636656253e-01
7.142664003084685476e+01 9.268410743243840622e-02 -7.078959641636656253e-01
7.142664003084685476e+01 9.268410743243840622e-02 -7.078959641636656253e-01
7.142664003084685476e+01 9.268410743243840622e-02 -7.078959641636656253e-01
7.142664003084685476e+01 9.268410743243840622e-02 -7.078959641636656253e-01
7.142664003084685476e+01 9.268410743243840622e-02 -7.078959641636656253e-01
7.142664003084685476e+01 9.268410743243840622e-02 -7.078959641636656253e-01
7.142664003084685476e+01 9.268410743243840622e-02 -7.078959641636656253e-01
7.054703766509038587e+01 5.241795613535886467e-02 -6.698765504201511511e-01
7.054703766509038587e+01 5.241795613535886467e-02 -6.698765504201511511e-01
7.054703766509038587e+01 5.241795613535886467e-02 -6.698765504201511511e-01
6.994600497444808695e+01 7.996602934454566380e-02 -5.885999946159430340e-01
6.994600497444808695e+01 7.996602934454566380e-02 -5.885999946159430340e-01
6.994600497444808695e+01 7.996602934454566380e-02 -5.885999946159430340e-01
6.910298168660146700e+01 8.887953795951310243e-02 -6.115574325710215753e-01
6.910298168660146700e+01 8.887953795951310243e-02 -6.115574325710215753e-01
6.910298168660146700e+01 8.887953795951310243e-02 -6.115574325710215753e-01
6.910298168660146700e+01 8.887953795951310243e-02 -6.115574325710215753e-01
6.910298168660146700e+01 8.887953795951310243e-02 -6.115574325710215753e-01
6.910298168660146700e+01 8.887953795951310243e-02 -6.115574325710215753e-01
6.910298168660146700e+01 8.887953795951310243e-02 -6.115574325710215753e-01
6.910298168660146700e+01 8.887953795951310243e-02 -6.115574325710215753e-01
6.910298168660146700e+01 8.887953795951310243e-02 -6.115574325710215753e-01
6.910298168660146700e+01 8.887953795951310243e-02 -6.115574325710215753e-01
6.910298168660146700e+01 8.887953795951310243e-02 -6.115574325710215753e-01
6.910298168660146700e+01 8.887953795951310243e-02 -6.115574325710215753e-01
6.910298168660146700e+01 8.887953795951310243e-02 -6.115574325710215753e-01
6.880148666192161500e+01 1.018133580630922186e-01 -5.996224141718782263e-01
6.880148666192161500e+01 1.018133580630922186e-01 -5.996224141718782263e-01
6.880148666192161500e+01 1.018133580630922186e-01 -5.996224141718782263e-01
6.880148666192161500e+01 1.018133580630922186e-01 -5.996224141718782263e-01
6.880148666192161500e+01 1.018133580630922186e-01 -5.996224141718782263e-01
6.880148666192161500e+01 1.018133580630922186e-01 -5.996224141718782263e-01
6.971043305581190452e+01 7.034246056629339661e-02 -6.285979812720874360e-01
6.971043305581190452e+01 7.034246056629339661e-02 -6.285979812720874360e-01
7.007247881073313067e+01 8.306415671374584031e-02 -6.137438686958661682e-01
7.007247881073313067e+01 8.306415671374584031e-02 -6.137438686958661682e-01
7.007247881073313067e+01 8.306415671374584031e-02 -6.137438686958661682e-01
7.007247881073313067e+01 8.306415671374584031e-02 -6.137438686958661682e-01
7.007247881073313067e+01 8.306415671374584031e-02 -6.137438686958661682e-01
7.007247881073313067e+01 8.306415671374584031e-02 -6.137438686958661682e-01
7.007247881073313067e+01 8.306415671374584031e-02 -6.137438686958661682e-01
7.007247881073313067e+01 8.306415671374584031e-02 -6.137438686958661682e-01
7.007247881073313067e+01 8.306415671374584031e-02 -6.137438686958661682e-01
7.007247881073313067e+01 8.306415671374584031e-02 -6.137438686958661682e-01
7.036454094077069499e+01 9.516208351874819171e-02 -6.333150740990083349e-01
6.931231591459865626e+01 1.652166371372369158e-01 -6.542611700655277529e-01
7.039606556887460442e+01 1.862851131582242692e-01 -8.066405165218928364e-01
7.039606556887460442e+01 1.862851131582242692e-01 -8.066405165218928364e-01
7.039606556887460442e+01 1.862851131582242692e-01 -8.066405165218928364e-01
7.039606556887460442e+01 1.862851131582242692e-01 -8.066405165218928364e-01
7.039606556887460442e+01 1.862851131582242692e-01 -8.066405165218928364e-01
7.039606556887460442e+01 1.862851131582242692e-01 -8.066405165218928364e-01
7.039606556887460442e+01 1.862851131582242692e-01 -8.066405165218928364e-01
7.039606556887460442e+01 1.862851131582242692e-01 -8.066405165218928364e-01
6.964545207641684499e+01 1.440806018441802561e-01 -6.613267255799850641e-01
6.964545207641684499e+01 1.440806018441802561e-01 -6.613267255799850641e-01
6.964545207641684499e+01 1.440806018441802561e-01 -6.613267255799850641e-01
6.984914310518941249e+01 9.379338103356055223e-02 -6.573245364738585783e-01
6.984914310518941249e+01 9.379338103356055223e-02 -6.573245364738585783e-01
6.984914310518941249e+01 9.379338103356055223e-02 -6.573245364738585783e-01
6.984914310518941249e+01 9.379338103356055223e-02 -6.573245364738585783e-01
6.984914310518941249e+01 9.379338103356055223e-02 -6.573245364738585783e-01
6.984914310518941249e+01 9.379338103356055223e-02 -6.573245364738585783e-01
6.984914310518941249e+01 9.379338103356055223e-02 -6.573245364738585783e-01
6.984914310518941249e+01 9.379338103356055223e-02 -6.573245364738585783e-01
6.984914310518941249e+01 9.379338103356055223e-02 -6.573245364738585783e-01
6.984914310518941249e+01 9.379338103356055223e-02 -6.573245364738585783e-01
6.984914310518941249e+01 9.379338103356055223e-02 -6.573245364738585783e-01
6.984914310518941249e+01 9.379338103356055223e-02 -6.573245364738585783e-01
6.984914310518941249e+01 9.379338103356055223e-02 -6.573245364738585783e-01
6.984914310518941249e+01 9.379338103356055223e-02 -6.573245364738585783e-01
6.984914310518941249e+01 9.379338103356055223e-02 -6.573245364738585783e-01
6.984914310518941249e+01 9.379338103356055223e-02 -6.573245364738585783e-01
6.984914310518941249e+01 9.379338103356055223e-02 -6.573245364738585783e-01
6.984914310518941249e+01 9.379338103356055223e-02 -6.573245364738585783e-01
6.984914310518941249e+01 9.379338103356055223e-02 -6.573245364738585783e-01
6.984914310518941249e+01 9.379338103356055223e-02 -6.573245364738585783e-01
6.984914310518941249e+01 9.379338103356055223e-02 -6.573245364738585783e-01
6.984914310518941249e+01 9.379338103356055223e-02 -6.573245364738585783e-01
6.984914310518941249e+01 9.379338103356055223e-02 -6.573245364738585783e-01
6.984914310518941249e+01 9.379338103356055223e-02 -6.573245364738585783e-01
6.872118772976047296e+01 1.023255410440748886e-01 -6.144551490011258554e-01
6.872118772976047296e+01 1.023255410440748886e-01 -6.144551490011258554e-01
6.995650950841591964e+01 8.848272797268304235e-02 -6.403736652914776561e-01
6.995650950841591964e+01 8.848272797268304235e-02 -6.403736652914776561e-01
6.995650950841591964e+01 8.848272797268304235e-02 -6.403736652914776561e-01
6.995650950841591964e+01 8.848272797268304235e-02 -6.403736652914776561e-01
7.016326218905892631e+01 1.090597913053463625e-01 -7.012506579106043691e-01
7.016326218905892631e+01 1.090597913053463625e-01 -7.012506579106043691e-01
7.016326218905892631e+01 1.090597913053463625e-01 -7.012506579106043691e-01
7.016326218905892631e+01 1.090597913053463625e-01 -7.012506579106043691e-01
7.016326218905892631e+01 1.090597913053463625e-01 -7.012506579106043691e-01
7.016326218905892631e+01 1.090597913053463625e-01 -7.012506579106043691e-01
7.016326218905892631e+01 1.090597913053463625e-01 -7.012506579106043691e-01
7.016326218905892631e+01 1.090597913053463625e-01 -7.012506579106043691e-01
7.016326218905892631e+01 1.090597913053463625e-01 -7.012506579106043691e-01
7.016326218905892631e+01 1.090597913053463625e-01 -7.012506579106043691e-01
7.016326218905892631e+01 1.090597913053463625e-01 -7.012506579106043691e-01
7.016326218905892631e+01 1.090597913053463625e-01 -7.012506579106043691e-01
7.016326218905892631e+01 1.090597913053463625e-01 -7.012506579106043691e-01
7.016326218905892631e+01 1.090597913053463625e-01 -7.012506579106043691e-01
7.016326218905892631e+01 1.090597913053463625e-01 -7.012506579106043691e-01
7.016326218905892631e+01 1.090597913053463625e-01 -7.012506579106043691e-01
7.016326218905892631e+01 1.090597913053463625e-01 -7.012506579106043691e-01
6.878544424634122834e+01 1.709466845635797538e-01 -7.348002620071426572e-01
6.878544424634122834e+01 1.709466845635797538e-01 -7.348002620071426572e-01
6.878544424634122834e+01 1.709466845635797538e-01 -7.348002620071426572e-01
6.878544424634122834e+01 1.709466845635797538e-01 -7.348002620071426572e-01
6.926271308773844737e+01 1.263012642181204903e-01 -6.771831044428616719e-01
6.926271308773844737e+01 1.263012642181204903e-01 -6.771831044428616719e-01
6.926271308773844737e+01 1.263012642181204903e-01 -6.771831044428616719e-01
6.926271308773844737e+01 1.263012642181204903e-01 -6.771831044428616719e-01
6.926271308773844737e+01 1.263012642181204903e-01 -6.771831044428616719e-01
6.926271308773844737e+01 1.263012642181204903e-01 -6.771831044428616719e-01
6.926271308773844737e+01 1.263012642181204903e-01 -6.771831044428616719e-01
6.926271308773844737e+01 1.263012642181204903e-01 -6.771831044428616719e-01
6.968343184291964576e+01 1.430708759083043624e-01 -7.355237557408735860e-01
6.968343184291964576e+01 1.430708759083043624e-01 -7.355237557408735860e-01
6.968343184291964576e+01 1.430708759083043624e-01 -7.355237557408735860e-01
7.032808518124164721e+01 1.109957093508178033e-01 -7.115284236561844056e-01
7.032808518124164721e+01 1.109957093508178033e-01 -7.115284236561844056e-01
7.032808518124164721e+01 1.109957093508178033e-01 -7.115284236561844056e-01
7.032808518124164721e+01 1.109957093508178033e-01 -7.115284236561844056e-01
7.032808518124164721e+01 1.109957093508178033e-01 -7.115284236561844056e-01
7.032808518124164721e+01 1.109957093508178033e-01 -7.115284236561844056e-01
7.032808518124164721e+01 1.109957093508178033e-01 -7.115284236561844056e-01
7.032808518124164721e+01 1.109957093508178033e-01 -7.115284236561844056e-01
7.032808518124164721e+01 1.109957093508178033e-01 -7.115284236561844056e-01
7.032808518124164721e+01 1.109957093508178033e-01 -7.115284236561844056e-01
7.032808518124164721e+01 1.109957093508178033e-01 -7.115284236561844056e-01
7.032808518124164721e+01 1.109957093508178033e-01 -7.115284236561844056e-01
7.032808518124164721e+01 1.109957093508178033e-01 -7.115284236561844056e-01
7.032808518124164721e+01 1.109957093508178033e-01 -7.115284236561844056e-01
7.032808518124164721e+01 1.109957093508178033e-01 -7.115284236561844056e-01
7.032808518124164721e+01 1.109957093508178033e-01 -7.115284236561844056e-01
7.032808518124164721e+01 1.109957093508178033e-01 -7.115284236561844056e-01
7.032808518124164721e+01 1.109957093508178033e-01 -7.115284236561844056e-01
7.032808518124164721e+01 1.109957093508178033e-01 -7.115284236561844056e-01
7.032808518124164721e+01 1.109957093508178033e-01 -7.115284236561844056e-01
7.032808518124164721e+01 1.109957093508178033e-01 -7.115284236561844056e-01
7.032808518124164721e+01 1.109957093508178033e-01 -7.115284236561844056e-01
7.032808518124164721e+01 1.109957093508178033e-01 -7.115284236561844056e-01
7.032808518124164721e+01 1.109957093508178033e-01 -7.115284236561844056e-01
7.032808518124164721e+01 1.109957093508178033e-01 -7.115284236561844056e-01
7.032808518124164721e+01 1.109957093508178033e-01 -7.115284236561844056e-01
7.032808518124164721e+01 1.109957093508178033e-01 -7.115284236561844056e-01
7.032808518124164721e+01 1.109957093508178033e-01 -7.115284236561844056e-01
7.032808518124164721e+01 1.109957093508178033e-01 -7.115284236561844056e-01
7.032808518124164721e+01 1.109957093508178033e-01 -7.115284236561844056e-01
7.032808518124164721e+01 1.109957093508178033e-01 -7.115284236561844056e-01
7.032808518124164721e+01 1.109957093508178033e-01 -7.115284236561844056e-01
7.032808518124164721e+01 1.109957093508178033e-01 -7.115284236561844056e-01
7.032808518124164721e+01 1.109957093508178033e-01 -7.115284236561844056e-01
7.032808518124164721e+01 1.109957093508178033e-01 -7.115284236561844056e-01
7.032808518124164721e+01 1.109957093508178033e-01 -7.115284236561844056e-01
7.032808518124164721e+01 1.109957093508178033e-01 -7.115284236561844056e-01
7.032808518124164721e+01 1.109957093508178033e-01 -7.115284236561844056e-01
7.032808518124164721e+01 1.109957093508178033e-01 -7.115284236561844056e-01
7.032808518124164721e+01 1.109957093508178033e-01 -7.115284236561844056e-01
7.032808518124164721e+01 1.109957093508178033e-01 -7.115284236561844056e-01
7.032808518124164721e+01 1.109957093508178033e-01 -7.115284236561844056e-01
7.032808518124164721e+01 1.109957093508178033e-01 -7.115284236561844056e-01
7.032808518124164721e+01 1.109957093508178033e-01 -7.115284236561844056e-01
7.032808518124164721e+01 1.109957093508178033e-01 -7.115284236561844056e-01
7.032808518124164721e+01 1.109957093508178033e-01 -7.115284236561844056e-01
7.032808518124164721e+01 1.109957093508178033e-01 -7.115284236561844056e-01
7.032808518124164721e+01 1.109957093508178033e-01 -7.115284236561844056e-01
7.032808518124164721e+01 1.109957093508178033e-01 -7.115284236561844056e-01
7.032808518124164721e+01 1.109957093508178033e-01 -7.115284236561844056e-01
7.032808518124164721e+01 1.109957093508178033e-01 -7.115284236561844056e-01
7.049228047499511263e+01 1.330486382560059078e-01 -7.123745461513196764e-01
7.049228047499511263e+01 1.330486382560059078e-01 -7.123745461513196764e-01
7.049228047499511263e+01 1.330486382560059078e-01 -7.123745461513196764e-01
7.049228047499511263e+01 1.330486382560059078e-01 -7.123745461513196764e-01
7.049228047499511263e+01 1.330486382560059078e-01 -7.123745461513196764e-01
7.073833554330956019e+01 1.593106967124852946e-01 -7.947202726544961848e-01
7.073833554330956019e+01 1.593106967124852946e-01 -7.947202726544961848e-01
7.073833554330956019e+01 1.593106967124852946e-01 -7.947202726544961848e-01
7.073833554330956019e+01 1.593106967124852946e-01 -7.947202726544961848e-01
7.073833554330956019e+01 1.593106967124852946e-01 -7.947202726544961848e-01
7.073833554330956019e+01 1.593106967124852946e-01 -7.947202726544961848e-01
7.073833554330956019e+01 1.593106967124852946e-01 -7.947202726544961848e-01
6.990043447598372950e+01 1.622731687022195557e-01 -7.115706318921449780e-01
7.006824113471773785e+01 1.036791287601795258e-01 -7.040370639614244030e-01
7.125398194473478952e+01 1.220204266824881367e-01 -7.466562815864355995e-01
7.125398194473478952e+01 1.220204266824881367e-01 -7.466562815864355995e-01
7.125398194473478952e+01 1.220204266824881367e-01 -7.466562815864355995e-01
7.125398194473478952e+01 1.220204266824881367e-01 -7.466562815864355995e-01
7.100484332190261227e+01 1.036802718432679182e-01 -7.070140547117355068e-01
7.010937573007859669e+01 1.382618783826975173e-01 -7.012273677117674131e-01
7.010937573007859669e+01 1.382618783826975173e-01 -7.012273677117674131e-01
7.010937573007859669e+01 1.382618783826975173e-01 -7.012273677117674131e-01
7.010937573007859669e+01 1.382618783826975173e-01 -7.012273677117674131e-01
7.010937573007859669e+01 1.382618783826975173e-01 -7.012273677117674131e-01
7.010937573007859669e+01 1.382618783826975173e-01 -7.012273677117674131e-01
7.010937573007859669e+01 1.382618783826975173e-01 -7.012273677117674131e-01
7.010937573007859669e+01 1.382618783826975173e-01 -7.012273677117674131e-01
7.010937573007859669e+01 1.382618783826975173e-01 -7.012273677117674131e-01
6.910581950302575649e+01 1.054938552975024507e-01 -6.510081596282837335e-01
6.910581950302575649e+01 1.054938552975024507e-01 -6.510081596282837335e-01
6.910581950302575649e+01 1.054938552975024507e-01 -6.510081596282837335e-01
6.910581950302575649e+01 1.054938552975024507e-01 -6.510081596282837335e-01
6.910581950302575649e+01 1.054938552975024507e-01 -6.510081596282837335e-01
7.035085487359808099e+01 1.381033383666818992e-01 -7.002830384960750942e-01
6.976166499644118346e+01 1.416259889496104263e-01 -6.898836392641288784e-01
6.976166499644118346e+01 1.416259889496104263e-01 -6.898836392641288784e-01
6.853514053353455893e+01 2.090079595624111386e-01 -7.286262725105180360e-01
6.853514053353455893e+01 2.090079595624111386e-01 -7.286262725105180360e-01
6.853514053353455893e+01 2.090079595624111386e-01 -7.286262725105180360e-01
6.853514053353455893e+01 2.090079595624111386e-01 -7.286262725105180360e-01
6.853514053353455893e+01 2.090079595624111386e-01 -7.286262725105180360e-01
6.805559414760008963e+01 2.600254182234625899e-01 -7.848744996202378088e-01
6.950713003858881223e+01 2.835634366496352365e-01 -9.246570575228391098e-01
7.041954402339386831e+01 2.579486000748040797e-01 -9.096112256197317336e-01
7.041954402339386831e+01 2.579486000748040797e-01 -9.096112256197317336e-01
7.041954402339386831e+01 2.579486000748040797e-01 -9.096112256197317336e-01
7.024511710043000789e+01 2.155122219862734834e-01 -8.444801437160851521e-01
7.024511710043000789e+01 2.155122219862734834e-01 -8.444801437160851521e-01
7.011685451543421266e+01 1.905345333944117037e-01 -8.476856124676331872e-01
7.011685451543421266e+01 1.905345333944117037e-01 -8.476856124676331872e-01
7.093942293372076335e+01 2.632819164496007502e-01 -9.343741491948377442e-01
7.031513786387827736e+01 2.320329463248933521e-01 -9.055089407189873540e-01
7.031513786387827736e+01 2.320329463248933521e-01 -9.055089407189873540e-01
7.031513786387827736e+01 2.320329463248933521e-01 -9.055089407189873540e-01
7.031513786387827736e+01 2.320329463248933521e-01 -9.055089407189873540e-01
6.873164436518979414e+01 2.725675997205582179e-01 -8.526110716969220737e-01
6.869122703538296548e+01 2.695413854406309984e-01 -8.051244466346038076e-01
6.869122703538296548e+01 2.695413854406309984e-01 -8.051244466346038076e-01
6.869122703538296548e+01 2.695413854406309984e-01 -8.051244466346038076e-01
6.869122703538296548e+01 2.695413854406309984e-01 -8.051244466346038076e-01
6.972069931737182458e+01 3.212732669925445483e-01 -9.173483563664733831e-01
6.925794037627193234e+01 3.084110495217936565e-01 -9.166975711405128679e-01
6.925794037627193234e+01 3.084110495217936565e-01 -9.166975711405128679e-01
6.925794037627193234e+01 3.084110495217936565e-01 -9.166975711405128679e-01
6.925794037627193234e+01 3.084110495217936565e-01 -9.166975711405128679e-01
6.925794037627193234e+01 3.084110495217936565e-01 -9.166975711405128679e-01
6.925794037627193234e+01 3.084110495217936565e-01 -9.166975711405128679e-01
6.877904086229085578e+01 3.194912587760331268e-01 -9.016429648351943493e-01
6.877904086229085578e+01 3.194912587760331268e-01 -9.016429648351943493e-01
6.877904086229085578e+01 3.194912587760331268e-01 -9.016429648351943493e-01
6.910784500623621796e+01 2.861970398873319166e-01 -9.223194941331317454e-01
6.910784500623621796e+01 2.861970398873319166e-01 -9.223194941331317454e-01
6.910784500623621796e+01 2.861970398873319166e-01 -9.223194941331317454e-01
6.910784500623621796e+01 2.861970398873319166e-01 -9.223194941331317454e-01
6.910784500623621796e+01 2.861970398873319166e-01 -9.223194941331317454e-01
6.867846819096340027e+01 2.559360951917510896e-01 -8.131309412268018511e-01
6.867846819096340027e+01 2.559360951917510896e-01 -8.131309412268018511e-01
6.867846819096340027e+01 2.559360951917510896e-01 -8.131309412268018511e-01
6.867846819096340027e+01 2.559360951917510896e-01 -8.131309412268018511e-01
6.867846819096340027e+01 2.559360951917510896e-01 -8.131309412268018511e-01
6.966789982465218145e+01 2.267643483927390680e-01 -8.276944166417289361e-01
6.966789982465218145e+01 2.267643483927390680e-01 -8.276944166417289361e-01
6.966789982465218145e+01 2.267643483927390680e-01 -8.276944166417289361e-01
6.966789982465218145e+01 2.267643483927390680e-01 -8.276944166417289361e-01
6.966789982465218145e+01 2.267643483927390680e-01 -8.276944166417289361e-01
6.966789982465218145e+01 2.267643483927390680e-01 -8.276944166417289361e-01
6.966789982465218145e+01 2.267643483927390680e-01 -8.276944166417289361e-01
6.966789982465218145e+01 2.267643483927390680e-01 -8.276944166417289361e-01
6.840889190601780001e+01 2.203875016808276854e-01 -7.642598892970275948e-01
6.840889190601780001e+01 2.203875016808276854e-01 -7.642598892970275948e-01
6.840889190601780001e+01 2.203875016808276854e-01 -7.642598892970275948e-01
6.840889190601780001e+01 2.203875016808276854e-01 -7.642598892970275948e-01
7.001055087532552079e+01 1.978898449278518046e-01 -7.709154269787756864e-01
7.001055087532552079e+01 1.978898449278518046e-01 -7.709154269787756864e-01
7.001055087532552079e+01 1.978898449278518046e-01 -7.709154269787756864e-01
7.001055087532552079e+01 1.978898449278518046e-01 -7.709154269787756864e-01
7.001055087532552079e+01 1.978898449278518046e-01 -7.709154269787756864e-01
7.001055087532552079e+01 1.978898449278518046e-01 -7.709154269787756864e-01
7.001055087532552079e+01 1.978898449278518046e-01 -7.709154269787756864e-01
7.001055087532552079e+01 1.978898449278518046e-01 -7.709154269787756864e-01
7.001055087532552079e+01 1.978898449278518046e-01 -7.709154269787756864e-01
7.001055087532552079e+01 1.978898449278518046e-01 -7.709154269787756864e-01
7.001055087532552079e+01 1.978898449278518046e-01 -7.709154269787756864e-01
6.859590439202980861e+01 1.927521766489174726e-01 -7.213212388701668587e-01
6.859590439202980861e+01 1.927521766489174726e-01 -7.213212388701668587e-01
6.859590439202980861e+01 1.927521766489174726e-01 -7.213212388701668587e-01
6.859590439202980861e+01 1.927521766489174726e-01 -7.213212388701668587e-01
7.031534460280333576e+01 1.904153408826580740e-01 -7.823034986013898129e-01
7.022044585936785666e+01 2.051642925449035093e-01 -8.223774880105158003e-01
7.022044585936785666e+01 2.051642925449035093e-01 -8.223774880105158003e-01
7.022044585936785666e+01 2.051642925449035093e-01 -8.223774880105158003e-01
7.022044585936785666e+01 2.051642925449035093e-01 -8.223774880105158003e-01
7.022044585936785666e+01 2.051642925449035093e-01 -8.223774880105158003e-01
7.022044585936785666e+01 2.051642925449035093e-01 -8.223774880105158003e-01
7.022044585936785666e+01 2.051642925449035093e-01 -8.223774880105158003e-01
7.022044585936785666e+01 2.051642925449035093e-01 -8.223774880105158003e-01
7.022044585936785666e+01 2.051642925449035093e-01 -8.223774880105158003e-01
7.022044585936785666e+01 2.051642925449035093e-01 -8.223774880105158003e-01
7.022044585936785666e+01 2.051642925449035093e-01 -8.223774880105158003e-01
7.022044585936785666e+01 2.051642925449035093e-01 -8.223774880105158003e-01
7.022044585936785666e+01 2.051642925449035093e-01 -8.223774880105158003e-01
7.022044585936785666e+01 2.051642925449035093e-01 -8.223774880105158003e-01
7.022044585936785666e+01 2.051642925449035093e-01 -8.223774880105158003e-01
7.022044585936785666e+01 2.051642925449035093e-01 -8.223774880105158003e-01
7.022044585936785666e+01 2.051642925449035093e-01 -8.223774880105158003e-01
7.022044585936785666e+01 2.051642925449035093e-01 -8.223774880105158003e-01
7.022044585936785666e+01 2.051642925449035093e-01 -8.223774880105158003e-01
7.022044585936785666e+01 2.051642925449035093e-01 -8.223774880105158003e-01
7.022044585936785666e+01 2.051642925449035093e-01 -8.223774880105158003e-01
7.022044585936785666e+01 2.051642925449035093e-01 -8.223774880105158003e-01
7.022044585936785666e+01 2.051642925449035093e-01 -8.223774880105158003e-01
6.981958556941873439e+01 1.998210167167111528e-01 -7.545056636528176819e-01
7.018036803471504470e+01 1.812003718014313924e-01 -7.565372701276038558e-01
7.018036803471504470e+01 1.812003718014313924e-01 -7.565372701276038558e-01
7.018036803471504470e+01 1.812003718014313924e-01 -7.565372701276038558e-01
7.018036803471504470e+01 1.812003718014313924e-01 -7.565372701276038558e-01
7.018036803471504470e+01 1.812003718014313924e-01 -7.565372701276038558e-01
7.018036803471504470e+01 1.812003718014313924e-01 -7.565372701276038558e-01
7.018036803471504470e+01 1.812003718014313924e-01 -7.565372701276038558e-01
7.018036803471504470e+01 1.812003718014313924e-01 -7.565372701276038558e-01
7.018036803471504470e+01 1.812003718014313924e-01 -7.565372701276038558e-01
7.018036803471504470e+01 1.812003718014313924e-01 -7.565372701276038558e-01
7.018036803471504470e+01 1.812003718014313924e-01 -7.565372701276038558e-01
7.018036803471504470e+01 1.812003718014313924e-01 -7.565372701276038558e-01
6.966362942767374022e+01 2.367313891437275997e-01 -8.526340305908369777e-01
6.966362942767374022e+01 2.367313891437275997e-01 -8.526340305908369777e-01
6.966362942767374022e+01 2.367313891437275997e-01 -8.526340305908369777e-01
6.872820234916233062e+01 2.404968379227910846e-01 -7.576054355680508223e-01
6.782719761617686061e+01 2.098901877033382546e-01 -7.061034828890807580e-01
6.782719761617686061e+01 2.098901877033382546e-01 -7.061034828890807580e-01
6.782719761617686061e+01 2.098901877033382546e-01 -7.061034828890807580e-01
6.787179517372875637e+01 1.536472679807233677e-01 -6.244784926154443028e-01
6.787179517372875637e+01 1.536472679807233677e-01 -6.244784926154443028e-01
6.787179517372875637e+01 1.536472679807233677e-01 -6.244784926154443028e-01
6.787179517372875637e+01 1.536472679807233677e-01 -6.244784926154443028e-01
6.889960395805211135e+01 9.206801973804787376e-02 -5.783688244329692196e-01
6.889960395805211135e+01 9.206801973804787376e-02 -5.783688244329692196e-01
6.889960395805211135e+01 9.206801973804787376e-02 -5.783688244329692196e-01
6.889960395805211135e+01 9.206801973804787376e-02 -5.783688244329692196e-01
6.889960395805211135e+01 9.206801973804787376e-02 -5.783688244329692196e-01
6.889960395805211135e+01 9.206801973804787376e-02 -5.783688244329692196e-01
6.889960395805211135e+01 9.206801973804787376e-02 -5.783688244329692196e-01
6.889960395805211135e+01 9.206801973804787376e-02 -5.783688244329692196e-01
6.889960395805211135e+01 9.206801973804787376e-02 -5.783688244329692196e-01
6.885347762024505869e+01 8.434321733326152759e-02 -5.802961572426177383e-01
6.885347762024505869e+01 8.434321733326152759e-02 -5.802961572426177383e-01
6.773237083752084686e+01 9.236175484021651172e-02 -5.129989395674011687e-01
6.773237083752084686e+01 9.236175484021651172e-02 -5.129989395674011687e-01
6.773237083752084686e+01 9.236175484021651172e-02 -5.129989395674011687e-01
6.773237083752084686e+01 9.236175484021651172e-02 -5.129989395674011687e-01
6.773237083752084686e+01 9.236175484021651172e-02 -5.129989395674011687e-01
6.773237083752084686e+01 9.236175484021651172e-02 -5.129989395674011687e-01
6.773237083752084686e+01 9.236175484021651172e-02 -5.129989395674011687e-01
6.773237083752084686e+01 9.236175484021651172e-02 -5.129989395674011687e-01
6.773237083752084686e+01 9.236175484021651172e-02 -5.129989395674011687e-01
6.773237083752084686e+01 9.236175484021651172e-02 -5.129989395674011687e-01
6.773237083752084686e+01 9.236175484021651172e-02 -5.129989395674011687e-01
6.793717528707733777e+01 6.657983397525349401e-02 -5.698636596606778681e-01
6.793717528707733777e+01 6.657983397525349401e-02 -5.698636596606778681e-01
6.943542046969164971e+01 6.737420938034430207e-02 -5.661815314836182722e-01
6.943542046969164971e+01 6.737420938034430207e-02 -5.661815314836182722e-01
6.943542046969164971e+01 6.737420938034430207e-02 -5.661815314836182722e-01
6.877744883786964181e+01 8.741197515997961576e-02 -5.700964881636674253e-01
6.877744883786964181e+01 8.741197515997961576e-02 -5.700964881636674253e-01
6.877744883786964181e+01 8.741197515997961576e-02 -5.700964881636674253e-01
6.877744883786964181e+01 8.741197515997961576e-02 -5.700964881636674253e-01
6.835440972183315012e+01 1.557707196270011196e-01 -6.120526622965526409e-01
6.837740803742691753e+01 1.519339278847324781e-01 -6.077006937395915687e-01
6.837740803742691753e+01 1.519339278847324781e-01 -6.077006937395915687e-01
6.837740803742691753e+01 1.519339278847324781e-01 -6.077006937395915687e-01
6.837740803742691753e+01 1.519339278847324781e-01 -6.077006937395915687e-01
6.837740803742691753e+01 1.519339278847324781e-01 -6.077006937395915687e-01
6.883321443191201183e+01 1.466860804057730228e-01 -6.555899560534739212e-01
6.883321443191201183e+01 1.466860804057730228e-01 -6.555899560534739212e-01
6.883321443191201183e+01 1.466860804057730228e-01 -6.555899560534739212e-01
6.955905050064119166e+01 1.604698149595944756e-01 -6.998690249673262809e-01
6.955905050064119166e+01 1.604698149595944756e-01 -6.998690249673262809e-01
6.955905050064119166e+01 1.604698149595944756e-01 -6.998690249673262809e-01
6.955905050064119166e+01 1.604698149595944756e-01 -6.998690249673262809e-01
6.955905050064119166e+01 1.604698149595944756e-01 -6.998690249673262809e-01
6.955905050064119166e+01 1.604698149595944756e-01 -6.998690249673262809e-01
6.955905050064119166e+01 1.604698149595944756e-01 -6.998690249673262809e-01
6.955905050064119166e+01 1.604698149595944756e-01 -6.998690249673262809e-01
6.955905050064119166e+01 1.604698149595944756e-01 -6.998690249673262809e-01
6.955905050064119166e+01 1.604698149595944756e-01 -6.998690249673262809e-01
6.955905050064119166e+01 1.604698149595944756e-01 -6.998690249673262809e-01
6.955905050064119166e+01 1.604698149595944756e-01 -6.998690249673262809e-01
6.955905050064119166e+01 1.604698149595944756e-01 -6.998690249673262809e-01
6.955905050064119166e+01 1.604698149595944756e-01 -6.998690249673262809e-01
6.955905050064119166e+01 1.604698149595944756e-01 -6.998690249673262809e-01
6.864208055889713478e+01 1.699080597993000985e-01 -6.766672898951805459e-01
6.908175679437319161e+01 1.287315607183069643e-01 -6.401087182087773497e-01
6.908175679437319161e+01 1.287315607183069643e-01 -6.401087182087773497e-01
6.908175679437319161e+01 1.287315607183069643e-01 -6.401087182087773497e-01
6.908175679437319161e+01 1.287315607183069643e-01 -6.401087182087773497e-01
6.908175679437319161e+01 1.287315607183069643e-01 -6.401087182087773497e-01
6.908175679437319161e+01 1.287315607183069643e-01 -6.401087182087773497e-01
6.908175679437319161e+01 1.287315607183069643e-01 -6.401087182087773497e-01
6.908175679437319161e+01 1.287315607183069643e-01 -6.401087182087773497e-01
6.908175679437319161e+01 1.287315607183069643e-01 -6.401087182087773497e-01
6.908175679437319161e+01 1.287315607183069643e-01 -6.401087182087773497e-01
6.908175679437319161e+01 1.287315607183069643e-01 -6.401087182087773497e-01
6.908175679437319161e+01 1.287315607183069643e-01 -6.401087182087773497e-01
6.908175679437319161e+01 1.287315607183069643e-01 -6.401087182087773497e-01
6.908175679437319161e+01 1.287315607183069643e-01 -6.401087182087773497e-01
6.851027622678029161e+01 1.292370072243967105e-01 -6.272231427866559184e-01
6.851027622678029161e+01 1.292370072243967105e-01 -6.272231427866559184e-01
6.851027622678029161e+01 1.292370072243967105e-01 -6.272231427866559184e-01
6.851027622678029161e+01 1.292370072243967105e-01 -6.272231427866559184e-01
6.851027622678029161e+01 1.292370072243967105e-01 -6.272231427866559184e-01
6.851027622678029161e+01 1.292370072243967105e-01 -6.272231427866559184e-01
6.769927066331619869e+01 1.493791310528121974e-01 -6.121052117947263227e-01
6.769927066331619869e+01 1.493791310528121974e-01 -6.121052117947263227e-01
6.999958097136851620e+01 1.872523270273893925e-01 -7.157340527094273597e-01
6.999958097136851620e+01 1.872523270273893925e-01 -7.157340527094273597e-01
6.918751551953124590e+01 1.766703778180432338e-01 -7.038222964727938180e-01
6.918751551953124590e+01 1.766703778180432338e-01 -7.038222964727938180e-01
6.918751551953124590e+01 1.766703778180432338e-01 -7.038222964727938180e-01
6.918751551953124590e+01 1.766703778180432338e-01 -7.038222964727938180e-01
6.918751551953124590e+01 1.766703778180432338e-01 -7.038222964727938180e-01
6.918751551953124590e+01 1.766703778180432338e-01 -7.038222964727938180e-01
6.840341779809754996e+01 2.195315008461225514e-01 -6.977490516896523998e-01
6.860028495279516392e+01 2.338084190766732684e-01 -6.956516607938504348e-01
6.840409116287432312e+01 2.528602373493974431e-01 -7.801890645742035613e-01
6.823376778468205828e+01 2.346372849381779813e-01 -7.252262825514562694e-01
6.771981957943503971e+01 2.027389323087605555e-01 -6.845624259740658024e-01
6.771981957943503971e+01 2.027389323087605555e-01 -6.845624259740658024e-01
6.771981957943503971e+01 2.027389323087605555e-01 -6.845624259740658024e-01
6.771981957943503971e+01 2.027389323087605555e-01 -6.845624259740658024e-01
6.771981957943503971e+01 2.027389323087605555e-01 -6.845624259740658024e-01
6.771981957943503971e+01 2.027389323087605555e-01 -6.845624259740658024e-01
6.771981957943503971e+01 2.027389323087605555e-01 -6.845624259740658024e-01
6.771981957943503971e+01 2.027389323087605555e-01 -6.845624259740658024e-01
7.050702541582352012e+01 2.098530223961448671e-01 -7.744644069643933371e-01
6.941108480712357220e+01 2.308284857617542429e-01 -7.728472488017075204e-01
6.941108480712357220e+01 2.308284857617542429e-01 -7.728472488017075204e-01
6.941108480712357220e+01 2.308284857617542429e-01 -7.728472488017075204e-01
6.765021458316381597e+01 2.923287842417512383e-01 -7.603609771712680487e-01
6.765021458316381597e+01 2.923287842417512383e-01 -7.603609771712680487e-01
6.765021458316381597e+01 2.923287842417512383e-01 -7.603609771712680487e-01
6.715096622605447862e+01 2.585422595932818646e-01 -7.568792920878514296e-01
6.715096622605447862e+01 2.585422595932818646e-01 -7.568792920878514296e-01
6.701012281805040516e+01 3.426134715688229915e-01 -8.171826666850195986e-01
6.707861503156031802e+01 3.142224565060977581e-01 -7.154017522055385880e-01
6.707861503156031802e+01 3.142224565060977581e-01 -7.154017522055385880e-01
6.707861503156031802e+01 3.142224565060977581e-01 -7.154017522055385880e-01
6.707861503156031802e+01 3.142224565060977581e-01 -7.154017522055385880e-01
6.707861503156031802e+01 3.142224565060977581e-01 -7.154017522055385880e-01
6.650212375714065161e+01 2.581797928778231110e-01 -6.478579665771321272e-01
6.650212375714065161e+01 2.581797928778231110e-01 -6.478579665771321272e-01
6.688711362785990389e+01 2.419680829697519187e-01 -6.561840070307999317e-01
6.688711362785990389e+01 2.419680829697519187e-01 -6.561840070307999317e-01
6.688711362785990389e+01 2.419680829697519187e-01 -6.561840070307999317e-01
6.688711362785990389e+01 2.419680829697519187e-01 -6.561840070307999317e-01
6.688711362785990389e+01 2.419680829697519187e-01 -6.561840070307999317e-01
6.688711362785990389e+01 2.419680829697519187e-01 -6.561840070307999317e-01
6.899182792354092442e+01 1.990222027054245613e-01 -7.067971458661556072e-01
6.899182792354092442e+01 1.990222027054245613e-01 -7.067971458661556072e-01
6.899182792354092442e+01 1.990222027054245613e-01 -7.067971458661556072e-01
6.899182792354092442e+01 1.990222027054245613e-01 -7.067971458661556072e-01
6.899182792354092442e+01 1.990222027054245613e-01 -7.067971458661556072e-01
6.899182792354092442e+01 1.990222027054245613e-01 -7.067971458661556072e-01
6.899182792354092442e+01 1.990222027054245613e-01 -7.067971458661556072e-01
6.899182792354092442e+01 1.990222027054245613e-01 -7.067971458661556072e-01
6.899182792354092442e+01 1.990222027054245613e-01 -7.067971458661556072e-01
6.899182792354092442e+01 1.990222027054245613e-01 -7.067971458661556072e-01
6.878169113217050779e+01 1.959303877450504217e-01 -7.385373543177989886e-01
6.878169113217050779e+01 1.959303877450504217e-01 -7.385373543177989886e-01
6.878169113217050779e+01 1.959303877450504217e-01 -7.385373543177989886e-01
6.770656921331639921e+01 1.721161559027151455e-01 -6.883111772074793633e-01
6.770656921331639921e+01 1.721161559027151455e-01 -6.883111772074793633e-01
6.770656921331639921e+01 1.721161559027151455e-01 -6.883111772074793633e-01
6.921242055958242645e+01 2.067553043020342596e-01 -7.888291509842990656e-01
6.921242055958242645e+01 2.067553043020342596e-01 -7.888291509842990656e-01
6.921242055958242645e+01 2.067553043020342596e-01 -7.888291509842990656e-01
6.921242055958242645e+01 2.067553043020342596e-01 -7.888291509842990656e-01
6.921242055958242645e+01 2.067553043020342596e-01 -7.888291509842990656e-01
6.921242055958242645e+01 2.067553043020342596e-01 -7.888291509842990656e-01
6.921242055958242645e+01 2.067553043020342596e-01 -7.888291509842990656e-01
6.921242055958242645e+01 2.067553043020342596e-01 -7.888291509842990656e-01
6.921242055958242645e+01 2.067553043020342596e-01 -7.888291509842990656e-01
6.921242055958242645e+01 2.067553043020342596e-01 -7.888291509842990656e-01
6.921242055958242645e+01 2.067553043020342596e-01 -7.888291509842990656e-01
6.921242055958242645e+01 2.067553043020342596e-01 -7.888291509842990656e-01
6.921242055958242645e+01 2.067553043020342596e-01 -7.888291509842990656e-01
6.921242055958242645e+01 2.067553043020342596e-01 -7.888291509842990656e-01
6.866046308613418603e+01 2.146376243343638135e-01 -7.078221767043618717e-01
6.866046308613418603e+01 2.146376243343638135e-01 -7.078221767043618717e-01
6.866046308613418603e+01 2.146376243343638135e-01 -7.078221767043618717e-01
6.866046308613418603e+01 2.146376243343638135e-01 -7.078221767043618717e-01
6.866046308613418603e+01 2.146376243343638135e-01 -7.078221767043618717e-01
6.866046308613418603e+01 2.146376243343638135e-01 -7.078221767043618717e-01
6.866046308613418603e+01 2.146376243343638135e-01 -7.078221767043618717e-01
6.866046308613418603e+01 2.146376243343638135e-01 -7.078221767043618717e-01
6.866046308613418603e+01 2.146376243343638135e-01 -7.078221767043618717e-01
6.866046308613418603e+01 2.146376243343638135e-01 -7.078221767043618717e-01
6.866046308613418603e+01 2.146376243343638135e-01 -7.078221767043618717e-01
6.866046308613418603e+01 2.146376243343638135e-01 -7.078221767043618717e-01
6.866046308613418603e+01 2.146376243343638135e-01 -7.078221767043618717e-01
6.866046308613418603e+01 2.146376243343638135e-01 -7.078221767043618717e-01
6.866046308613418603e+01 2.146376243343638135e-01 -7.078221767043618717e-01
6.866046308613418603e+01 2.146376243343638135e-01 -7.078221767043618717e-01
6.866046308613418603e+01 2.146376243343638135e-01 -7.078221767043618717e-01
6.866046308613418603e+01 2.146376243343638135e-01 -7.078221767043618717e-01
6.811871948378387742e+01 1.742552055521090493e-01 -6.740366292069055465e-01
6.811871948378387742e+01 1.742552055521090493e-01 -6.740366292069055465e-01
6.811871948378387742e+01 1.742552055521090493e-01 -6.740366292069055465e-01
6.811871948378387742e+01 1.742552055521090493e-01 -6.740366292069055465e-01
6.963314136886101835e+01 1.518042798895498924e-01 -6.799831955612930523e-01
6.963314136886101835e+01 1.518042798895498924e-01 -6.799831955612930523e-01
6.945014366923298610e+01 1.373313693988576500e-01 -6.891210409374081136e-01
6.945014366923298610e+01 1.373313693988576500e-01 -6.891210409374081136e-01
6.945014366923298610e+01 1.373313693988576500e-01 -6.891210409374081136e-01
6.945014366923298610e+01 1.373313693988576500e-01 -6.891210409374081136e-01
6.945014366923298610e+01 1.373313693988576500e-01 -6.891210409374081136e-01
6.945014366923298610e+01 1.373313693988576500e-01 -6.891210409374081136e-01
6.945014366923298610e+01 1.373313693988576500e-01 -6.891210409374081136e-01
6.945014366923298610e+01 1.373313693988576500e-01 -6.891210409374081136e-01
6.945014366923298610e+01 1.373313693988576500e-01 -6.891210409374081136e-01
6.945014366923298610e+01 1.373313693988576500e-01 -6.891210409374081136e-01
6.945014366923298610e+01 1.373313693988576500e-01 -6.891210409374081136e-01
6.945014366923298610e+01 1.373313693988576500e-01 -6.891210409374081136e-01
6.945014366923298610e+01 1.373313693988576500e-01 -6.891210409374081136e-01
6.945014366923298610e+01 1.373313693988576500e-01 -6.891210409374081136e-01
6.945014366923298610e+01 1.373313693988576500e-01 -6.891210409374081136e-01
6.945014366923298610e+01 1.373313693988576500e-01 -6.891210409374081136e-01
6.945014366923298610e+01 1.373313693988576500e-01 -6.891210409374081136e-01
6.945014366923298610e+01 1.373313693988576500e-01 -6.891210409374081136e-01
6.854559769895112709e+01 2.134919729573301617e-01 -6.897658282791543360e-01
6.854559769895112709e+01 2.134919729573301617e-01 -6.897658282791543360e-01
6.854559769895112709e+01 2.134919729573301617e-01 -6.897658282791543360e-01
6.854559769895112709e+01 2.134919729573301617e-01 -6.897658282791543360e-01
6.854559769895112709e+01 2.134919729573301617e-01 -6.897658282791543360e-01
6.854559769895112709e+01 2.134919729573301617e-01 -6.897658282791543360e-01
6.885318562912947016e+01 1.934640411146498484e-01 -6.894585047865707805e-01
6.885318562912947016e+01 1.934640411146498484e-01 -6.894585047865707805e-01
6.885318562912947016e+01 1.934640411146498484e-01 -6.894585047865707805e-01
6.885318562912947016e+01 1.934640411146498484e-01 -6.894585047865707805e-01
6.885318562912947016e+01 1.934640411146498484e-01 -6.894585047865707805e-01
6.885318562912947016e+01 1.934640411146498484e-01 -6.894585047865707805e-01
6.885318562912947016e+01 1.934640411146498484e-01 -6.894585047865707805e-01
6.885318562912947016e+01 1.934640411146498484e-01 -6.894585047865707805e-01
6.885318562912947016e+01 1.934640411146498484e-01 -6.894585047865707805e-01
6.885318562912947016e+01 1.934640411146498484e-01 -6.894585047865707805e-01
6.892569605190837478e+01 1.907904018750920250e-01 -7.109325660794101331e-01
6.892569605190837478e+01 1.907904018750920250e-01 -7.109325660794101331e-01
6.892569605190837478e+01 1.907904018750920250e-01 -7.109325660794101331e-01
6.892569605190837478e+01 1.907904018750920250e-01 -7.109325660794101331e-01
6.816704239535262388e+01 1.829297462143866515e-01 -6.509781647237702362e-01
6.816704239535262388e+01 1.829297462143866515e-01 -6.509781647237702362e-01
6.816704239535262388e+01 1.829297462143866515e-01 -6.509781647237702362e-01
6.816704239535262388e+01 1.829297462143866515e-01 -6.509781647237702362e-01
6.816704239535262388e+01 1.829297462143866515e-01 -6.509781647237702362e-01
6.816704239535262388e+01 1.829297462143866515e-01 -6.509781647237702362e-01
6.816704239535262388e+01 1.829297462143866515e-01 -6.509781647237702362e-01
6.816704239535262388e+01 1.829297462143866515e-01 -6.509781647237702362e-01
6.816704239535262388e+01 1.829297462143866515e-01 -6.509781647237702362e-01
6.816704239535262388e+01 1.829297462143866515e-01 -6.509781647237702362e-01
6.854671913175279485e+01 2.034101162263832197e-01 -6.973539250456476379e-01
6.854671913175279485e+01 2.034101162263832197e-01 -6.973539250456476379e-01
6.858239318444464061e+01 1.742347434832105246e-01 -6.933504079252105212e-01
6.941372146485996097e+01 1.704536874778817546e-01 -7.374828589473529927e-01
6.928282611835712146e+01 1.517300655888094707e-01 -6.626326534546855829e-01
6.953555460423550016e+01 1.067781097268976354e-01 -6.203876138409365470e-01
6.984557860295439013e+01 1.097139594712855937e-01 -6.638207513831646533e-01
6.887804936884101892e+01 1.902157149956759108e-01 -6.821919258094514271e-01
6.887804936884101892e+01 1.902157149956759108e-01 -6.821919258094514271e-01
6.887804936884101892e+01 1.902157149956759108e-01 -6.821919258094514271e-01
6.915157481335721457e+01 2.295722253385973355e-01 -7.719101078867753873e-01
6.915157481335721457e+01 2.295722253385973355e-01 -7.719101078867753873e-01
6.915157481335721457e+01 2.295722253385973355e-01 -7.719101078867753873e-01
6.915157481335721457e+01 2.295722253385973355e-01 -7.719101078867753873e-01
6.888622624653049797e+01 2.575542569570625218e-01 -7.675459965364731518e-01
7.087662394381769104e+01 2.483611111372711622e-01 -8.685495100642437460e-01
7.087662394381769104e+01 2.483611111372711622e-01 -8.685495100642437460e-01
7.087662394381769104e+01 2.483611111372711622e-01 -8.685495100642437460e-01
7.031178737477273444e+01 2.534297278601052028e-01 -8.351382239927327422e-01
7.021946922894262855e+01 2.308957111596219580e-01 -8.673242375109808666e-01
7.021946922894262855e+01 2.308957111596219580e-01 -8.673242375109808666e-01
7.021946922894262855e+01 2.308957111596219580e-01 -8.673242375109808666e-01
7.021946922894262855e+01 2.308957111596219580e-01 -8.673242375109808666e-01
7.021946922894262855e+01 2.308957111596219580e-01 -8.673242375109808666e-01
7.021946922894262855e+01 2.308957111596219580e-01 -8.673242375109808666e-01
7.021946922894262855e+01 2.308957111596219580e-01 -8.673242375109808666e-01
7.021946922894262855e+01 2.308957111596219580e-01 -8.673242375109808666e-01
7.021946922894262855e+01 2.308957111596219580e-01 -8.673242375109808666e-01
7.021946922894262855e+01 2.308957111596219580e-01 -8.673242375109808666e-01
7.021946922894262855e+01 2.308957111596219580e-01 -8.673242375109808666e-01
6.987511384147445881e+01 2.571064153457998103e-01 -9.298005678916507755e-01
6.891849946244171576e+01 2.750230871008361722e-01 -8.615636301688274212e-01
6.967881463086634142e+01 2.485881483814305903e-01 -8.401864364472568791e-01
6.967881463086634142e+01 2.485881483814305903e-01 -8.401864364472568791e-01
6.967881463086634142e+01 2.485881483814305903e-01 -8.401864364472568791e-01
6.967881463086634142e+01 2.485881483814305903e-01 -8.401864364472568791e-01
6.967881463086634142e+01 2.485881483814305903e-01 -8.401864364472568791e-01
6.967881463086634142e+01 2.485881483814305903e-01 -8.401864364472568791e-01
6.967881463086634142e+01 2.485881483814305903e-01 -8.401864364472568791e-01
6.967881463086634142e+01 2.485881483814305903e-01 -8.401864364472568791e-01
6.967881463086634142e+01 2.485881483814305903e-01 -8.401864364472568791e-01
6.923763952652831222e+01 2.116654946448537633e-01 -8.090469495965038060e-01
6.923763952652831222e+01 2.116654946448537633e-01 -8.090469495965038060e-01
7.062073394134563387e+01 2.195995166306376201e-01 -8.251783015422107237e-01
7.062073394134563387e+01 2.195995166306376201e-01 -8.251783015422107237e-01
7.062073394134563387e+01 2.195995166306376201e-01 -8.251783015422107237e-01
7.062073394134563387e+01 2.195995166306376201e-01 -8.251783015422107237e-01
7.062073394134563387e+01 2.195995166306376201e-01 -8.251783015422107237e-01
7.062073394134563387e+01 2.195995166306376201e-01 -8.251783015422107237e-01
6.968920581539302361e+01 1.207544481654381913e-01 -6.901785079789046762e-01
6.968920581539302361e+01 1.207544481654381913e-01 -6.901785079789046762e-01
6.984885027013194758e+01 1.142271501847721971e-01 -6.187527357845036269e-01
6.984885027013194758e+01 1.142271501847721971e-01 -6.187527357845036269e-01
6.984885027013194758e+01 1.142271501847721971e-01 -6.187527357845036269e-01
6.984885027013194758e+01 1.142271501847721971e-01 -6.187527357845036269e-01
6.984885027013194758e+01 1.142271501847721971e-01 -6.187527357845036269e-01
6.984885027013194758e+01 1.142271501847721971e-01 -6.187527357845036269e-01
6.984885027013194758e+01 1.142271501847721971e-01 -6.187527357845036269e-01
6.972101739890237582e+01 6.466639946061912558e-02 -5.761506739863154758e-01
6.972101739890237582e+01 6.466639946061912558e-02 -5.761506739863154758e-01
6.972101739890237582e+01 6.466639946061912558e-02 -5.761506739863154758e-01
6.996883802136692054e+01 7.356611363325277209e-02 -6.136196017343676923e-01
6.996883802136692054e+01 7.356611363325277209e-02 -6.136196017343676923e-01
6.996883802136692054e+01 7.356611363325277209e-02 -6.136196017343676923e-01
6.996883802136692054e+01 7.356611363325277209e-02 -6.136196017343676923e-01
6.996883802136692054e+01 7.356611363325277209e-02 -6.136196017343676923e-01
6.996883802136692054e+01 7.356611363325277209e-02 -6.136196017343676923e-01
6.880222181591769015e+01 1.137691641361631145e-01 -6.389373298581995098e-01
6.880222181591769015e+01 1.137691641361631145e-01 -6.389373298581995098e-01
6.880222181591769015e+01 1.137691641361631145e-01 -6.389373298581995098e-01
6.880222181591769015e+01 1.137691641361631145e-01 -6.389373298581995098e-01
6.880222181591769015e+01 1.137691641361631145e-01 -6.389373298581995098e-01
6.880222181591769015e+01 1.137691641361631145e-01 -6.389373298581995098e-01
6.880222181591769015e+01 1.137691641361631145e-01 -6.389373298581995098e-01
6.880222181591769015e+01 1.137691641361631145e-01 -6.389373298581995098e-01
6.880222181591769015e+01 1.137691641361631145e-01 -6.389373298581995098e-01
6.880222181591769015e+01 1.137691641361631145e-01 -6.389373298581995098e-01
6.880222181591769015e+01 1.137691641361631145e-01 -6.389373298581995098e-01
6.880222181591769015e+01 1.137691641361631145e-01 -6.389373298581995098e-01
6.880222181591769015e+01 1.137691641361631145e-01 -6.389373298581995098e-01
6.880222181591769015e+01 1.137691641361631145e-01 -6.389373298581995098e-01
6.880222181591769015e+01 1.137691641361631145e-01 -6.389373298581995098e-01
6.880222181591769015e+01 1.137691641361631145e-01 -6.389373298581995098e-01
6.758715522674972931e+01 1.544017264547418722e-01 -6.063858603133999159e-01
6.758715522674972931e+01 1.544017264547418722e-01 -6.063858603133999159e-01
6.758715522674972931e+01 1.544017264547418722e-01 -6.063858603133999159e-01
6.758715522674972931e+01 1.544017264547418722e-01 -6.063858603133999159e-01
6.758715522674972931e+01 1.544017264547418722e-01 -6.063858603133999159e-01
6.758715522674972931e+01 1.544017264547418722e-01 -6.063858603133999159e-01
6.758715522674972931e+01 1.544017264547418722e-01 -6.063858603133999159e-01
6.758715522674972931e+01 1.544017264547418722e-01 -6.063858603133999159e-01
6.867600030198359207e+01 1.009619097512128999e-01 -5.955995136352659758e-01
6.825157403709789605e+01 1.336156907619238943e-01 -5.815174920211341192e-01
6.825157403709789605e+01 1.336156907619238943e-01 -5.815174920211341192e-01
6.859989987781108312e+01 1.160508799113693923e-01 -6.428743175316876668e-01
6.859989987781108312e+01 1.160508799113693923e-01 -6.428743175316876668e-01
6.859989987781108312e+01 1.160508799113693923e-01 -6.428743175316876668e-01
6.859989987781108312e+01 1.160508799113693923e-01 -6.428743175316876668e-01
6.859989987781108312e+01 1.160508799113693923e-01 -6.428743175316876668e-01
6.886732545313965659e+01 1.610095406413849795e-01 -7.139180027738840639e-01
6.886732545313965659e+01 1.610095406413849795e-01 -7.139180027738840639e-01
6.886732545313965659e+01 1.610095406413849795e-01 -7.139180027738840639e-01
6.886732545313965659e+01 1.610095406413849795e-01 -7.139180027738840639e-01
6.886732545313965659e+01 1.610095406413849795e-01 -7.139180027738840639e-01
6.886732545313965659e+01 1.610095406413849795e-01 -7.139180027738840639e-01
6.823403413599453415e+01 1.725584171015563384e-01 -6.720857333618576179e-01
6.823403413599453415e+01 1.725584171015563384e-01 -6.720857333618576179e-01
6.823403413599453415e+01 1.725584171015563384e-01 -6.720857333618576179e-01
6.823403413599453415e+01 1.725584171015563384e-01 -6.720857333618576179e-01
6.819101833866514539e+01 1.522300921827276499e-01 -6.297182801135782215e-01
6.819101833866514539e+01 1.522300921827276499e-01 -6.297182801135782215e-01
6.882995292746016958e+01 1.123598427887781137e-01 -6.156068043870615014e-01
6.882995292746016958e+01 1.123598427887781137e-01 -6.156068043870615014e-01
6.882995292746016958e+01 1.123598427887781137e-01 -6.156068043870615014e-01
6.882995292746016958e+01 1.123598427887781137e-01 -6.156068043870615014e-01
6.882995292746016958e+01 1.123598427887781137e-01 -6.156068043870615014e-01
6.882995292746016958e+01 1.123598427887781137e-01 -6.156068043870615014e-01
6.882995292746016958e+01 1.123598427887781137e-01 -6.156068043870615014e-01
6.882995292746016958e+01 1.123598427887781137e-01 -6.156068043870615014e-01
6.920443400620098373e+01 1.964415963482822602e-01 -7.811021181087549614e-01
6.920443400620098373e+01 1.964415963482822602e-01 -7.811021181087549614e-01
6.920443400620098373e+01 1.964415963482822602e-01 -7.811021181087549614e-01
6.920443400620098373e+01 1.964415963482822602e-01 -7.811021181087549614e-01
7.018299664075999544e+01 1.789493803072031985e-01 -8.073901274579331488e-01
7.018299664075999544e+01 1.789493803072031985e-01 -8.073901274579331488e-01
7.018299664075999544e+01 1.789493803072031985e-01 -8.073901274579331488e-01
6.968180051856874968e+01 2.569776636636731948e-01 -8.444222239195748880e-01
6.968180051856874968e+01 2.569776636636731948e-01 -8.444222239195748880e-01
6.943491742437493031e+01 2.621063849178963956e-01 -8.669761881876518750e-01
6.943491742437493031e+01 2.621063849178963956e-01 -8.669761881876518750e-01
6.943491742437493031e+01 2.621063849178963956e-01 -8.669761881876518750e-01
6.943491742437493031e+01 2.621063849178963956e-01 -8.669761881876518750e-01
6.943491742437493031e+01 2.621063849178963956e-01 -8.669761881876518750e-01
6.943491742437493031e+01 2.621063849178963956e-01 -8.669761881876518750e-01
6.943491742437493031e+01 2.621063849178963956e-01 -8.669761881876518750e-01
6.943491742437493031e+01 2.621063849178963956e-01 -8.669761881876518750e-01
6.943491742437493031e+01 2.621063849178963956e-01 -8.669761881876518750e-01
6.943491742437493031e+01 2.621063849178963956e-01 -8.669761881876518750e-01
6.943491742437493031e+01 2.621063849178963956e-01 -8.669761881876518750e-01
6.943491742437493031e+01 2.621063849178963956e-01 -8.669761881876518750e-01
6.943491742437493031e+01 2.621063849178963956e-01 -8.669761881876518750e-01
6.942307220812658386e+01 2.733765703266882174e-01 -8.669553915267880217e-01
6.942307220812658386e+01 2.733765703266882174e-01 -8.669553915267880217e-01
6.942307220812658386e+01 2.733765703266882174e-01 -8.669553915267880217e-01
6.942307220812658386e+01 2.733765703266882174e-01 -8.669553915267880217e-01
6.942307220812658386e+01 2.733765703266882174e-01 -8.669553915267880217e-01
6.942307220812658386e+01 2.733765703266882174e-01 -8.669553915267880217e-01
6.942307220812658386e+01 2.733765703266882174e-01 -8.669553915267880217e-01
6.942307220812658386e+01 2.733765703266882174e-01 -8.669553915267880217e-01
6.942307220812658386e+01 2.733765703266882174e-01 -8.669553915267880217e-01
6.942307220812658386e+01 2.733765703266882174e-01 -8.669553915267880217e-01
7.088492365356195535e+01 2.065850490610690871e-01 -8.654472188867904370e-01
7.088492365356195535e+01 2.065850490610690871e-01 -8.654472188867904370e-01
7.071214247804645936e+01 2.098216273911281127e-01 -8.489752641965170321e-01
7.071214247804645936e+01 2.098216273911281127e-01 -8.489752641965170321e-01
7.071214247804645936e+01 2.098216273911281127e-01 -8.489752641965170321e-01
7.071214247804645936e+01 2.098216273911281127e-01 -8.489752641965170321e-01
7.071214247804645936e+01 2.098216273911281127e-01 -8.489752641965170321e-01
7.071214247804645936e+01 2.098216273911281127e-01 -8.489752641965170321e-01
7.071214247804645936e+01 2.098216273911281127e-01 -8.489752641965170321e-01
7.071214247804645936e+01 2.098216273911281127e-01 -8.489752641965170321e-01
7.071214247804645936e+01 2.098216273911281127e-01 -8.489752641965170321e-01
7.150104222699967238e+01 2.066900630944159822e-01 -9.090455800767882621e-01
7.150104222699967238e+01 2.066900630944159822e-01 -9.090455800767882621e-01
7.150104222699967238e+01 2.066900630944159822e-01 -9.090455800767882621e-01
7.150104222699967238e+01 2.066900630944159822e-01 -9.090455800767882621e-01
7.150104222699967238e+01 2.066900630944159822e-01 -9.090455800767882621e-01
7.150104222699967238e+01 2.066900630944159822e-01 -9.090455800767882621e-01
7.150104222699967238e+01 2.066900630944159822e-01 -9.090455800767882621e-01
7.150104222699967238e+01 2.066900630944159822e-01 -9.090455800767882621e-01
7.150104222699967238e+01 2.066900630944159822e-01 -9.090455800767882621e-01
7.150104222699967238e+01 2.066900630944159822e-01 -9.090455800767882621e-01
7.150104222699967238e+01 2.066900630944159822e-01 -9.090455800767882621e-01
7.150104222699967238e+01 2.066900630944159822e-01 -9.090455800767882621e-01
7.150104222699967238e+01 2.066900630944159822e-01 -9.090455800767882621e-01
7.150104222699967238e+01 2.066900630944159822e-01 -9.090455800767882621e-01
7.150104222699967238e+01 2.066900630944159822e-01 -9.090455800767882621e-01
7.150104222699967238e+01 2.066900630944159822e-01 -9.090455800767882621e-01
7.150104222699967238e+01 2.066900630944159822e-01 -9.090455800767882621e-01
7.150104222699967238e+01 2.066900630944159822e-01 -9.090455800767882621e-01
7.022902701558514593e+01 2.360222618060167643e-01 -8.177949232283839853e-01
7.022902701558514593e+01 2.360222618060167643e-01 -8.177949232283839853e-01
7.022902701558514593e+01 2.360222618060167643e-01 -8.177949232283839853e-01
7.022902701558514593e+01 2.360222618060167643e-01 -8.177949232283839853e-01
7.022902701558514593e+01 2.360222618060167643e-01 -8.177949232283839853e-01
7.022902701558514593e+01 2.360222618060167643e-01 -8.177949232283839853e-01
7.034140409722772347e+01 1.754620709308316318e-01 -8.474799664214188732e-01
7.034140409722772347e+01 1.754620709308316318e-01 -8.474799664214188732e-01
7.034140409722772347e+01 1.754620709308316318e-01 -8.474799664214188732e-01
7.034140409722772347e+01 1.754620709308316318e-01 -8.474799664214188732e-01
6.885423017924318856e+01 2.176280683983859709e-01 -8.364366336003451474e-01
6.885423017924318856e+01 2.176280683983859709e-01 -8.364366336003451474e-01
6.845145632292930316e+01 2.450647225290500386e-01 -7.204656960908230046e-01
6.845145632292930316e+01 2.450647225290500386e-01 -7.204656960908230046e-01
6.933514930453554825e+01 2.336661803509035296e-01 -7.502735887479691224e-01
6.809173853536562149e+01 1.893784510151989842e-01 -6.999399841884997864e-01
6.809173853536562149e+01 1.893784510151989842e-01 -6.999399841884997864e-01
6.809173853536562149e+01 1.893784510151989842e-01 -6.999399841884997864e-01
6.932481329353120714e+01 1.798231967997765690e-01 -6.933321212094427644e-01
6.932481329353120714e+01 1.798231967997765690e-01 -6.933321212094427644e-01
6.932481329353120714e+01 1.798231967997765690e-01 -6.933321212094427644e-01
6.932481329353120714e+01 1.798231967997765690e-01 -6.933321212094427644e-01
6.932481329353120714e+01 1.798231967997765690e-01 -6.933321212094427644e-01
6.991551196557107062e+01 1.352202734191781941e-01 -6.793482695568315854e-01
6.991551196557107062e+01 1.352202734191781941e-01 -6.793482695568315854e-01
6.991551196557107062e+01 1.352202734191781941e-01 -6.793482695568315854e-01
6.925716948379631788e+01 2.157024553649650733e-01 -8.308138060588153850e-01
6.974195257232082668e+01 2.172502457885235605e-01 -8.739696269470883516e-01
6.974195257232082668e+01 2.172502457885235605e-01 -8.739696269470883516e-01
6.974195257232082668e+01 2.172502457885235605e-01 -8.739696269470883516e-01
7.010602985526237774e+01 2.245583153616339256e-01 -8.673834317767250557e-01
7.010602985526237774e+01 2.245583153616339256e-01 -8.673834317767250557e-01
7.010602985526237774e+01 2.245583153616339256e-01 -8.673834317767250557e-01
7.010602985526237774e+01 2.245583153616339256e-01 -8.673834317767250557e-01
6.989776715400554963e+01 2.246935838256073070e-01 -8.535633192721253648e-01
6.989776715400554963e+01 2.246935838256073070e-01 -8.535633192721253648e-01
6.902212593119929807e+01 2.803807230918490268e-01 -8.768693781127718800e-01
6.902212593119929807e+01 2.803807230918490268e-01 -8.768693781127718800e-01
6.902212593119929807e+01 2.803807230918490268e-01 -8.768693781127718800e-01
6.902212593119929807e+01 2.803807230918490268e-01 -8.768693781127718800e-01
6.902212593119929807e+01 2.803807230918490268e-01 -8.768693781127718800e-01
6.902212593119929807e+01 2.803807230918490268e-01 -8.768693781127718800e-01
6.902212593119929807e+01 2.803807230918490268e-01 -8.768693781127718800e-01
6.902212593119929807e+01 2.803807230918490268e-01 -8.768693781127718800e-01
6.902212593119929807e+01 2.803807230918490268e-01 -8.768693781127718800e-01
6.902212593119929807e+01 2.803807230918490268e-01 -8.768693781127718800e-01
6.902212593119929807e+01 2.803807230918490268e-01 -8.768693781127718800e-01
6.902212593119929807e+01 2.803807230918490268e-01 -8.768693781127718800e-01
6.902212593119929807e+01 2.803807230918490268e-01 -8.768693781127718800e-01
6.902212593119929807e+01 2.803807230918490268e-01 -8.768693781127718800e-01
6.902212593119929807e+01 2.803807230918490268e-01 -8.768693781127718800e-01
6.902212593119929807e+01 2.803807230918490268e-01 -8.768693781127718800e-01
6.902212593119929807e+01 2.803807230918490268e-01 -8.768693781127718800e-01
6.902212593119929807e+01 2.803807230918490268e-01 -8.768693781127718800e-01
6.902212593119929807e+01 2.803807230918490268e-01 -8.768693781127718800e-01
6.902212593119929807e+01 2.803807230918490268e-01 -8.768693781127718800e-01
6.902212593119929807e+01 2.803807230918490268e-01 -8.768693781127718800e-01
6.902212593119929807e+01 2.803807230918490268e-01 -8.768693781127718800e-01
6.902212593119929807e+01 2.803807230918490268e-01 -8.768693781127718800e-01
6.902212593119929807e+01 2.803807230918490268e-01 -8.768693781127718800e-01
6.902212593119929807e+01 2.803807230918490268e-01 -8.768693781127718800e-01
6.936090763036345663e+01 3.142396348892817493e-01 -9.765134884506584401e-01
6.936090763036345663e+01 3.142396348892817493e-01 -9.765134884506584401e-01
6.936090763036345663e+01 3.142396348892817493e-01 -9.765134884506584401e-01
6.936090763036345663e+01 3.142396348892817493e-01 -9.765134884506584401e-01
6.984166443839201577e+01 3.167921168582288338e-01 -9.655728357238196891e-01
6.984166443839201577e+01 3.167921168582288338e-01 -9.655728357238196891e-01
6.984166443839201577e+01 3.167921168582288338e-01 -9.655728357238196891e-01
6.984166443839201577e+01 3.167921168582288338e-01 -9.655728357238196891e-01
6.984166443839201577e+01 3.167921168582288338e-01 -9.655728357238196891e-01
6.984166443839201577e+01 3.167921168582288338e-01 -9.655728357238196891e-01
7.068033069279195502e+01 3.066913641185813888e-01 -1.032260281955751591e+00
7.068033069279195502e+01 3.066913641185813888e-01 -1.032260281955751591e+00
7.068033069279195502e+01 3.066913641185813888e-01 -1.032260281955751591e+00
7.068033069279195502e+01 3.066913641185813888e-01 -1.032260281955751591e+00
7.068033069279195502e+01 3.066913641185813888e-01 -1.032260281955751591e+00
7.068033069279195502e+01 3.066913641185813888e-01 -1.032260281955751591e+00
6.930664766807889521e+01 3.029039243178759944e-01 -9.558915707106666604e-01
6.930664766807889521e+01 3.029039243178759944e-01 -9.558915707106666604e-01
6.930664766807889521e+01 3.029039243178759944e-01 -9.558915707106666604e-01
6.930664766807889521e+01 3.029039243178759944e-01 -9.558915707106666604e-01
6.930664766807889521e+01 3.029039243178759944e-01 -9.558915707106666604e-01
6.967401642283799390e+01 2.812196931505510644e-01 -9.790793702122864151e-01
7.102608700860184854e+01 2.886151069668678182e-01 -1.058566292288465549e+00
7.102608700860184854e+01 2.886151069668678182e-01 -1.058566292288465549e+00
7.102608700860184854e+01 2.886151069668678182e-01 -1.058566292288465549e+00
7.148874417535795089e+01 3.225054034336437558e-01 -1.153747200773663772e+00
7.094258016927248889e+01 3.261101543874767028e-01 -1.158026124101142473e+00
7.094258016927248889e+01 3.261101543874767028e-01 -1.158026124101142473e+00
7.094258016927248889e+01 3.261101543874767028e-01 -1.158026124101142473e+00
7.094258016927248889e+01 3.261101543874767028e-01 -1.158026124101142473e+00
7.094258016927248889e+01 3.261101543874767028e-01 -1.158026124101142473e+00
7.094258016927248889e+01 3.261101543874767028e-01 -1.158026124101142473e+00
7.094258016927248889e+01 3.261101543874767028e-01 -1.158026124101142473e+00
7.094258016927248889e+01 3.261101543874767028e-01 -1.158026124101142473e+00
6.996843497752675489e+01 3.513519559252475943e-01 -1.073149355933969318e+00
6.996843497752675489e+01 3.513519559252475943e-01 -1.073149355933969318e+00
6.996843497752675489e+01 3.513519559252475943e-01 -1.073149355933969318e+00
6.946009840294169635e+01 3.405625920297914999e-01 -1.160456273866338650e+00
7.233041943160510812e+01 2.875499087617486293e-01 -1.100148715481536366e+00
7.233041943160510812e+01 2.875499087617486293e-01 -1.100148715481536366e+00
7.233041943160510812e+01 2.875499087617486293e-01 -1.100148715481536366e+00
7.233041943160510812e+01 2.875499087617486293e-01 -1.100148715481536366e+00
7.233041943160510812e+01 2.875499087617486293e-01 -1.100148715481536366e+00
7.233041943160510812e+01 2.875499087617486293e-01 -1.100148715481536366e+00
7.200135256121157568e+01 2.514675034963347322e-01 -9.808727947950469650e-01
7.016828781889221034e+01 2.266221609673303994e-01 -9.131027587227343867e-01
7.016828781889221034e+01 2.266221609673303994e-01 -9.131027587227343867e-01
7.016828781889221034e+01 2.266221609673303994e-01 -9.131027587227343867e-01
7.016828781889221034e+01 2.266221609673303994e-01 -9.131027587227343867e-01
7.016828781889221034e+01 2.266221609673303994e-01 -9.131027587227343867e-01
6.914981188064263051e+01 2.108074120212606595e-01 -8.163293739687914607e-01
6.914981188064263051e+01 2.108074120212606595e-01 -8.163293739687914607e-01
6.821811823899662386e+01 2.355314281328799164e-01 -7.701730725925873822e-01
6.821811823899662386e+01 2.355314281328799164e-01 -7.701730725925873822e-01
6.821811823899662386e+01 2.355314281328799164e-01 -7.701730725925873822e-01
6.838534718753687969e+01 2.149628546722122946e-01 -7.466440787856165606e-01
6.836444138776822399e+01 1.975884650410887899e-01 -6.786150099821496307e-01
6.836444138776822399e+01 1.975884650410887899e-01 -6.786150099821496307e-01
7.089019833662382553e+01 1.316094868057297584e-01 -7.428616837146477803e-01
7.089019833662382553e+01 1.316094868057297584e-01 -7.428616837146477803e-01
7.089019833662382553e+01 1.316094868057297584e-01 -7.428616837146477803e-01
7.089019833662382553e+01 1.316094868057297584e-01 -7.428616837146477803e-01
6.970677675704891385e+01 1.816235537963801772e-01 -7.337861242518429750e-01
6.883509014123330871e+01 2.036650972018845263e-01 -7.042927018091635905e-01
6.935819627348278971e+01 1.753573162653159212e-01 -7.070038624130220439e-01
6.935819627348278971e+01 1.753573162653159212e-01 -7.070038624130220439e-01
6.935819627348278971e+01 1.753573162653159212e-01 -7.070038624130220439e-01
6.935819627348278971e+01 1.753573162653159212e-01 -7.070038624130220439e-01
6.935819627348278971e+01 1.753573162653159212e-01 -7.070038624130220439e-01
6.955896562988390031e+01 1.349604466748435261e-01 -6.857694320740342908e-01
6.955896562988390031e+01 1.349604466748435261e-01 -6.857694320740342908e-01
6.955896562988390031e+01 1.349604466748435261e-01 -6.857694320740342908e-01
6.955896562988390031e+01 1.349604466748435261e-01 -6.857694320740342908e-01
7.050944668217130129e+01 9.719999766612824610e-02 -6.692686927724884605e-01
7.050944668217130129e+01 9.719999766612824610e-02 -6.692686927724884605e-01
7.050944668217130129e+01 9.719999766612824610e-02 -6.692686927724884605e-01
6.910160279602858679e+01 1.732561095741544932e-01 -7.578196549819461447e-01
6.910160279602858679e+01 1.732561095741544932e-01 -7.578196549819461447e-01
7.063585967824624845e+01 2.094087668797417479e-01 -9.091596350739585830e-01
7.063585967824624845e+01 2.094087668797417479e-01 -9.091596350739585830e-01
7.170132282450865091e+01 2.305330548353861086e-01 -9.987961744055393609e-01
7.170132282450865091e+01 2.305330548353861086e-01 -9.987961744055393609e-01
7.170132282450865091e+01 2.305330548353861086e-01 -9.987961744055393609e-01
7.170132282450865091e+01 2.305330548353861086e-01 -9.987961744055393609e-01
7.170132282450865091e+01 2.305330548353861086e-01 -9.987961744055393609e-01
7.070877020661014001e+01 2.357718205003835332e-01 -9.588890612864583440e-01
7.068853802715942436e+01 2.333487137991375748e-01 -9.478211755123390203e-01
7.150272270008089492e+01 2.332493695362153896e-01 -9.231353089699273484e-01
7.150272270008089492e+01 2.332493695362153896e-01 -9.231353089699273484e-01
7.150272270008089492e+01 2.332493695362153896e-01 -9.231353089699273484e-01
7.150272270008089492e+01 2.332493695362153896e-01 -9.231353089699273484e-01
7.150272270008089492e+01 2.332493695362153896e-01 -9.231353089699273484e-01
7.150272270008089492e+01 2.332493695362153896e-01 -9.231353089699273484e-01
7.150272270008089492e+01 2.332493695362153896e-01 -9.231353089699273484e-01
7.150272270008089492e+01 2.332493695362153896e-01 -9.231353089699273484e-01
7.150272270008089492e+01 2.332493695362153896e-01 -9.231353089699273484e-01
7.150272270008089492e+01 2.332493695362153896e-01 -9.231353089699273484e-01
7.035506103951709633e+01 2.294882747755002117e-01 -8.807890478279978286e-01
7.035506103951709633e+01 2.294882747755002117e-01 -8.807890478279978286e-01
7.035506103951709633e+01 2.294882747755002117e-01 -8.807890478279978286e-01
7.035506103951709633e+01 2.294882747755002117e-01 -8.807890478279978286e-01
7.035506103951709633e+01 2.294882747755002117e-01 -8.807890478279978286e-01
7.035506103951709633e+01 2.294882747755002117e-01 -8.807890478279978286e-01
7.035506103951709633e+01 2.294882747755002117e-01 -8.807890478279978286e-01
6.835700716648122466e+01 2.366571250025190087e-01 -7.677131668319903124e-01
6.835700716648122466e+01 2.366571250025190087e-01 -7.677131668319903124e-01
6.835700716648122466e+01 2.366571250025190087e-01 -7.677131668319903124e-01
6.835700716648122466e+01 2.366571250025190087e-01 -7.677131668319903124e-01
7.009543546793597102e+01 2.128978593169385536e-01 -8.267845182064490483e-01
7.009543546793597102e+01 2.128978593169385536e-01 -8.267845182064490483e-01
7.025047767227952988e+01 2.299807588597494457e-01 -8.209175473313184979e-01
7.025047767227952988e+01 2.299807588597494457e-01 -8.209175473313184979e-01
7.025047767227952988e+01 2.299807588597494457e-01 -8.209175473313184979e-01
7.025047767227952988e+01 2.299807588597494457e-01 -8.209175473313184979e-01
6.988906158159882409e+01 3.290025962952239924e-01 -9.637209952408282154e-01
6.988906158159882409e+01 3.290025962952239924e-01 -9.637209952408282154e-01
6.856123935268632863e+01 3.567840155595549678e-01 -9.813013095464904190e-01
6.856123935268632863e+01 3.567840155595549678e-01 -9.813013095464904190e-01
6.885873835972151369e+01 3.329921373754424763e-01 -9.778531301803666809e-01
6.885873835972151369e+01 3.329921373754424763e-01 -9.778531301803666809e-01
6.885873835972151369e+01 3.329921373754424763e-01 -9.778531301803666809e-01
6.885873835972151369e+01 3.329921373754424763e-01 -9.778531301803666809e-01
6.961821369555042338e+01 3.259149829104044382e-01 -1.001439146697748139e+00
6.961821369555042338e+01 3.259149829104044382e-01 -1.001439146697748139e+00
6.961821369555042338e+01 3.259149829104044382e-01 -1.001439146697748139e+00
6.961821369555042338e+01 3.259149829104044382e-01 -1.001439146697748139e+00
6.961821369555042338e+01 3.259149829104044382e-01 -1.001439146697748139e+00
6.961821369555042338e+01 3.259149829104044382e-01 -1.001439146697748139e+00
6.961821369555042338e+01 3.259149829104044382e-01 -1.001439146697748139e+00
6.961821369555042338e+01 3.259149829104044382e-01 -1.001439146697748139e+00
6.961821369555042338e+01 3.259149829104044382e-01 -1.001439146697748139e+00
6.961821369555042338e+01 3.259149829104044382e-01 -1.001439146697748139e+00
6.961821369555042338e+01 3.259149829104044382e-01 -1.001439146697748139e+00
6.961821369555042338e+01 3.259149829104044382e-01 -1.001439146697748139e+00
6.961821369555042338e+01 3.259149829104044382e-01 -1.001439146697748139e+00
6.961821369555042338e+01 3.259149829104044382e-01 -1.001439146697748139e+00
7.174771450384125160e+01 2.682451576207104949e-01 -1.124501112003162051e+00
7.174771450384125160e+01 2.682451576207104949e-01 -1.124501112003162051e+00
7.174771450384125160e+01 2.682451576207104949e-01 -1.124501112003162051e+00
7.174771450384125160e+01 2.682451576207104949e-01 -1.124501112003162051e+00
7.174771450384125160e+01 2.682451576207104949e-01 -1.124501112003162051e+00
7.174771450384125160e+01 2.682451576207104949e-01 -1.124501112003162051e+00
7.174771450384125160e+01 2.682451576207104949e-01 -1.124501112003162051e+00
7.245496040350778344e+01 2.962678845037884923e-01 -1.212936193733459067e+00
7.245496040350778344e+01 2.962678845037884923e-01 -1.212936193733459067e+00
7.245496040350778344e+01 2.962678845037884923e-01 -1.212936193733459067e+00
7.245496040350778344e+01 2.962678845037884923e-01 -1.212936193733459067e+00
7.290401752393839274e+01 3.080237136005380405e-01 -1.267186604980917286e+00
7.205627373953547021e+01 2.946752787346598734e-01 -1.222201509402134567e+00
7.205627373953547021e+01 2.946752787346598734e-01 -1.222201509402134567e+00
7.205627373953547021e+01 2.946752787346598734e-01 -1.222201509402134567e+00
7.205627373953547021e+01 2.946752787346598734e-01 -1.222201509402134567e+00
7.212094398995382960e+01 3.163502261015918027e-01 -1.299247855136311136e+00
7.139678488456904404e+01 3.360079028484317387e-01 -1.293465929672898529e+00
7.139678488456904404e+01 3.360079028484317387e-01 -1.293465929672898529e+00
6.974433121567602711e+01 3.612409902379502546e-01 -1.170284649365068708e+00
6.974433121567602711e+01 3.612409902379502546e-01 -1.170284649365068708e+00
6.974433121567602711e+01 3.612409902379502546e-01 -1.170284649365068708e+00
6.974433121567602711e+01 3.612409902379502546e-01 -1.170284649365068708e+00
6.974433121567602711e+01 3.612409902379502546e-01 -1.170284649365068708e+00
7.093096465536939377e+01 3.493925451478029909e-01 -1.250456563709986479e+00
7.093096465536939377e+01 3.493925451478029909e-01 -1.250456563709986479e+00
7.093096465536939377e+01 3.493925451478029909e-01 -1.250456563709986479e+00
7.093096465536939377e+01 3.493925451478029909e-01 -1.250456563709986479e+00
7.093096465536939377e+01 3.493925451478029909e-01 -1.250456563709986479e+00
7.093096465536939377e+01 3.493925451478029909e-01 -1.250456563709986479e+00
7.020086781697571610e+01 3.402345568727002667e-01 -1.125500914975009703e+00
7.020086781697571610e+01 3.402345568727002667e-01 -1.125500914975009703e+00
7.020086781697571610e+01 3.402345568727002667e-01 -1.125500914975009703e+00
7.020086781697571610e+01 3.402345568727002667e-01 -1.125500914975009703e+00
7.042496810781599947e+01 2.948460601453444796e-01 -1.031856193127591803e+00
7.175321552472664166e+01 2.436020650472865146e-01 -9.539357238149653861e-01
7.175321552472664166e+01 2.436020650472865146e-01 -9.539357238149653861e-01
7.175321552472664166e+01 2.436020650472865146e-01 -9.539357238149653861e-01
7.175321552472664166e+01 2.436020650472865146e-01 -9.539357238149653861e-01
7.114398938337700429e+01 2.740504096055049743e-01 -1.018437005059805944e+00
7.114398938337700429e+01 2.740504096055049743e-01 -1.018437005059805944e+00
6.905773648820790811e+01 2.711610094792727410e-01 -9.377920938004585816e-01
6.905773648820790811e+01 2.711610094792727410e-01 -9.377920938004585816e-01
7.006484004011562661e+01 2.535556869537972657e-01 -9.318311832084281709e-01
7.006484004011562661e+01 2.535556869537972657e-01 -9.318311832084281709e-01
7.006484004011562661e+01 2.535556869537972657e-01 -9.318311832084281709e-01
7.067308589616727943e+01 2.620195849633800145e-01 -9.858449285136583473e-01
7.067308589616727943e+01 2.620195849633800145e-01 -9.858449285136583473e-01
7.067308589616727943e+01 2.620195849633800145e-01 -9.858449285136583473e-01
7.067308589616727943e+01 2.620195849633800145e-01 -9.858449285136583473e-01
7.067308589616727943e+01 2.620195849633800145e-01 -9.858449285136583473e-01
7.067308589616727943e+01 2.620195849633800145e-01 -9.858449285136583473e-01
7.067308589616727943e+01 2.620195849633800145e-01 -9.858449285136583473e-01
7.067308589616727943e+01 2.620195849633800145e-01 -9.858449285136583473e-01
7.067308589616727943e+01 2.620195849633800145e-01 -9.858449285136583473e-01
7.067308589616727943e+01 2.620195849633800145e-01 -9.858449285136583473e-01
7.067308589616727943e+01 2.620195849633800145e-01 -9.858449285136583473e-01
7.067308589616727943e+01 2.620195849633800145e-01 -9.858449285136583473e-01
7.067308589616727943e+01 2.620195849633800145e-01 -9.858449285136583473e-01
7.067308589616727943e+01 2.620195849633800145e-01 -9.858449285136583473e-01
7.067308589616727943e+01 2.620195849633800145e-01 -9.858449285136583473e-01
7.155592866472517244e+01 1.974605152701854882e-01 -9.317436663155065357e-01
7.155592866472517244e+01 1.974605152701854882e-01 -9.317436663155065357e-01
7.195576851287098918e+01 2.270084358149450643e-01 -9.595714766999595691e-01
7.195576851287098918e+01 2.270084358149450643e-01 -9.595714766999595691e-01
7.195576851287098918e+01 2.270084358149450643e-01 -9.595714766999595691e-01
7.195576851287098918e+01 2.270084358149450643e-01 -9.595714766999595691e-01
7.195576851287098918e+01 2.270084358149450643e-01 -9.595714766999595691e-01
7.195576851287098918e+01 2.270084358149450643e-01 -9.595714766999595691e-01
7.195576851287098918e+01 2.270084358149450643e-01 -9.595714766999595691e-01
7.195576851287098918e+01 2.270084358149450643e-01 -9.595714766999595691e-01
7.195576851287098918e+01 2.270084358149450643e-01 -9.595714766999595691e-01
7.195576851287098918e+01 2.270084358149450643e-01 -9.595714766999595691e-01
7.195576851287098918e+01 2.270084358149450643e-01 -9.595714766999595691e-01
7.195576851287098918e+01 2.270084358149450643e-01 -9.595714766999595691e-01
7.128663471311625699e+01 2.315745688829301818e-01 -9.503695828611751217e-01
7.128663471311625699e+01 2.315745688829301818e-01 -9.503695828611751217e-01
7.128663471311625699e+01 2.315745688829301818e-01 -9.503695828611751217e-01
7.128663471311625699e+01 2.315745688829301818e-01 -9.503695828611751217e-01
7.128663471311625699e+01 2.315745688829301818e-01 -9.503695828611751217e-01
7.128663471311625699e+01 2.315745688829301818e-01 -9.503695828611751217e-01
7.128663471311625699e+01 2.315745688829301818e-01 -9.503695828611751217e-01
7.128663471311625699e+01 2.315745688829301818e-01 -9.503695828611751217e-01
7.205358857792609228e+01 2.437165125699417290e-01 -1.033657230234403146e+00
7.115364301832180161e+01 2.657469134667815869e-01 -1.110740137694667062e+00
7.115364301832180161e+01 2.657469134667815869e-01 -1.110740137694667062e+00
7.115364301832180161e+01 2.657469134667815869e-01 -1.110740137694667062e+00
7.115364301832180161e+01 2.657469134667815869e-01 -1.110740137694667062e+00
7.115364301832180161e+01 2.657469134667815869e-01 -1.110740137694667062e+00
7.155734141285937255e+01 2.937301031627400083e-01 -1.196302377086980506e+00
7.155734141285937255e+01 2.937301031627400083e-01 -1.196302377086980506e+00
7.058322234511780380e+01 3.258581625972627460e-01 -1.130588597557983688e+00
7.058322234511780380e+01 3.258581625972627460e-01 -1.130588597557983688e+00
7.058322234511780380e+01 3.258581625972627460e-01 -1.130588597557983688e+00
7.042739687010927696e+01 3.368567481866960311e-01 -1.146967466181529671e+00
7.042739687010927696e+01 3.368567481866960311e-01 -1.146967466181529671e+00
7.042739687010927696e+01 3.368567481866960311e-01 -1.146967466181529671e+00
6.954005663814182014e+01 3.456039798412171016e-01 -1.047479798173262644e+00
6.954005663814182014e+01 3.456039798412171016e-01 -1.047479798173262644e+00
6.954005663814182014e+01 3.456039798412171016e-01 -1.047479798173262644e+00
7.058092204051929741e+01 3.253937239090278766e-01 -1.081194701386708257e+00
7.058092204051929741e+01 3.253937239090278766e-01 -1.081194701386708257e+00
7.058092204051929741e+01 3.253937239090278766e-01 -1.081194701386708257e+00
7.133217140316699556e+01 2.933831469862167030e-01 -1.036991000086982861e+00
7.133217140316699556e+01 2.933831469862167030e-01 -1.036991000086982861e+00
7.133217140316699556e+01 2.933831469862167030e-01 -1.036991000086982861e+00
7.133217140316699556e+01 2.933831469862167030e-01 -1.036991000086982861e+00
7.133217140316699556e+01 2.933831469862167030e-01 -1.036991000086982861e+00
7.006521818730132622e+01 3.135690846486341443e-01 -1.042292415051979004e+00
7.006521818730132622e+01 3.135690846486341443e-01 -1.042292415051979004e+00
7.006521818730132622e+01 3.135690846486341443e-01 -1.042292415051979004e+00
7.006521818730132622e+01 3.135690846486341443e-01 -1.042292415051979004e+00
7.006521818730132622e+01 3.135690846486341443e-01 -1.042292415051979004e+00
7.006521818730132622e+01 3.135690846486341443e-01 -1.042292415051979004e+00
7.146866658714714049e+01 2.703605559729220786e-01 -1.080608193014570562e+00
7.146866658714714049e+01 2.703605559729220786e-01 -1.080608193014570562e+00
7.188013149149756487e+01 2.545041870392199534e-01 -1.061335093264700324e+00
7.188013149149756487e+01 2.545041870392199534e-01 -1.061335093264700324e+00
7.188013149149756487e+01 2.545041870392199534e-01 -1.061335093264700324e+00
7.188013149149756487e+01 2.545041870392199534e-01 -1.061335093264700324e+00
7.188013149149756487e+01 2.545041870392199534e-01 -1.061335093264700324e+00
7.319481541603320807e+01 2.830884237826422067e-01 -1.169714934507547710e+00
7.283647593657420316e+01 2.400626930006914683e-01 -1.157855427587251684e+00
7.283647593657420316e+01 2.400626930006914683e-01 -1.157855427587251684e+00
7.283647593657420316e+01 2.400626930006914683e-01 -1.157855427587251684e+00
7.368737753014993075e+01 2.661044660248506055e-01 -1.141796053748881601e+00
7.319734267809785422e+01 2.254775355553086946e-01 -1.112291347998326296e+00
7.319734267809785422e+01 2.254775355553086946e-01 -1.112291347998326296e+00
7.319734267809785422e+01 2.254775355553086946e-01 -1.112291347998326296e+00
7.319734267809785422e+01 2.254775355553086946e-01 -1.112291347998326296e+00
7.319734267809785422e+01 2.254775355553086946e-01 -1.112291347998326296e+00
7.319734267809785422e+01 2.254775355553086946e-01 -1.112291347998326296e+00
7.319734267809785422e+01 2.254775355553086946e-01 -1.112291347998326296e+00
7.178812213150854404e+01 2.554530400496682896e-01 -1.061747570222538517e+00
7.178812213150854404e+01 2.554530400496682896e-01 -1.061747570222538517e+00
7.178812213150854404e+01 2.554530400496682896e-01 -1.061747570222538517e+00
7.178812213150854404e+01 2.554530400496682896e-01 -1.061747570222538517e+00
7.178812213150854404e+01 2.554530400496682896e-01 -1.061747570222538517e+00
7.178812213150854404e+01 2.554530400496682896e-01 -1.061747570222538517e+00
7.178812213150854404e+01 2.554530400496682896e-01 -1.061747570222538517e+00
7.178812213150854404e+01 2.554530400496682896e-01 -1.061747570222538517e+00
7.178812213150854404e+01 2.554530400496682896e-01 -1.061747570222538517e+00
7.088911400834504661e+01 2.668143986382192634e-01 -9.893377508720408997e-01
7.088911400834504661e+01 2.668143986382192634e-01 -9.893377508720408997e-01
7.088911400834504661e+01 2.668143986382192634e-01 -9.893377508720408997e-01
7.088911400834504661e+01 2.668143986382192634e-01 -9.893377508720408997e-01
7.088911400834504661e+01 2.668143986382192634e-01 -9.893377508720408997e-01
7.088911400834504661e+01 2.668143986382192634e-01 -9.893377508720408997e-01
7.088911400834504661e+01 2.668143986382192634e-01 -9.893377508720408997e-01
7.088911400834504661e+01 2.668143986382192634e-01 -9.893377508720408997e-01
7.088911400834504661e+01 2.668143986382192634e-01 -9.893377508720408997e-01
7.088911400834504661e+01 2.668143986382192634e-01 -9.893377508720408997e-01
7.088911400834504661e+01 2.668143986382192634e-01 -9.893377508720408997e-01
7.088911400834504661e+01 2.668143986382192634e-01 -9.893377508720408997e-01
7.088911400834504661e+01 2.668143986382192634e-01 -9.893377508720408997e-01
7.088911400834504661e+01 2.668143986382192634e-01 -9.893377508720408997e-01
7.088911400834504661e+01 2.668143986382192634e-01 -9.893377508720408997e-01
7.149375067795455152e+01 2.515557629142626261e-01 -1.019959944767397708e+00
7.149375067795455152e+01 2.515557629142626261e-01 -1.019959944767397708e+00
7.149375067795455152e+01 2.515557629142626261e-01 -1.019959944767397708e+00
7.149375067795455152e+01 2.515557629142626261e-01 -1.019959944767397708e+00
7.149375067795455152e+01 2.515557629142626261e-01 -1.019959944767397708e+00
7.041987729082880776e+01 3.049518393781933678e-01 -1.014116910198721522e+00
7.041987729082880776e+01 3.049518393781933678e-01 -1.014116910198721522e+00
7.041987729082880776e+01 3.049518393781933678e-01 -1.014116910198721522e+00
7.041987729082880776e+01 3.049518393781933678e-01 -1.014116910198721522e+00
7.041987729082880776e+01 3.049518393781933678e-01 -1.014116910198721522e+00
7.041987729082880776e+01 3.049518393781933678e-01 -1.014116910198721522e+00
7.041987729082880776e+01 3.049518393781933678e-01 -1.014116910198721522e+00
7.041987729082880776e+01 3.049518393781933678e-01 -1.014116910198721522e+00
7.041987729082880776e+01 3.049518393781933678e-01 -1.014116910198721522e+00
6.975908628485603913e+01 3.355529162675924271e-01 -1.067491534205361248e+00
6.975908628485603913e+01 3.355529162675924271e-01 -1.067491534205361248e+00
6.975908628485603913e+01 3.355529162675924271e-01 -1.067491534205361248e+00
6.972801048011008618e+01 3.263725679867054419e-01 -1.002868906352971212e+00
6.986383076169640560e+01 3.242186336123359935e-01 -1.062340377207502851e+00
6.986383076169640560e+01 3.242186336123359935e-01 -1.062340377207502851e+00
6.986383076169640560e+01 3.242186336123359935e-01 -1.062340377207502851e+00
6.986383076169640560e+01 3.242186336123359935e-01 -1.062340377207502851e+00
6.986383076169640560e+01 3.242186336123359935e-01 -1.062340377207502851e+00
6.986383076169640560e+01 3.242186336123359935e-01 -1.062340377207502851e+00
6.986383076169640560e+01 3.242186336123359935e-01 -1.062340377207502851e+00
6.986383076169640560e+01 3.242186336123359935e-01 -1.062340377207502851e+00
6.986383076169640560e+01 3.242186336123359935e-01 -1.062340377207502851e+00
6.986383076169640560e+01 3.242186336123359935e-01 -1.062340377207502851e+00
6.986383076169640560e+01 3.242186336123359935e-01 -1.062340377207502851e+00
6.986383076169640560e+01 3.242186336123359935e-01 -1.062340377207502851e+00
6.986383076169640560e+01 3.242186336123359935e-01 -1.062340377207502851e+00
6.986383076169640560e+01 3.242186336123359935e-01 -1.062340377207502851e+00
6.986383076169640560e+01 3.242186336123359935e-01 -1.062340377207502851e+00
6.986383076169640560e+01 3.242186336123359935e-01 -1.062340377207502851e+00
6.986383076169640560e+01 3.242186336123359935e-01 -1.062340377207502851e+00
6.986383076169640560e+01 3.242186336123359935e-01 -1.062340377207502851e+00
6.986383076169640560e+01 3.242186336123359935e-01 -1.062340377207502851e+00
7.003229892387867039e+01 3.105085153191727287e-01 -1.065324039518440902e+00
7.003229892387867039e+01 3.105085153191727287e-01 -1.065324039518440902e+00
7.003229892387867039e+01 3.105085153191727287e-01 -1.065324039518440902e+00
7.003229892387867039e+01 3.105085153191727287e-01 -1.065324039518440902e+00
7.003229892387867039e+01 3.105085153191727287e-01 -1.065324039518440902e+00
7.003229892387867039e+01 3.105085153191727287e-01 -1.065324039518440902e+00
7.003229892387867039e+01 3.105085153191727287e-01 -1.065324039518440902e+00
7.003229892387867039e+01 3.105085153191727287e-01 -1.065324039518440902e+00
6.960849134092595136e+01 3.709356448324140909e-01 -1.199170633959016907e+00
7.166587149658120381e+01 2.908799787769754119e-01 -1.145358893760299424e+00
7.166587149658120381e+01 2.908799787769754119e-01 -1.145358893760299424e+00
7.060201951467878700e+01 3.027126140604815552e-01 -1.052740483637068847e+00
7.060201951467878700e+01 3.027126140604815552e-01 -1.052740483637068847e+00
7.069416036002007786e+01 2.747057555018423414e-01 -1.012098735041705888e+00
7.069416036002007786e+01 2.747057555018423414e-01 -1.012098735041705888e+00
7.069416036002007786e+01 2.747057555018423414e-01 -1.012098735041705888e+00
7.069416036002007786e+01 2.747057555018423414e-01 -1.012098735041705888e+00
7.069416036002007786e+01 2.747057555018423414e-01 -1.012098735041705888e+00
7.069416036002007786e+01 2.747057555018423414e-01 -1.012098735041705888e+00
7.069416036002007786e+01 2.747057555018423414e-01 -1.012098735041705888e+00
7.069416036002007786e+01 2.747057555018423414e-01 -1.012098735041705888e+00
7.069416036002007786e+01 2.747057555018423414e-01 -1.012098735041705888e+00
7.013423359458332129e+01 2.790759020390198852e-01 -9.627706696326587821e-01
7.013423359458332129e+01 2.790759020390198852e-01 -9.627706696326587821e-01
7.013423359458332129e+01 2.790759020390198852e-01 -9.627706696326587821e-01
7.013423359458332129e+01 2.790759020390198852e-01 -9.627706696326587821e-01
7.013423359458332129e+01 2.790759020390198852e-01 -9.627706696326587821e-01
7.013423359458332129e+01 2.790759020390198852e-01 -9.627706696326587821e-01
7.013423359458332129e+01 2.790759020390198852e-01 -9.627706696326587821e-01
7.013423359458332129e+01 2.790759020390198852e-01 -9.627706696326587821e-01
7.038573676464694984e+01 2.698683980561568663e-01 -9.117432200434665290e-01
7.038573676464694984e+01 2.698683980561568663e-01 -9.117432200434665290e-01
6.969092055214412085e+01 2.848960423839547174e-01 -9.217972709613302396e-01
6.969092055214412085e+01 2.848960423839547174e-01 -9.217972709613302396e-01
6.969092055214412085e+01 2.848960423839547174e-01 -9.217972709613302396e-01
6.969092055214412085e+01 2.848960423839547174e-01 -9.217972709613302396e-01
6.969092055214412085e+01 2.848960423839547174e-01 -9.217972709613302396e-01
6.969092055214412085e+01 2.848960423839547174e-01 -9.217972709613302396e-01
6.969092055214412085e+01 2.848960423839547174e-01 -9.217972709613302396e-01
6.969092055214412085e+01 2.848960423839547174e-01 -9.217972709613302396e-01
6.929617418690075681e+01 2.852458048559610160e-01 -9.062508234718579248e-01
6.929617418690075681e+01 2.852458048559610160e-01 -9.062508234718579248e-01
6.929617418690075681e+01 2.852458048559610160e-01 -9.062508234718579248e-01
6.929617418690075681e+01 2.852458048559610160e-01 -9.062508234718579248e-01
6.929617418690075681e+01 2.852458048559610160e-01 -9.062508234718579248e-01
6.929617418690075681e+01 2.852458048559610160e-01 -9.062508234718579248e-01
6.929617418690075681e+01 2.852458048559610160e-01 -9.062508234718579248e-01
6.929617418690075681e+01 2.852458048559610160e-01 -9.062508234718579248e-01
6.929617418690075681e+01 2.852458048559610160e-01 -9.062508234718579248e-01
6.929617418690075681e+01 2.852458048559610160e-01 -9.062508234718579248e-01
6.929617418690075681e+01 2.852458048559610160e-01 -9.062508234718579248e-01
6.929617418690075681e+01 2.852458048559610160e-01 -9.062508234718579248e-01
6.929617418690075681e+01 2.852458048559610160e-01 -9.062508234718579248e-01
6.929617418690075681e+01 2.852458048559610160e-01 -9.062508234718579248e-01
6.882596656518184375e+01 2.937439784078633154e-01 -9.172897278809221122e-01
6.882596656518184375e+01 2.937439784078633154e-01 -9.172897278809221122e-01
6.882596656518184375e+01 2.937439784078633154e-01 -9.172897278809221122e-01
7.145194820020546445e+01 2.973462015004375014e-01 -1.083307397229066549e+00
7.145194820020546445e+01 2.973462015004375014e-01 -1.083307397229066549e+00
7.145194820020546445e+01 2.973462015004375014e-01 -1.083307397229066549e+00
7.145194820020546445e+01 2.973462015004375014e-01 -1.083307397229066549e+00
7.145194820020546445e+01 2.973462015004375014e-01 -1.083307397229066549e+00
7.145194820020546445e+01 2.973462015004375014e-01 -1.083307397229066549e+00
7.145194820020546445e+01 2.973462015004375014e-01 -1.083307397229066549e+00
7.145194820020546445e+01 2.973462015004375014e-01 -1.083307397229066549e+00
7.145194820020546445e+01 2.973462015004375014e-01 -1.083307397229066549e+00
7.145194820020546445e+01 2.973462015004375014e-01 -1.083307397229066549e+00
7.145194820020546445e+01 2.973462015004375014e-01 -1.083307397229066549e+00
7.145194820020546445e+01 2.973462015004375014e-01 -1.083307397229066549e+00
7.145194820020546445e+01 2.973462015004375014e-01 -1.083307397229066549e+00
7.005554108744632913e+01 3.481089853401596046e-01 -1.096446745782398535e+00
7.158768181382463069e+01 2.960335149300754587e-01 -1.169089681335401032e+00
7.158768181382463069e+01 2.960335149300754587e-01 -1.169089681335401032e+00
7.158768181382463069e+01 2.960335149300754587e-01 -1.169089681335401032e+00
7.158768181382463069e+01 2.960335149300754587e-01 -1.169089681335401032e+00
7.158768181382463069e+01 2.960335149300754587e-01 -1.169089681335401032e+00
7.158768181382463069e+01 2.960335149300754587e-01 -1.169089681335401032e+00
7.158768181382463069e+01 2.960335149300754587e-01 -1.169089681335401032e+00
7.158768181382463069e+01 2.960335149300754587e-01 -1.169089681335401032e+00
7.158768181382463069e+01 2.960335149300754587e-01 -1.169089681335401032e+00
7.158768181382463069e+01 2.960335149300754587e-01 -1.169089681335401032e+00
7.158768181382463069e+01 2.960335149300754587e-01 -1.169089681335401032e+00
7.042770796738658134e+01 3.381800943124561587e-01 -1.147538845160291254e+00
7.042770796738658134e+01 3.381800943124561587e-01 -1.147538845160291254e+00
7.042770796738658134e+01 3.381800943124561587e-01 -1.147538845160291254e+00
7.042770796738658134e+01 3.381800943124561587e-01 -1.147538845160291254e+00
7.042770796738658134e+01 3.381800943124561587e-01 -1.147538845160291254e+00
7.042770796738658134e+01 3.381800943124561587e-01 -1.147538845160291254e+00
7.042770796738658134e+01 3.381800943124561587e-01 -1.147538845160291254e+00
7.042770796738658134e+01 3.381800943124561587e-01 -1.147538845160291254e+00
7.042770796738658134e+01 3.381800943124561587e-01 -1.147538845160291254e+00
7.042770796738658134e+01 3.381800943124561587e-01 -1.147538845160291254e+00
7.042770796738658134e+01 3.381800943124561587e-01 -1.147538845160291254e+00
7.042770796738658134e+01 3.381800943124561587e-01 -1.147538845160291254e+00
7.042770796738658134e+01 3.381800943124561587e-01 -1.147538845160291254e+00
7.042770796738658134e+01 3.381800943124561587e-01 -1.147538845160291254e+00
7.042770796738658134e+01 3.381800943124561587e-01 -1.147538845160291254e+00
7.042770796738658134e+01 3.381800943124561587e-01 -1.147538845160291254e+00
7.042770796738658134e+01 3.381800943124561587e-01 -1.147538845160291254e+00
7.042770796738658134e+01 3.381800943124561587e-01 -1.147538845160291254e+00
7.042770796738658134e+01 3.381800943124561587e-01 -1.147538845160291254e+00
7.042770796738658134e+01 3.381800943124561587e-01 -1.147538845160291254e+00
7.027397922422517240e+01 3.302232855342183693e-01 -1.165719472981358917e+00
7.027397922422517240e+01 3.302232855342183693e-01 -1.165719472981358917e+00
7.027397922422517240e+01 3.302232855342183693e-01 -1.165719472981358917e+00
7.027397922422517240e+01 3.302232855342183693e-01 -1.165719472981358917e+00
7.027397922422517240e+01 3.302232855342183693e-01 -1.165719472981358917e+00
7.076415268279271231e+01 3.086649619970738279e-01 -1.029359059973857571e+00
7.076415268279271231e+01 3.086649619970738279e-01 -1.029359059973857571e+00
7.076415268279271231e+01 3.086649619970738279e-01 -1.029359059973857571e+00
6.968478670938347364e+01 3.187730606531417599e-01 -9.559097208869968831e-01
6.968478670938347364e+01 3.187730606531417599e-01 -9.559097208869968831e-01
7.122436471145178416e+01 3.242974708785738569e-01 -1.050977255866243798e+00
7.122436471145178416e+01 3.242974708785738569e-01 -1.050977255866243798e+00
7.122436471145178416e+01 3.242974708785738569e-01 -1.050977255866243798e+00
6.998401657084181693e+01 3.049443023133351915e-01 -1.067768815606399135e+00
6.998401657084181693e+01 3.049443023133351915e-01 -1.067768815606399135e+00
6.998401657084181693e+01 3.049443023133351915e-01 -1.067768815606399135e+00
6.990402606971755972e+01 3.197709977684298766e-01 -1.032147842853792019e+00
6.990402606971755972e+01 3.197709977684298766e-01 -1.032147842853792019e+00
6.920193392684866751e+01 2.971340084561050476e-01 -9.267371317710790812e-01
6.920193392684866751e+01 2.971340084561050476e-01 -9.267371317710790812e-01
6.920193392684866751e+01 2.971340084561050476e-01 -9.267371317710790812e-01
6.920193392684866751e+01 2.971340084561050476e-01 -9.267371317710790812e-01
6.920193392684866751e+01 2.971340084561050476e-01 -9.267371317710790812e-01
6.920193392684866751e+01 2.971340084561050476e-01 -9.267371317710790812e-01
6.920193392684866751e+01 2.971340084561050476e-01 -9.267371317710790812e-01
6.961490799916174410e+01 3.285096091207049263e-01 -1.029924354507676609e+00
6.987061990180019677e+01 3.106437843001999544e-01 -1.007815990674750362e+00
6.987061990180019677e+01 3.106437843001999544e-01 -1.007815990674750362e+00
6.987061990180019677e+01 3.106437843001999544e-01 -1.007815990674750362e+00
6.987061990180019677e+01 3.106437843001999544e-01 -1.007815990674750362e+00
6.987061990180019677e+01 3.106437843001999544e-01 -1.007815990674750362e+00
6.987061990180019677e+01 3.106437843001999544e-01 -1.007815990674750362e+00
6.987061990180019677e+01 3.106437843001999544e-01 -1.007815990674750362e+00
6.987061990180019677e+01 3.106437843001999544e-01 -1.007815990674750362e+00
6.987061990180019677e+01 3.106437843001999544e-01 -1.007815990674750362e+00
6.987061990180019677e+01 3.106437843001999544e-01 -1.007815990674750362e+00
6.987061990180019677e+01 3.106437843001999544e-01 -1.007815990674750362e+00
6.991270207181720764e+01 2.915705744090170137e-01 -1.014783313978141255e+00
6.991270207181720764e+01 2.915705744090170137e-01 -1.014783313978141255e+00
7.063246285560460080e+01 2.892231943435935038e-01 -1.001660896101756570e+00
6.911246163346423543e+01 3.351975783026652222e-01 -9.697637005432894197e-01
7.134905153423994761e+01 2.794771951918473829e-01 -1.057506942635998426e+00
7.134905153423994761e+01 2.794771951918473829e-01 -1.057506942635998426e+00
7.134905153423994761e+01 2.794771951918473829e-01 -1.057506942635998426e+00
7.134905153423994761e+01 2.794771951918473829e-01 -1.057506942635998426e+00
7.191774174964841393e+01 2.643124537747339464e-01 -1.036438532955254122e+00
7.191774174964841393e+01 2.643124537747339464e-01 -1.036438532955254122e+00
7.080590073024259823e+01 2.719679496095496751e-01 -9.903661248631492331e-01
7.080590073024259823e+01 2.719679496095496751e-01 -9.903661248631492331e-01
7.080590073024259823e+01 2.719679496095496751e-01 -9.903661248631492331e-01
7.027668650554713281e+01 2.523836697823445552e-01 -8.952097627325431572e-01
7.027668650554713281e+01 2.523836697823445552e-01 -8.952097627325431572e-01
7.027668650554713281e+01 2.523836697823445552e-01 -8.952097627325431572e-01
7.027668650554713281e+01 2.523836697823445552e-01 -8.952097627325431572e-01
7.027668650554713281e+01 2.523836697823445552e-01 -8.952097627325431572e-01
7.027668650554713281e+01 2.523836697823445552e-01 -8.952097627325431572e-01
7.027668650554713281e+01 2.523836697823445552e-01 -8.952097627325431572e-01
7.027668650554713281e+01 2.523836697823445552e-01 -8.952097627325431572e-01
7.027668650554713281e+01 2.523836697823445552e-01 -8.952097627325431572e-01
6.867401403012392791e+01 2.042845120794213598e-01 -7.591112767721430732e-01
6.867401403012392791e+01 2.042845120794213598e-01 -7.591112767721430732e-01
6.988468932983791149e+01 2.197088045200081552e-01 -8.186454800943772092e-01
6.988468932983791149e+01 2.197088045200081552e-01 -8.186454800943772092e-01
6.937153177732560039e+01 1.909116249141463995e-01 -7.410456517420656031e-01
6.937153177732560039e+01 1.909116249141463995e-01 -7.410456517420656031e-01
6.937153177732560039e+01 1.909116249141463995e-01 -7.410456517420656031e-01
6.937153177732560039e+01 1.909116249141463995e-01 -7.410456517420656031e-01
6.937153177732560039e+01 1.909116249141463995e-01 -7.410456517420656031e-01
6.937153177732560039e+01 1.909116249141463995e-01 -7.410456517420656031e-01
6.937153177732560039e+01 1.909116249141463995e-01 -7.410456517420656031e-01
6.937153177732560039e+01 1.909116249141463995e-01 -7.410456517420656031e-01
6.937153177732560039e+01 1.909116249141463995e-01 -7.410456517420656031e-01
6.960094423906856775e+01 1.732953829101349930e-01 -7.574936280365592856e-01
7.048591409860601686e+01 1.457982611605024292e-01 -7.112001815937248894e-01
7.048591409860601686e+01 1.457982611605024292e-01 -7.112001815937248894e-01
7.048591409860601686e+01 1.457982611605024292e-01 -7.112001815937248894e-01
7.051687676619614820e+01 2.050757799342967924e-01 -7.642258022952389540e-01
6.957366502377220741e+01 2.303309169308380144e-01 -7.857020095579897445e-01
6.957366502377220741e+01 2.303309169308380144e-01 -7.857020095579897445e-01
6.957366502377220741e+01 2.303309169308380144e-01 -7.857020095579897445e-01
6.957366502377220741e+01 2.303309169308380144e-01 -7.857020095579897445e-01
6.957366502377220741e+01 2.303309169308380144e-01 -7.857020095579897445e-01
6.957366502377220741e+01 2.303309169308380144e-01 -7.857020095579897445e-01
6.957366502377220741e+01 2.303309169308380144e-01 -7.857020095579897445e-01
6.957366502377220741e+01 2.303309169308380144e-01 -7.857020095579897445e-01
6.957366502377220741e+01 2.303309169308380144e-01 -7.857020095579897445e-01
6.957366502377220741e+01 2.303309169308380144e-01 -7.857020095579897445e-01
6.957366502377220741e+01 2.303309169308380144e-01 -7.857020095579897445e-01
6.957366502377220741e+01 2.303309169308380144e-01 -7.857020095579897445e-01
6.957366502377220741e+01 2.303309169308380144e-01 -7.857020095579897445e-01
6.957366502377220741e+01 2.303309169308380144e-01 -7.857020095579897445e-01
6.957366502377220741e+01 2.303309169308380144e-01 -7.857020095579897445e-01
6.957366502377220741e+01 2.303309169308380144e-01 -7.857020095579897445e-01
6.957366502377220741e+01 2.303309169308380144e-01 -7.857020095579897445e-01
6.957366502377220741e+01 2.303309169308380144e-01 -7.857020095579897445e-01
6.957366502377220741e+01 2.303309169308380144e-01 -7.857020095579897445e-01
6.957366502377220741e+01 2.303309169308380144e-01 -7.857020095579897445e-01
6.897903500772103769e+01 2.117065531637567499e-01 -7.286606831317410382e-01
6.897903500772103769e+01 2.117065531637567499e-01 -7.286606831317410382e-01
6.897903500772103769e+01 2.117065531637567499e-01 -7.286606831317410382e-01
6.712102118606145496e+01 1.539157401387260815e-01 -5.720701531450067545e-01
6.778620653329286938e+01 1.472397617938949743e-01 -6.087530783251613453e-01
6.778620653329286938e+01 1.472397617938949743e-01 -6.087530783251613453e-01
6.778620653329286938e+01 1.472397617938949743e-01 -6.087530783251613453e-01
6.900605731326268710e+01 1.000925956601004252e-01 -5.763757199105881135e-01
6.900605731326268710e+01 1.000925956601004252e-01 -5.763757199105881135e-01
6.900605731326268710e+01 1.000925956601004252e-01 -5.763757199105881135e-01
6.916798240488630256e+01 5.856680635189875916e-02 -5.508486156581798854e-01
6.916798240488630256e+01 5.856680635189875916e-02 -5.508486156581798854e-01
7.020526529145037387e+01 9.203024934786178946e-02 -6.174232502942604839e-01
7.020526529145037387e+01 9.203024934786178946e-02 -6.174232502942604839e-01
6.946760377071643688e+01 1.752617718324566143e-01 -6.743732608982768717e-01
6.946760377071643688e+01 1.752617718324566143e-01 -6.743732608982768717e-01
6.785823594770383238e+01 2.209740265054795927e-01 -6.605208336622732102e-01
6.785823594770383238e+01 2.209740265054795927e-01 -6.605208336622732102e-01
6.785823594770383238e+01 2.209740265054795927e-01 -6.605208336622732102e-01
6.785823594770383238e+01 2.209740265054795927e-01 -6.605208336622732102e-01
6.785823594770383238e+01 2.209740265054795927e-01 -6.605208336622732102e-01
6.785823594770383238e+01 2.209740265054795927e-01 -6.605208336622732102e-01
6.785823594770383238e+01 2.209740265054795927e-01 -6.605208336622732102e-01
6.785823594770383238e+01 2.209740265054795927e-01 -6.605208336622732102e-01
6.841929261972173038e+01 2.090246254342961740e-01 -6.909062976134624501e-01
6.841929261972173038e+01 2.090246254342961740e-01 -6.909062976134624501e-01
6.841929261972173038e+01 2.090246254342961740e-01 -6.909062976134624501e-01
6.841929261972173038e+01 2.090246254342961740e-01 -6.909062976134624501e-01
6.841929261972173038e+01 2.090246254342961740e-01 -6.909062976134624501e-01
6.841929261972173038e+01 2.090246254342961740e-01 -6.909062976134624501e-01
6.841929261972173038e+01 2.090246254342961740e-01 -6.909062976134624501e-01
6.791496715051228250e+01 2.037536473002044823e-01 -6.651154732352149157e-01
6.791496715051228250e+01 2.037536473002044823e-01 -6.651154732352149157e-01
6.791496715051228250e+01 2.037536473002044823e-01 -6.651154732352149157e-01
6.791496715051228250e+01 2.037536473002044823e-01 -6.651154732352149157e-01
6.791496715051228250e+01 2.037536473002044823e-01 -6.651154732352149157e-01
6.791496715051228250e+01 2.037536473002044823e-01 -6.651154732352149157e-01
6.791496715051228250e+01 2.037536473002044823e-01 -6.651154732352149157e-01
6.791496715051228250e+01 2.037536473002044823e-01 -6.651154732352149157e-01
6.791496715051228250e+01 2.037536473002044823e-01 -6.651154732352149157e-01
6.791496715051228250e+01 2.037536473002044823e-01 -6.651154732352149157e-01
6.791496715051228250e+01 2.037536473002044823e-01 -6.651154732352149157e-01
6.791496715051228250e+01 2.037536473002044823e-01 -6.651154732352149157e-01
6.673200051999207005e+01 2.424558250842895057e-01 -6.278463962597348180e-01
6.673200051999207005e+01 2.424558250842895057e-01 -6.278463962597348180e-01
6.673200051999207005e+01 2.424558250842895057e-01 -6.278463962597348180e-01
6.832603657695476329e+01 1.751552972827227772e-01 -6.449634216206548976e-01
6.832603657695476329e+01 1.751552972827227772e-01 -6.449634216206548976e-01
6.832603657695476329e+01 1.751552972827227772e-01 -6.449634216206548976e-01
6.832603657695476329e+01 1.751552972827227772e-01 -6.449634216206548976e-01
6.832603657695476329e+01 1.751552972827227772e-01 -6.449634216206548976e-01
6.832603657695476329e+01 1.751552972827227772e-01 -6.449634216206548976e-01
6.832603657695476329e+01 1.751552972827227772e-01 -6.449634216206548976e-01
6.832603657695476329e+01 1.751552972827227772e-01 -6.449634216206548976e-01
6.832603657695476329e+01 1.751552972827227772e-01 -6.449634216206548976e-01
6.832603657695476329e+01 1.751552972827227772e-01 -6.449634216206548976e-01
6.832603657695476329e+01 1.751552972827227772e-01 -6.449634216206548976e-01
6.832603657695476329e+01 1.751552972827227772e-01 -6.449634216206548976e-01
6.832603657695476329e+01 1.751552972827227772e-01 -6.449634216206548976e-01
6.886165042042023288e+01 1.550088219429493763e-01 -6.928314547860542350e-01
6.886165042042023288e+01 1.550088219429493763e-01 -6.928314547860542350e-01
7.068434520338662708e+01 1.156615300422801224e-01 -6.766798809883690646e-01
7.169635137222057608e+01 1.391692354485320471e-01 -7.513516459181999174e-01
7.169635137222057608e+01 1.391692354485320471e-01 -7.513516459181999174e-01
7.169635137222057608e+01 1.391692354485320471e-01 -7.513516459181999174e-01
7.203956065326092073e+01 1.189347314456935256e-01 -7.723612663082600749e-01
7.203956065326092073e+01 1.189347314456935256e-01 -7.723612663082600749e-01
7.203956065326092073e+01 1.189347314456935256e-01 -7.723612663082600749e-01
7.203956065326092073e+01 1.189347314456935256e-01 -7.723612663082600749e-01
7.203956065326092073e+01 1.189347314456935256e-01 -7.723612663082600749e-01
7.203956065326092073e+01 1.189347314456935256e-01 -7.723612663082600749e-01
7.203956065326092073e+01 1.189347314456935256e-01 -7.723612663082600749e-01
7.203956065326092073e+01 1.189347314456935256e-01 -7.723612663082600749e-01
7.203956065326092073e+01 1.189347314456935256e-01 -7.723612663082600749e-01
7.203956065326092073e+01 1.189347314456935256e-01 -7.723612663082600749e-01
7.203956065326092073e+01 1.189347314456935256e-01 -7.723612663082600749e-01
7.203956065326092073e+01 1.189347314456935256e-01 -7.723612663082600749e-01
7.203956065326092073e+01 1.189347314456935256e-01 -7.723612663082600749e-01
7.203956065326092073e+01 1.189347314456935256e-01 -7.723612663082600749e-01
7.151365445120907793e+01 1.520733636333331806e-01 -8.402280640646462295e-01
7.007857469737653844e+01 2.058067667905023046e-01 -8.754958847735375693e-01
7.007857469737653844e+01 2.058067667905023046e-01 -8.754958847735375693e-01
7.007857469737653844e+01 2.058067667905023046e-01 -8.754958847735375693e-01
6.919823784987421789e+01 2.208653934138418706e-01 -8.838089971979323778e-01
6.919823784987421789e+01 2.208653934138418706e-01 -8.838089971979323778e-01
6.919823784987421789e+01 2.208653934138418706e-01 -8.838089971979323778e-01
6.919823784987421789e+01 2.208653934138418706e-01 -8.838089971979323778e-01
7.070580265504833051e+01 2.175516288074704485e-01 -9.181006654775837328e-01
7.070580265504833051e+01 2.175516288074704485e-01 -9.181006654775837328e-01
7.070580265504833051e+01 2.175516288074704485e-01 -9.181006654775837328e-01
7.070580265504833051e+01 2.175516288074704485e-01 -9.181006654775837328e-01
7.070580265504833051e+01 2.175516288074704485e-01 -9.181006654775837328e-01
7.070580265504833051e+01 2.175516288074704485e-01 -9.181006654775837328e-01
6.923068334735098972e+01 2.552456036580956766e-01 -9.070472833449334527e-01
6.923068334735098972e+01 2.552456036580956766e-01 -9.070472833449334527e-01
6.923068334735098972e+01 2.552456036580956766e-01 -9.070472833449334527e-01
6.923068334735098972e+01 2.552456036580956766e-01 -9.070472833449334527e-01
6.923068334735098972e+01 2.552456036580956766e-01 -9.070472833449334527e-01
7.096275470217071302e+01 2.176147766100629266e-01 -8.884172841404797127e-01
7.096275470217071302e+01 2.176147766100629266e-01 -8.884172841404797127e-01
7.096275470217071302e+01 2.176147766100629266e-01 -8.884172841404797127e-01
7.096275470217071302e+01 2.176147766100629266e-01 -8.884172841404797127e-01
7.096275470217071302e+01 2.176147766100629266e-01 -8.884172841404797127e-01
7.096275470217071302e+01 2.176147766100629266e-01 -8.884172841404797127e-01
7.059142811384337790e+01 2.330228340845492130e-01 -9.102989491814159617e-01
7.037714330817971131e+01 2.322269734676894182e-01 -9.561140754613615123e-01
7.037714330817971131e+01 2.322269734676894182e-01 -9.561140754613615123e-01
7.037714330817971131e+01 2.322269734676894182e-01 -9.561140754613615123e-01
7.037714330817971131e+01 2.322269734676894182e-01 -9.561140754613615123e-01
7.037714330817971131e+01 2.322269734676894182e-01 -9.561140754613615123e-01
7.037714330817971131e+01 2.322269734676894182e-01 -9.561140754613615123e-01
7.037714330817971131e+01 2.322269734676894182e-01 -9.561140754613615123e-01
7.147463003175390384e+01 2.298648556397970277e-01 -8.977983664917567053e-01
7.147463003175390384e+01 2.298648556397970277e-01 -8.977983664917567053e-01
7.008020715531806388e+01 2.051352553331782236e-01 -8.617981976632445029e-01
6.893055908716100078e+01 2.306697163905064574e-01 -8.196276946002384323e-01
6.893055908716100078e+01 2.306697163905064574e-01 -8.196276946002384323e-01
6.893055908716100078e+01 2.306697163905064574e-01 -8.196276946002384323e-01
6.893055908716100078e+01 2.306697163905064574e-01 -8.196276946002384323e-01
6.893055908716100078e+01 2.306697163905064574e-01 -8.196276946002384323e-01
6.837446935212109622e+01 1.828077915605620385e-01 -7.234131622839622411e-01
6.837446935212109622e+01 1.828077915605620385e-01 -7.234131622839622411e-01
6.960307872458929523e+01 1.844329002125345007e-01 -6.934500186858917337e-01
6.960307872458929523e+01 1.844329002125345007e-01 -6.934500186858917337e-01
6.960307872458929523e+01 1.844329002125345007e-01 -6.934500186858917337e-01
6.960307872458929523e+01 1.844329002125345007e-01 -6.934500186858917337e-01
6.769322541321913889e+01 1.828998723764015955e-01 -6.647168750609758758e-01
6.769322541321913889e+01 1.828998723764015955e-01 -6.647168750609758758e-01
6.769322541321913889e+01 1.828998723764015955e-01 -6.647168750609758758e-01
6.769322541321913889e+01 1.828998723764015955e-01 -6.647168750609758758e-01
6.865248994211955846e+01 1.494475528714404033e-01 -6.940101572875398972e-01
6.865248994211955846e+01 1.494475528714404033e-01 -6.940101572875398972e-01
6.865248994211955846e+01 1.494475528714404033e-01 -6.940101572875398972e-01
6.856854510699176330e+01 9.637641601214821940e-02 -5.884119196110060290e-01
6.856854510699176330e+01 9.637641601214821940e-02 -5.884119196110060290e-01
6.856854510699176330e+01 9.637641601214821940e-02 -5.884119196110060290e-01
6.856854510699176330e+01 9.637641601214821940e-02 -5.884119196110060290e-01
6.878061663327341080e+01 7.778439693477029460e-02 -5.856478620331996288e-01
6.878061663327341080e+01 7.778439693477029460e-02 -5.856478620331996288e-01
6.878061663327341080e+01 7.778439693477029460e-02 -5.856478620331996288e-01
6.878061663327341080e+01 7.778439693477029460e-02 -5.856478620331996288e-01
6.878061663327341080e+01 7.778439693477029460e-02 -5.856478620331996288e-01
6.878061663327341080e+01 7.778439693477029460e-02 -5.856478620331996288e-01
6.833724396366741871e+01 1.734896903109629518e-01 -6.175288642656784344e-01
6.833724396366741871e+01 1.734896903109629518e-01 -6.175288642656784344e-01
6.833724396366741871e+01 1.734896903109629518e-01 -6.175288642656784344e-01
6.921251901338300172e+01 2.111050057359135368e-01 -7.289237892342935732e-01
6.799694019159842640e+01 2.128952339154434881e-01 -6.303390541061081320e-01
6.799694019159842640e+01 2.128952339154434881e-01 -6.303390541061081320e-01
6.799694019159842640e+01 2.128952339154434881e-01 -6.303390541061081320e-01
6.799694019159842640e+01 2.128952339154434881e-01 -6.303390541061081320e-01
6.799694019159842640e+01 2.128952339154434881e-01 -6.303390541061081320e-01
6.799694019159842640e+01 2.128952339154434881e-01 -6.303390541061081320e-01
6.799694019159842640e+01 2.128952339154434881e-01 -6.303390541061081320e-01
6.799694019159842640e+01 2.128952339154434881e-01 -6.303390541061081320e-01
6.846203771932499649e+01 2.252668207984881987e-01 -7.164587020403265782e-01
6.846203771932499649e+01 2.252668207984881987e-01 -7.164587020403265782e-01
6.846203771932499649e+01 2.252668207984881987e-01 -7.164587020403265782e-01
6.846203771932499649e+01 2.252668207984881987e-01 -7.164587020403265782e-01
6.846203771932499649e+01 2.252668207984881987e-01 -7.164587020403265782e-01
6.846203771932499649e+01 2.252668207984881987e-01 -7.164587020403265782e-01
6.871827625861880051e+01 2.548674290690811084e-01 -7.564244052063731072e-01
6.871827625861880051e+01 2.548674290690811084e-01 -7.564244052063731072e-01
6.871827625861880051e+01 2.548674290690811084e-01 -7.564244052063731072e-01
6.871827625861880051e+01 2.548674290690811084e-01 -7.564244052063731072e-01
6.871827625861880051e+01 2.548674290690811084e-01 -7.564244052063731072e-01
6.996037705356354763e+01 2.715671989660166097e-01 -9.490333803536685764e-01
6.996037705356354763e+01 2.715671989660166097e-01 -9.490333803536685764e-01
6.996037705356354763e+01 2.715671989660166097e-01 -9.490333803536685764e-01
6.958153715838817277e+01 3.228389081780284053e-01 -9.960307378481361162e-01
6.958153715838817277e+01 3.228389081780284053e-01 -9.960307378481361162e-01
6.958153715838817277e+01 3.228389081780284053e-01 -9.960307378481361162e-01
6.958153715838817277e+01 3.228389081780284053e-01 -9.960307378481361162e-01
6.958153715838817277e+01 3.228389081780284053e-01 -9.960307378481361162e-01
6.958153715838817277e+01 3.228389081780284053e-01 -9.960307378481361162e-01
6.958153715838817277e+01 3.228389081780284053e-01 -9.960307378481361162e-01
6.958153715838817277e+01 3.228389081780284053e-01 -9.960307378481361162e-01
6.958153715838817277e+01 3.228389081780284053e-01 -9.960307378481361162e-01
6.958153715838817277e+01 3.228389081780284053e-01 -9.960307378481361162e-01
6.958153715838817277e+01 3.228389081780284053e-01 -9.960307378481361162e-01
6.958153715838817277e+01 3.228389081780284053e-01 -9.960307378481361162e-01
6.958153715838817277e+01 3.228389081780284053e-01 -9.960307378481361162e-01
6.958153715838817277e+01 3.228389081780284053e-01 -9.960307378481361162e-01
7.134450048722138149e+01 2.857394042768844900e-01 -1.111263971002628637e+00
7.134450048722138149e+01 2.857394042768844900e-01 -1.111263971002628637e+00
7.134450048722138149e+01 2.857394042768844900e-01 -1.111263971002628637e+00
7.134450048722138149e+01 2.857394042768844900e-01 -1.111263971002628637e+00
7.134450048722138149e+01 2.857394042768844900e-01 -1.111263971002628637e+00
7.134450048722138149e+01 2.857394042768844900e-01 -1.111263971002628637e+00
7.134450048722138149e+01 2.857394042768844900e-01 -1.111263971002628637e+00
7.134450048722138149e+01 2.857394042768844900e-01 -1.111263971002628637e+00
7.134450048722138149e+01 2.857394042768844900e-01 -1.111263971002628637e+00
7.134450048722138149e+01 2.857394042768844900e-01 -1.111263971002628637e+00
7.134450048722138149e+01 2.857394042768844900e-01 -1.111263971002628637e+00
7.134450048722138149e+01 2.857394042768844900e-01 -1.111263971002628637e+00
7.208429538729038200e+01 2.033198701793759167e-01 -9.316400354744762691e-01
7.208429538729038200e+01 2.033198701793759167e-01 -9.316400354744762691e-01
7.208429538729038200e+01 2.033198701793759167e-01 -9.316400354744762691e-01
7.144960449934387725e+01 2.236196235441097746e-01 -9.703957624877009858e-01
7.144960449934387725e+01 2.236196235441097746e-01 -9.703957624877009858e-01
7.144960449934387725e+01 2.236196235441097746e-01 -9.703957624877009858e-01
7.144960449934387725e+01 2.236196235441097746e-01 -9.703957624877009858e-01
7.144960449934387725e+01 2.236196235441097746e-01 -9.703957624877009858e-01
7.144960449934387725e+01 2.236196235441097746e-01 -9.703957624877009858e-01
7.144960449934387725e+01 2.236196235441097746e-01 -9.703957624877009858e-01
7.080019472246193857e+01 2.518849717442624425e-01 -1.008597363530598257e+00
6.941856018807061446e+01 3.081075757473816235e-01 -8.635382526902080080e-01
6.941856018807061446e+01 3.081075757473816235e-01 -8.635382526902080080e-01
6.941856018807061446e+01 3.081075757473816235e-01 -8.635382526902080080e-01
6.941856018807061446e+01 3.081075757473816235e-01 -8.635382526902080080e-01
6.903254285448328176e+01 3.234200731101896098e-01 -9.492801548255780375e-01
6.903254285448328176e+01 3.234200731101896098e-01 -9.492801548255780375e-01
6.975839708532562611e+01 3.164858136238914432e-01 -9.725557704739525855e-01
6.975839708532562611e+01 3.164858136238914432e-01 -9.725557704739525855e-01
6.975839708532562611e+01 3.164858136238914432e-01 -9.725557704739525855e-01
6.975839708532562611e+01 3.164858136238914432e-01 -9.725557704739525855e-01
6.975839708532562611e+01 3.164858136238914432e-01 -9.725557704739525855e-01
6.975839708532562611e+01 3.164858136238914432e-01 -9.725557704739525855e-01
6.975839708532562611e+01 3.164858136238914432e-01 -9.725557704739525855e-01
6.975839708532562611e+01 3.164858136238914432e-01 -9.725557704739525855e-01
6.975839708532562611e+01 3.164858136238914432e-01 -9.725557704739525855e-01
6.975839708532562611e+01 3.164858136238914432e-01 -9.725557704739525855e-01
6.975839708532562611e+01 3.164858136238914432e-01 -9.725557704739525855e-01
6.975839708532562611e+01 3.164858136238914432e-01 -9.725557704739525855e-01
6.829825683032998995e+01 3.162776992807848075e-01 -8.073873472228687564e-01
6.829825683032998995e+01 3.162776992807848075e-01 -8.073873472228687564e-01
6.829825683032998995e+01 3.162776992807848075e-01 -8.073873472228687564e-01
6.836114161213289719e+01 3.251771778965987236e-01 -8.733934340639385452e-01
6.836114161213289719e+01 3.251771778965987236e-01 -8.733934340639385452e-01
6.932682011952158518e+01 2.606181969146281752e-01 -8.393020389266300230e-01
6.932682011952158518e+01 2.606181969146281752e-01 -8.393020389266300230e-01
6.932682011952158518e+01 2.606181969146281752e-01 -8.393020389266300230e-01
6.932682011952158518e+01 2.606181969146281752e-01 -8.393020389266300230e-01
6.950196279394894816e+01 2.781550959558886649e-01 -8.415432781584262223e-01
6.950196279394894816e+01 2.781550959558886649e-01 -8.415432781584262223e-01
6.837128884051891475e+01 2.809064168634790581e-01 -7.956211513912778699e-01
6.837128884051891475e+01 2.809064168634790581e-01 -7.956211513912778699e-01
6.837128884051891475e+01 2.809064168634790581e-01 -7.956211513912778699e-01
6.837128884051891475e+01 2.809064168634790581e-01 -7.956211513912778699e-01
6.837128884051891475e+01 2.809064168634790581e-01 -7.956211513912778699e-01
6.837128884051891475e+01 2.809064168634790581e-01 -7.956211513912778699e-01
6.837128884051891475e+01 2.809064168634790581e-01 -7.956211513912778699e-01
6.837128884051891475e+01 2.809064168634790581e-01 -7.956211513912778699e-01
6.837128884051891475e+01 2.809064168634790581e-01 -7.956211513912778699e-01
6.837128884051891475e+01 2.809064168634790581e-01 -7.956211513912778699e-01
6.837128884051891475e+01 2.809064168634790581e-01 -7.956211513912778699e-01
6.813539404022999690e+01 2.564753429948812835e-01 -7.391006474127442827e-01
6.813539404022999690e+01 2.564753429948812835e-01 -7.391006474127442827e-01
6.813539404022999690e+01 2.564753429948812835e-01 -7.391006474127442827e-01
6.923243444821166293e+01 2.083440169513603446e-01 -7.320054076215856131e-01
6.923243444821166293e+01 2.083440169513603446e-01 -7.320054076215856131e-01
6.923243444821166293e+01 2.083440169513603446e-01 -7.320054076215856131e-01
6.923243444821166293e+01 2.083440169513603446e-01 -7.320054076215856131e-01
6.923243444821166293e+01 2.083440169513603446e-01 -7.320054076215856131e-01
6.923243444821166293e+01 2.083440169513603446e-01 -7.320054076215856131e-01
6.923243444821166293e+01 2.083440169513603446e-01 -7.320054076215856131e-01
6.923243444821166293e+01 2.083440169513603446e-01 -7.320054076215856131e-01
6.923243444821166293e+01 2.083440169513603446e-01 -7.320054076215856131e-01
6.923243444821166293e+01 2.083440169513603446e-01 -7.320054076215856131e-01
6.893453951733808083e+01 1.735141392815698347e-01 -6.781204693509391701e-01
6.893453951733808083e+01 1.735141392815698347e-01 -6.781204693509391701e-01
6.893453951733808083e+01 1.735141392815698347e-01 -6.781204693509391701e-01
6.893453951733808083e+01 1.735141392815698347e-01 -6.781204693509391701e-01
6.979064146292465409e+01 2.009142449430420529e-01 -7.461197032341700952e-01
6.860444754162971037e+01 2.607323297125084260e-01 -7.333191045582557743e-01
6.860444754162971037e+01 2.607323297125084260e-01 -7.333191045582557743e-01
6.860444754162971037e+01 2.607323297125084260e-01 -7.333191045582557743e-01
6.907807118514269007e+01 2.331092411129296049e-01 -7.743206277492371559e-01
6.907807118514269007e+01 2.331092411129296049e-01 -7.743206277492371559e-01
6.828268935064272682e+01 2.461640465056701976e-01 -7.509657768661401889e-01
6.828268935064272682e+01 2.461640465056701976e-01 -7.509657768661401889e-01
6.828268935064272682e+01 2.461640465056701976e-01 -7.509657768661401889e-01
6.828268935064272682e+01 2.461640465056701976e-01 -7.509657768661401889e-01
6.828268935064272682e+01 2.461640465056701976e-01 -7.509657768661401889e-01
6.743410260474117024e+01 2.604117398531147765e-01 -7.336289328170287893e-01
6.743410260474117024e+01 2.604117398531147765e-01 -7.336289328170287893e-01
6.743410260474117024e+01 2.604117398531147765e-01 -7.336289328170287893e-01
6.743410260474117024e+01 2.604117398531147765e-01 -7.336289328170287893e-01
6.743410260474117024e+01 2.604117398531147765e-01 -7.336289328170287893e-01
6.825418512458796272e+01 2.163887851131942874e-01 -7.660646300321932722e-01
6.825418512458796272e+01 2.163887851131942874e-01 -7.660646300321932722e-01
6.825418512458796272e+01 2.163887851131942874e-01 -7.660646300321932722e-01
6.837557004363709723e+01 2.579677511415626734e-01 -6.816656922702856169e-01
6.802565011655508442e+01 2.842985559772412407e-01 -7.995971330134333810e-01
6.869578466146155904e+01 3.050101133832373579e-01 -8.306421885370567360e-01
6.766995074806185073e+01 3.281214088938406159e-01 -9.392338228960424029e-01
6.766995074806185073e+01 3.281214088938406159e-01 -9.392338228960424029e-01
6.796529780781011709e+01 3.295992322997382540e-01 -9.480477696363657225e-01
6.796529780781011709e+01 3.295992322997382540e-01 -9.480477696363657225e-01
6.796529780781011709e+01 3.295992322997382540e-01 -9.480477696363657225e-01
6.796529780781011709e+01 3.295992322997382540e-01 -9.480477696363657225e-01
6.796529780781011709e+01 3.295992322997382540e-01 -9.480477696363657225e-01
6.796529780781011709e+01 3.295992322997382540e-01 -9.480477696363657225e-01
6.796529780781011709e+01 3.295992322997382540e-01 -9.480477696363657225e-01
6.796529780781011709e+01 3.295992322997382540e-01 -9.480477696363657225e-01
6.841116438811199885e+01 3.412967180956439361e-01 -8.924116675956667022e-01
6.841116438811199885e+01 3.412967180956439361e-01 -8.924116675956667022e-01
6.841116438811199885e+01 3.412967180956439361e-01 -8.924116675956667022e-01
6.841116438811199885e+01 3.412967180956439361e-01 -8.924116675956667022e-01
6.841116438811199885e+01 3.412967180956439361e-01 -8.924116675956667022e-01
6.841116438811199885e+01 3.412967180956439361e-01 -8.924116675956667022e-01
6.958160400769955345e+01 3.369513595467499290e-01 -1.028879964130241964e+00
7.093556604142371214e+01 3.341632046006027257e-01 -1.131839749204567980e+00
7.254374826523881836e+01 2.559026701641183843e-01 -1.085603303001344333e+00
7.254374826523881836e+01 2.559026701641183843e-01 -1.085603303001344333e+00
7.254374826523881836e+01 2.559026701641183843e-01 -1.085603303001344333e+00
7.254374826523881836e+01 2.559026701641183843e-01 -1.085603303001344333e+00
7.254374826523881836e+01 2.559026701641183843e-01 -1.085603303001344333e+00
7.254374826523881836e+01 2.559026701641183843e-01 -1.085603303001344333e+00
7.254374826523881836e+01 2.559026701641183843e-01 -1.085603303001344333e+00
7.254374826523881836e+01 2.559026701641183843e-01 -1.085603303001344333e+00
7.254374826523881836e+01 2.559026701641183843e-01 -1.085603303001344333e+00
7.254374826523881836e+01 2.559026701641183843e-01 -1.085603303001344333e+00
7.172110213603686191e+01 2.055628963232858375e-01 -9.504141089580031565e-01
7.172110213603686191e+01 2.055628963232858375e-01 -9.504141089580031565e-01
7.172110213603686191e+01 2.055628963232858375e-01 -9.504141089580031565e-01
7.172110213603686191e+01 2.055628963232858375e-01 -9.504141089580031565e-01
7.172110213603686191e+01 2.055628963232858375e-01 -9.504141089580031565e-01
7.161413422624528380e+01 1.899691756612527371e-01 -9.566111316588002955e-01
7.161413422624528380e+01 1.899691756612527371e-01 -9.566111316588002955e-01
7.161413422624528380e+01 1.899691756612527371e-01 -9.566111316588002955e-01
7.279433741670555946e+01 1.633524389805238175e-01 -9.059048555383825141e-01
7.279433741670555946e+01 1.633524389805238175e-01 -9.059048555383825141e-01
7.279433741670555946e+01 1.633524389805238175e-01 -9.059048555383825141e-01
7.279433741670555946e+01 1.633524389805238175e-01 -9.059048555383825141e-01
7.115032508747864881e+01 2.468351632490040359e-01 -8.527341472686481572e-01
7.115032508747864881e+01 2.468351632490040359e-01 -8.527341472686481572e-01
6.994783445325680304e+01 2.805119491829083933e-01 -8.532476604935492759e-01
6.994783445325680304e+01 2.805119491829083933e-01 -8.532476604935492759e-01
7.060134014296444604e+01 2.549339010854754228e-01 -8.718707130999171495e-01
7.060134014296444604e+01 2.549339010854754228e-01 -8.718707130999171495e-01
7.060134014296444604e+01 2.549339010854754228e-01 -8.718707130999171495e-01
7.060134014296444604e+01 2.549339010854754228e-01 -8.718707130999171495e-01
7.060134014296444604e+01 2.549339010854754228e-01 -8.718707130999171495e-01
7.060134014296444604e+01 2.549339010854754228e-01 -8.718707130999171495e-01
7.060134014296444604e+01 2.549339010854754228e-01 -8.718707130999171495e-01
7.060134014296444604e+01 2.549339010854754228e-01 -8.718707130999171495e-01
7.009959919064262124e+01 2.907395322318326869e-01 -9.142553211737692864e-01
6.875368062283239112e+01 3.015503018419897208e-01 -9.069805507980205350e-01
6.875368062283239112e+01 3.015503018419897208e-01 -9.069805507980205350e-01
6.875368062283239112e+01 3.015503018419897208e-01 -9.069805507980205350e-01
6.875368062283239112e+01 3.015503018419897208e-01 -9.069805507980205350e-01
6.875368062283239112e+01 3.015503018419897208e-01 -9.069805507980205350e-01
6.875368062283239112e+01 3.015503018419897208e-01 -9.069805507980205350e-01
6.875368062283239112e+01 3.015503018419897208e-01 -9.069805507980205350e-01
6.875368062283239112e+01 3.015503018419897208e-01 -9.069805507980205350e-01
6.876635060894012952e+01 2.830012752477948923e-01 -8.145719582285485538e-01
6.876635060894012952e+01 2.830012752477948923e-01 -8.145719582285485538e-01
6.851654354630930754e+01 2.412545647349046418e-01 -7.720764158501649543e-01
6.851654354630930754e+01 2.412545647349046418e-01 -7.720764158501649543e-01
6.987981413524062191e+01 2.391222955031995778e-01 -8.155743054564011940e-01
6.987981413524062191e+01 2.391222955031995778e-01 -8.155743054564011940e-01
6.987981413524062191e+01 2.391222955031995778e-01 -8.155743054564011940e-01
6.987981413524062191e+01 2.391222955031995778e-01 -8.155743054564011940e-01
6.843679447594226417e+01 2.532664147343252625e-01 -7.977143803862006832e-01
6.843679447594226417e+01 2.532664147343252625e-01 -7.977143803862006832e-01
6.833029810989344810e+01 1.912373735808963193e-01 -7.059721602835264953e-01
6.833029810989344810e+01 1.912373735808963193e-01 -7.059721602835264953e-01
6.833029810989344810e+01 1.912373735808963193e-01 -7.059721602835264953e-01
6.833029810989344810e+01 1.912373735808963193e-01 -7.059721602835264953e-01
6.833029810989344810e+01 1.912373735808963193e-01 -7.059721602835264953e-01
6.833029810989344810e+01 1.912373735808963193e-01 -7.059721602835264953e-01
6.827842897841883030e+01 2.703100308202150970e-01 -7.897451118998296549e-01
6.829662093725900718e+01 2.616640704986795685e-01 -7.635778254425940048e-01
6.829662093725900718e+01 2.616640704986795685e-01 -7.635778254425940048e-01
6.829662093725900718e+01 2.616640704986795685e-01 -7.635778254425940048e-01
6.829662093725900718e+01 2.616640704986795685e-01 -7.635778254425940048e-01
6.829662093725900718e+01 2.616640704986795685e-01 -7.635778254425940048e-01
6.829662093725900718e+01 2.616640704986795685e-01 -7.635778254425940048e-01
6.873907242755461766e+01 2.558525420023567420e-01 -7.614473558889324201e-01
6.870209173333651620e+01 2.546023297166374322e-01 -7.084870916204902835e-01
6.870209173333651620e+01 2.546023297166374322e-01 -7.084870916204902835e-01
6.870209173333651620e+01 2.546023297166374322e-01 -7.084870916204902835e-01
6.870209173333651620e+01 2.546023297166374322e-01 -7.084870916204902835e-01
6.870209173333651620e+01 2.546023297166374322e-01 -7.084870916204902835e-01
6.870209173333651620e+01 2.546023297166374322e-01 -7.084870916204902835e-01
6.870209173333651620e+01 2.546023297166374322e-01 -7.084870916204902835e-01
6.870209173333651620e+01 2.546023297166374322e-01 -7.084870916204902835e-01
6.870209173333651620e+01 2.546023297166374322e-01 -7.084870916204902835e-01
6.870209173333651620e+01 2.546023297166374322e-01 -7.084870916204902835e-01
6.861641211862124123e+01 2.006886833342937659e-01 -6.407351785504538100e-01
6.861641211862124123e+01 2.006886833342937659e-01 -6.407351785504538100e-01
6.861641211862124123e+01 2.006886833342937659e-01 -6.407351785504538100e-01
6.861641211862124123e+01 2.006886833342937659e-01 -6.407351785504538100e-01
6.861641211862124123e+01 2.006886833342937659e-01 -6.407351785504538100e-01
6.861641211862124123e+01 2.006886833342937659e-01 -6.407351785504538100e-01
6.861641211862124123e+01 2.006886833342937659e-01 -6.407351785504538100e-01
6.861641211862124123e+01 2.006886833342937659e-01 -6.407351785504538100e-01
6.899033378143903406e+01 1.063832690429757782e-01 -5.879556724223148345e-01
6.899033378143903406e+01 1.063832690429757782e-01 -5.879556724223148345e-01
6.899033378143903406e+01 1.063832690429757782e-01 -5.879556724223148345e-01
6.899033378143903406e+01 1.063832690429757782e-01 -5.879556724223148345e-01
6.778978474293835177e+01 1.158897280763636906e-01 -5.899032960668826320e-01
6.778978474293835177e+01 1.158897280763636906e-01 -5.899032960668826320e-01
6.952249166653864165e+01 8.751732230947717461e-02 -6.088312012330067136e-01
6.952249166653864165e+01 8.751732230947717461e-02 -6.088312012330067136e-01
6.877900400547979132e+01 5.120383375313006941e-02 -5.509993288427766922e-01
6.877900400547979132e+01 5.120383375313006941e-02 -5.509993288427766922e-01
6.877900400547979132e+01 5.120383375313006941e-02 -5.509993288427766922e-01
6.877900400547979132e+01 5.120383375313006941e-02 -5.509993288427766922e-01
6.877900400547979132e+01 5.120383375313006941e-02 -5.509993288427766922e-01
6.877900400547979132e+01 5.120383375313006941e-02 -5.509993288427766922e-01
6.877900400547979132e+01 5.120383375313006941e-02 -5.509993288427766922e-01
6.818831049455612003e+01 6.383238346461633794e-02 -5.153053065418580214e-01
6.818831049455612003e+01 6.383238346461633794e-02 -5.153053065418580214e-01
6.818831049455612003e+01 6.383238346461633794e-02 -5.153053065418580214e-01
6.818831049455612003e+01 6.383238346461633794e-02 -5.153053065418580214e-01
6.818831049455612003e+01 6.383238346461633794e-02 -5.153053065418580214e-01
6.818831049455612003e+01 6.383238346461633794e-02 -5.153053065418580214e-01
6.818831049455612003e+01 6.383238346461633794e-02 -5.153053065418580214e-01
6.818831049455612003e+01 6.383238346461633794e-02 -5.153053065418580214e-01
6.818831049455612003e+01 6.383238346461633794e-02 -5.153053065418580214e-01
6.818831049455612003e+01 6.383238346461633794e-02 -5.153053065418580214e-01
6.818831049455612003e+01 6.383238346461633794e-02 -5.153053065418580214e-01
6.818831049455612003e+01 6.383238346461633794e-02 -5.153053065418580214e-01
6.818831049455612003e+01 6.383238346461633794e-02 -5.153053065418580214e-01
6.818831049455612003e+01 6.383238346461633794e-02 -5.153053065418580214e-01
6.818831049455612003e+01 6.383238346461633794e-02 -5.153053065418580214e-01
6.818831049455612003e+01 6.383238346461633794e-02 -5.153053065418580214e-01
6.818831049455612003e+01 6.383238346461633794e-02 -5.153053065418580214e-01
6.818831049455612003e+01 6.383238346461633794e-02 -5.153053065418580214e-01
6.818831049455612003e+01 6.383238346461633794e-02 -5.153053065418580214e-01
6.818831049455612003e+01 6.383238346461633794e-02 -5.153053065418580214e-01
6.818831049455612003e+01 6.383238346461633794e-02 -5.153053065418580214e-01
6.818831049455612003e+01 6.383238346461633794e-02 -5.153053065418580214e-01
6.818831049455612003e+01 6.383238346461633794e-02 -5.153053065418580214e-01
6.818831049455612003e+01 6.383238346461633794e-02 -5.153053065418580214e-01
6.818831049455612003e+01 6.383238346461633794e-02 -5.153053065418580214e-01
6.818831049455612003e+01 6.383238346461633794e-02 -5.153053065418580214e-01
6.818831049455612003e+01 6.383238346461633794e-02 -5.153053065418580214e-01
6.903157675852362729e+01 1.162692008874699479e-01 -5.963150302566062599e-01
6.929606596469933777e+01 7.867093071118401448e-02 -5.751453545477289708e-01
6.929606596469933777e+01 7.867093071118401448e-02 -5.751453545477289708e-01
6.929606596469933777e+01 7.867093071118401448e-02 -5.751453545477289708e-01
6.824153187001164156e+01 8.590802514604092832e-02 -6.222301323531505002e-01
6.824153187001164156e+01 8.590802514604092832e-02 -6.222301323531505002e-01
6.824153187001164156e+01 8.590802514604092832e-02 -6.222301323531505002e-01
6.824153187001164156e+01 8.590802514604092832e-02 -6.222301323531505002e-01
6.824153187001164156e+01 8.590802514604092832e-02 -6.222301323531505002e-01
6.811178839786528272e+01 8.705851240868710261e-02 -5.874311365085789216e-01
6.811178839786528272e+01 8.705851240868710261e-02 -5.874311365085789216e-01
6.811178839786528272e+01 8.705851240868710261e-02 -5.874311365085789216e-01
6.811178839786528272e+01 8.705851240868710261e-02 -5.874311365085789216e-01
6.811178839786528272e+01 8.705851240868710261e-02 -5.874311365085789216e-01
6.811178839786528272e+01 8.705851240868710261e-02 -5.874311365085789216e-01
6.811178839786528272e+01 8.705851240868710261e-02 -5.874311365085789216e-01
6.811178839786528272e+01 8.705851240868710261e-02 -5.874311365085789216e-01
6.811178839786528272e+01 8.705851240868710261e-02 -5.874311365085789216e-01
6.811178839786528272e+01 8.705851240868710261e-02 -5.874311365085789216e-01
6.811178839786528272e+01 8.705851240868710261e-02 -5.874311365085789216e-01
6.811178839786528272e+01 8.705851240868710261e-02 -5.874311365085789216e-01
6.811178839786528272e+01 8.705851240868710261e-02 -5.874311365085789216e-01
6.811178839786528272e+01 8.705851240868710261e-02 -5.874311365085789216e-01
6.811178839786528272e+01 8.705851240868710261e-02 -5.874311365085789216e-01
6.811178839786528272e+01 8.705851240868710261e-02 -5.874311365085789216e-01
6.811178839786528272e+01 8.705851240868710261e-02 -5.874311365085789216e-01
6.811178839786528272e+01 8.705851240868710261e-02 -5.874311365085789216e-01
6.811178839786528272e+01 8.705851240868710261e-02 -5.874311365085789216e-01
6.811178839786528272e+01 8.705851240868710261e-02 -5.874311365085789216e-01
6.853106596126585259e+01 8.025017982618577739e-02 -5.277616786653055447e-01
6.853106596126585259e+01 8.025017982618577739e-02 -5.277616786653055447e-01
6.800239226314940311e+01 8.160158588187135797e-02 -4.762195071109920907e-01
6.800239226314940311e+01 8.160158588187135797e-02 -4.762195071109920907e-01
6.802474834500466727e+01 1.427898915914477262e-01 -5.732225043375895890e-01
6.895320956277558366e+01 1.011715238212575613e-01 -5.495508570159463035e-01
6.600929042357384446e+01 1.264219364199270779e-01 -4.436381816165378411e-01
6.600929042357384446e+01 1.264219364199270779e-01 -4.436381816165378411e-01
6.600929042357384446e+01 1.264219364199270779e-01 -4.436381816165378411e-01
6.590249160220913893e+01 9.169200068945840276e-02 -5.073213937110795380e-01
6.590249160220913893e+01 9.169200068945840276e-02 -5.073213937110795380e-01
6.590249160220913893e+01 9.169200068945840276e-02 -5.073213937110795380e-01
6.590249160220913893e+01 9.169200068945840276e-02 -5.073213937110795380e-01
6.679543628874961314e+01 9.474324345534476666e-02 -5.352507825767437444e-01
6.679543628874961314e+01 9.474324345534476666e-02 -5.352507825767437444e-01
6.679543628874961314e+01 9.474324345534476666e-02 -5.352507825767437444e-01
6.679543628874961314e+01 9.474324345534476666e-02 -5.352507825767437444e-01
6.679543628874961314e+01 9.474324345534476666e-02 -5.352507825767437444e-01
6.679543628874961314e+01 9.474324345534476666e-02 -5.352507825767437444e-01
6.679543628874961314e+01 9.474324345534476666e-02 -5.352507825767437444e-01
6.679543628874961314e+01 9.474324345534476666e-02 -5.352507825767437444e-01
6.645339994714329634e+01 1.021595525863435855e-01 -5.038454495747992645e-01
6.632952168484386846e+01 1.399420141171625054e-01 -5.402028003917519472e-01
6.632952168484386846e+01 1.399420141171625054e-01 -5.402028003917519472e-01
6.632952168484386846e+01 1.399420141171625054e-01 -5.402028003917519472e-01
6.810500450752553547e+01 1.173524461131668917e-01 -5.430452521249092834e-01
6.722477205381828469e+01 1.012148995851783195e-01 -5.393170780644145346e-01
6.722477205381828469e+01 1.012148995851783195e-01 -5.393170780644145346e-01
6.722477205381828469e+01 1.012148995851783195e-01 -5.393170780644145346e-01
6.716964106308758176e+01 1.165093906461416584e-01 -5.648029196152235532e-01
6.716964106308758176e+01 1.165093906461416584e-01 -5.648029196152235532e-01
6.801752451559167412e+01 1.363407848303921643e-01 -6.164783315755572035e-01
6.898174543767537159e+01 1.223586519759928826e-01 -6.557977474141617469e-01
6.898174543767537159e+01 1.223586519759928826e-01 -6.557977474141617469e-01
6.898174543767537159e+01 1.223586519759928826e-01 -6.557977474141617469e-01
6.898174543767537159e+01 1.223586519759928826e-01 -6.557977474141617469e-01
6.870237497674605720e+01 1.422102133076700858e-01 -6.649048092112735953e-01
6.870237497674605720e+01 1.422102133076700858e-01 -6.649048092112735953e-01
6.870237497674605720e+01 1.422102133076700858e-01 -6.649048092112735953e-01
7.059719230193408634e+01 9.514848892143909498e-02 -6.687550410407727686e-01
7.059719230193408634e+01 9.514848892143909498e-02 -6.687550410407727686e-01
6.857273575254987463e+01 1.028860030089597810e-01 -6.040168156628482610e-01
6.857273575254987463e+01 1.028860030089597810e-01 -6.040168156628482610e-01
6.857273575254987463e+01 1.028860030089597810e-01 -6.040168156628482610e-01
6.857273575254987463e+01 1.028860030089597810e-01 -6.040168156628482610e-01
6.850915318653514419e+01 8.984466713790457970e-02 -5.891255672623287865e-01
6.850915318653514419e+01 8.984466713790457970e-02 -5.891255672623287865e-01
6.850915318653514419e+01 8.984466713790457970e-02 -5.891255672623287865e-01
6.850915318653514419e+01 8.984466713790457970e-02 -5.891255672623287865e-01
6.850915318653514419e+01 8.984466713790457970e-02 -5.891255672623287865e-01
6.850915318653514419e+01 8.984466713790457970e-02 -5.891255672623287865e-01
6.850915318653514419e+01 8.984466713790457970e-02 -5.891255672623287865e-01
6.850915318653514419e+01 8.984466713790457970e-02 -5.891255672623287865e-01
6.909930499129322357e+01 9.581536639243970477e-02 -6.355307581142826123e-01
6.909930499129322357e+01 9.581536639243970477e-02 -6.355307581142826123e-01
6.909930499129322357e+01 9.581536639243970477e-02 -6.355307581142826123e-01
6.909930499129322357e+01 9.581536639243970477e-02 -6.355307581142826123e-01
6.799112518354860413e+01 1.273353837135991484e-01 -6.013792906275114980e-01
6.799112518354860413e+01 1.273353837135991484e-01 -6.013792906275114980e-01
6.799112518354860413e+01 1.273353837135991484e-01 -6.013792906275114980e-01
6.799112518354860413e+01 1.273353837135991484e-01 -6.013792906275114980e-01
6.799112518354860413e+01 1.273353837135991484e-01 -6.013792906275114980e-01
6.799112518354860413e+01 1.273353837135991484e-01 -6.013792906275114980e-01
6.799112518354860413e+01 1.273353837135991484e-01 -6.013792906275114980e-01
6.799112518354860413e+01 1.273353837135991484e-01 -6.013792906275114980e-01
6.799112518354860413e+01 1.273353837135991484e-01 -6.013792906275114980e-01
6.799112518354860413e+01 1.273353837135991484e-01 -6.013792906275114980e-01
6.799112518354860413e+01 1.273353837135991484e-01 -6.013792906275114980e-01
6.913327306989182830e+01 1.602028313733204756e-01 -6.533178516439814842e-01
6.913327306989182830e+01 1.602028313733204756e-01 -6.533178516439814842e-01
6.913327306989182830e+01 1.602028313733204756e-01 -6.533178516439814842e-01
6.883553889927468106e+01 1.697784993903848350e-01 -6.904726179211972958e-01
6.883553889927468106e+01 1.697784993903848350e-01 -6.904726179211972958e-01
6.883553889927468106e+01 1.697784993903848350e-01 -6.904726179211972958e-01
6.883553889927468106e+01 1.697784993903848350e-01 -6.904726179211972958e-01
6.883553889927468106e+01 1.697784993903848350e-01 -6.904726179211972958e-01
6.934215396683576671e+01 1.834628596005032364e-01 -7.555037637329653499e-01
6.934215396683576671e+01 1.834628596005032364e-01 -7.555037637329653499e-01
6.935241222985405329e+01 2.109045341274116969e-01 -7.819109674350087635e-01
6.947853001141525908e+01 2.286847325039073064e-01 -7.585486799212780573e-01
6.947853001141525908e+01 2.286847325039073064e-01 -7.585486799212780573e-01
6.947853001141525908e+01 2.286847325039073064e-01 -7.585486799212780573e-01
6.947853001141525908e+01 2.286847325039073064e-01 -7.585486799212780573e-01
6.932438390725484112e+01 2.481187036529980960e-01 -8.440065199783500782e-01
6.932438390725484112e+01 2.481187036529980960e-01 -8.440065199783500782e-01
6.932438390725484112e+01 2.481187036529980960e-01 -8.440065199783500782e-01
6.932438390725484112e+01 2.481187036529980960e-01 -8.440065199783500782e-01
6.932438390725484112e+01 2.481187036529980960e-01 -8.440065199783500782e-01
6.932438390725484112e+01 2.481187036529980960e-01 -8.440065199783500782e-01
6.932438390725484112e+01 2.481187036529980960e-01 -8.440065199783500782e-01
6.932438390725484112e+01 2.481187036529980960e-01 -8.440065199783500782e-01
6.932438390725484112e+01 2.481187036529980960e-01 -8.440065199783500782e-01
6.932438390725484112e+01 2.481187036529980960e-01 -8.440065199783500782e-01
6.932438390725484112e+01 2.481187036529980960e-01 -8.440065199783500782e-01
6.932438390725484112e+01 2.481187036529980960e-01 -8.440065199783500782e-01
6.932438390725484112e+01 2.481187036529980960e-01 -8.440065199783500782e-01
6.932438390725484112e+01 2.481187036529980960e-01 -8.440065199783500782e-01
6.932438390725484112e+01 2.481187036529980960e-01 -8.440065199783500782e-01
6.932438390725484112e+01 2.481187036529980960e-01 -8.440065199783500782e-01
6.932438390725484112e+01 2.481187036529980960e-01 -8.440065199783500782e-01
6.932438390725484112e+01 2.481187036529980960e-01 -8.440065199783500782e-01
6.932438390725484112e+01 2.481187036529980960e-01 -8.440065199783500782e-01
6.932438390725484112e+01 2.481187036529980960e-01 -8.440065199783500782e-01
6.932438390725484112e+01 2.481187036529980960e-01 -8.440065199783500782e-01
6.932438390725484112e+01 2.481187036529980960e-01 -8.440065199783500782e-01
6.932438390725484112e+01 2.481187036529980960e-01 -8.440065199783500782e-01
6.932438390725484112e+01 2.481187036529980960e-01 -8.440065199783500782e-01
6.932438390725484112e+01 2.481187036529980960e-01 -8.440065199783500782e-01
6.995191841352358608e+01 2.797503925738503150e-01 -9.187810527271069727e-01
6.995191841352358608e+01 2.797503925738503150e-01 -9.187810527271069727e-01
6.995191841352358608e+01 2.797503925738503150e-01 -9.187810527271069727e-01
6.995191841352358608e+01 2.797503925738503150e-01 -9.187810527271069727e-01
6.995191841352358608e+01 2.797503925738503150e-01 -9.187810527271069727e-01
6.995191841352358608e+01 2.797503925738503150e-01 -9.187810527271069727e-01
6.995191841352358608e+01 2.797503925738503150e-01 -9.187810527271069727e-01
6.995191841352358608e+01 2.797503925738503150e-01 -9.187810527271069727e-01
6.995191841352358608e+01 2.797503925738503150e-01 -9.187810527271069727e-01
6.995191841352358608e+01 2.797503925738503150e-01 -9.187810527271069727e-01
6.995191841352358608e+01 2.797503925738503150e-01 -9.187810527271069727e-01
6.995191841352358608e+01 2.797503925738503150e-01 -9.187810527271069727e-01
6.995191841352358608e+01 2.797503925738503150e-01 -9.187810527271069727e-01
6.995191841352358608e+01 2.797503925738503150e-01 -9.187810527271069727e-01
6.995191841352358608e+01 2.797503925738503150e-01 -9.187810527271069727e-01
6.995191841352358608e+01 2.797503925738503150e-01 -9.187810527271069727e-01
6.995191841352358608e+01 2.797503925738503150e-01 -9.187810527271069727e-01
6.995191841352358608e+01 2.797503925738503150e-01 -9.187810527271069727e-01
6.995191841352358608e+01 2.797503925738503150e-01 -9.187810527271069727e-01
6.995191841352358608e+01 2.797503925738503150e-01 -9.187810527271069727e-01
6.995191841352358608e+01 2.797503925738503150e-01 -9.187810527271069727e-01
6.957863882267555766e+01 3.094897549369266532e-01 -1.076786493782692533e+00
7.058501317061339364e+01 3.096716440165070416e-01 -1.070730036782763017e+00
7.158802932852169931e+01 3.119936664724103359e-01 -1.135811454199699533e+00
7.158802932852169931e+01 3.119936664724103359e-01 -1.135811454199699533e+00
7.158802932852169931e+01 3.119936664724103359e-01 -1.135811454199699533e+00
7.301196643849215207e+01 2.971135044939334224e-01 -1.205264826991411464e+00
7.301196643849215207e+01 2.971135044939334224e-01 -1.205264826991411464e+00
7.301196643849215207e+01 2.971135044939334224e-01 -1.205264826991411464e+00
7.190457954424313414e+01 3.043184883472009328e-01 -1.113608371951320342e+00
7.190457954424313414e+01 3.043184883472009328e-01 -1.113608371951320342e+00
7.190457954424313414e+01 3.043184883472009328e-01 -1.113608371951320342e+00
7.190457954424313414e+01 3.043184883472009328e-01 -1.113608371951320342e+00
7.190457954424313414e+01 3.043184883472009328e-01 -1.113608371951320342e+00
7.039391756609192896e+01 3.145806689662445921e-01 -1.140238479569992247e+00
7.039391756609192896e+01 3.145806689662445921e-01 -1.140238479569992247e+00
7.039391756609192896e+01 3.145806689662445921e-01 -1.140238479569992247e+00
7.106255826773733020e+01 3.512890863941101616e-01 -1.109918124286636054e+00
7.106255826773733020e+01 3.512890863941101616e-01 -1.109918124286636054e+00
7.106255826773733020e+01 3.512890863941101616e-01 -1.109918124286636054e+00
7.106416724006953700e+01 3.177250032436412241e-01 -1.082953181176552260e+00
7.106416724006953700e+01 3.177250032436412241e-01 -1.082953181176552260e+00
7.106416724006953700e+01 3.177250032436412241e-01 -1.082953181176552260e+00
7.165517903233839547e+01 3.057138706549586971e-01 -1.132995129882667262e+00
7.165517903233839547e+01 3.057138706549586971e-01 -1.132995129882667262e+00
6.978312109234830984e+01 3.393918092692165822e-01 -1.139842998699761356e+00
6.978312109234830984e+01 3.393918092692165822e-01 -1.139842998699761356e+00
6.978312109234830984e+01 3.393918092692165822e-01 -1.139842998699761356e+00
6.978312109234830984e+01 3.393918092692165822e-01 -1.139842998699761356e+00
7.081104746138535688e+01 3.179167706338663635e-01 -1.147389752966730958e+00
7.081104746138535688e+01 3.179167706338663635e-01 -1.147389752966730958e+00
7.081104746138535688e+01 3.179167706338663635e-01 -1.147389752966730958e+00
7.081104746138535688e+01 3.179167706338663635e-01 -1.147389752966730958e+00
7.074068835579156200e+01 3.210907516520010718e-01 -1.181880817824092267e+00
7.074068835579156200e+01 3.210907516520010718e-01 -1.181880817824092267e+00
7.037920669988427846e+01 3.205734453111129811e-01 -1.035283767048570391e+00
7.037920669988427846e+01 3.205734453111129811e-01 -1.035283767048570391e+00
7.037920669988427846e+01 3.205734453111129811e-01 -1.035283767048570391e+00
7.037920669988427846e+01 3.205734453111129811e-01 -1.035283767048570391e+00
7.037920669988427846e+01 3.205734453111129811e-01 -1.035283767048570391e+00
6.891132349427302017e+01 3.500240664043633987e-01 -1.037803903741449041e+00
6.891132349427302017e+01 3.500240664043633987e-01 -1.037803903741449041e+00
6.891132349427302017e+01 3.500240664043633987e-01 -1.037803903741449041e+00
6.891132349427302017e+01 3.500240664043633987e-01 -1.037803903741449041e+00
6.964177933572919699e+01 2.881923894575837974e-01 -9.544648670173978555e-01
6.964177933572919699e+01 2.881923894575837974e-01 -9.544648670173978555e-01
6.964177933572919699e+01 2.881923894575837974e-01 -9.544648670173978555e-01
6.964177933572919699e+01 2.881923894575837974e-01 -9.544648670173978555e-01
6.964177933572919699e+01 2.881923894575837974e-01 -9.544648670173978555e-01
6.964177933572919699e+01 2.881923894575837974e-01 -9.544648670173978555e-01
6.964177933572919699e+01 2.881923894575837974e-01 -9.544648670173978555e-01
6.964177933572919699e+01 2.881923894575837974e-01 -9.544648670173978555e-01
6.964177933572919699e+01 2.881923894575837974e-01 -9.544648670173978555e-01
7.033433949063932289e+01 2.705215879770208054e-01 -9.619048533551877167e-01
7.033433949063932289e+01 2.705215879770208054e-01 -9.619048533551877167e-01
7.033433949063932289e+01 2.705215879770208054e-01 -9.619048533551877167e-01
7.082862716985594886e+01 2.569569820038502539e-01 -9.486615567290136442e-01
7.082862716985594886e+01 2.569569820038502539e-01 -9.486615567290136442e-01
7.120074041681102983e+01 2.661377229614774187e-01 -9.853930514687032627e-01
7.120074041681102983e+01 2.661377229614774187e-01 -9.853930514687032627e-01
7.120074041681102983e+01 2.661377229614774187e-01 -9.853930514687032627e-01
7.120074041681102983e+01 2.661377229614774187e-01 -9.853930514687032627e-01
7.120074041681102983e+01 2.661377229614774187e-01 -9.853930514687032627e-01
7.120074041681102983e+01 2.661377229614774187e-01 -9.853930514687032627e-01
7.120074041681102983e+01 2.661377229614774187e-01 -9.853930514687032627e-01
7.120074041681102983e+01 2.661377229614774187e-01 -9.853930514687032627e-01
7.120074041681102983e+01 2.661377229614774187e-01 -9.853930514687032627e-01
7.120074041681102983e+01 2.661377229614774187e-01 -9.853930514687032627e-01
7.120074041681102983e+01 2.661377229614774187e-01 -9.853930514687032627e-01
7.120074041681102983e+01 2.661377229614774187e-01 -9.853930514687032627e-01
7.120074041681102983e+01 2.661377229614774187e-01 -9.853930514687032627e-01
7.061792473530586278e+01 2.438896140103524179e-01 -9.894557944945200356e-01
7.061792473530586278e+01 2.438896140103524179e-01 -9.894557944945200356e-01
7.045672283253972523e+01 2.242388502463232292e-01 -8.829989736289602931e-01
7.045672283253972523e+01 2.242388502463232292e-01 -8.829989736289602931e-01
7.045672283253972523e+01 2.242388502463232292e-01 -8.829989736289602931e-01
7.045672283253972523e+01 2.242388502463232292e-01 -8.829989736289602931e-01
7.045672283253972523e+01 2.242388502463232292e-01 -8.829989736289602931e-01
7.016719044569802577e+01 2.105601818763480626e-01 -8.802586827310591167e-01
7.016719044569802577e+01 2.105601818763480626e-01 -8.802586827310591167e-01
7.016719044569802577e+01 2.105601818763480626e-01 -8.802586827310591167e-01
7.016719044569802577e+01 2.105601818763480626e-01 -8.802586827310591167e-01
7.016719044569802577e+01 2.105601818763480626e-01 -8.802586827310591167e-01
7.016719044569802577e+01 2.105601818763480626e-01 -8.802586827310591167e-01
7.016719044569802577e+01 2.105601818763480626e-01 -8.802586827310591167e-01
7.016719044569802577e+01 2.105601818763480626e-01 -8.802586827310591167e-01
6.904452216421633182e+01 2.465519015507988410e-01 -7.631531212318676261e-01
6.865730226608714304e+01 2.833609478408188886e-01 -7.788086514087627643e-01
6.803969500007930549e+01 3.159533958389950659e-01 -8.557630871604875455e-01
6.860544601858120473e+01 2.908400074334758778e-01 -8.113340748777460032e-01
6.860544601858120473e+01 2.908400074334758778e-01 -8.113340748777460032e-01
6.860544601858120473e+01 2.908400074334758778e-01 -8.113340748777460032e-01
6.860544601858120473e+01 2.908400074334758778e-01 -8.113340748777460032e-01
6.860544601858120473e+01 2.908400074334758778e-01 -8.113340748777460032e-01
6.860544601858120473e+01 2.908400074334758778e-01 -8.113340748777460032e-01
6.860544601858120473e+01 2.908400074334758778e-01 -8.113340748777460032e-01
6.860544601858120473e+01 2.908400074334758778e-01 -8.113340748777460032e-01
6.972499440071608490e+01 2.342618371325047300e-01 -7.760480864901611042e-01
6.934886730646368846e+01 2.480583447074978520e-01 -8.005493155622712687e-01
6.934886730646368846e+01 2.480583447074978520e-01 -8.005493155622712687e-01
6.934886730646368846e+01 2.480583447074978520e-01 -8.005493155622712687e-01
6.934886730646368846e+01 2.480583447074978520e-01 -8.005493155622712687e-01
6.934886730646368846e+01 2.480583447074978520e-01 -8.005493155622712687e-01
6.934886730646368846e+01 2.480583447074978520e-01 -8.005493155622712687e-01
6.902168495873941367e+01 2.378727996500361874e-01 -8.006335679388140170e-01
6.902168495873941367e+01 2.378727996500361874e-01 -8.006335679388140170e-01
6.950641068923194155e+01 2.083876210416930885e-01 -7.884171850414855021e-01
6.950641068923194155e+01 2.083876210416930885e-01 -7.884171850414855021e-01
6.950641068923194155e+01 2.083876210416930885e-01 -7.884171850414855021e-01
6.950641068923194155e+01 2.083876210416930885e-01 -7.884171850414855021e-01
7.036954233939927406e+01 2.381716745264332302e-01 -8.429522930041665196e-01
7.036954233939927406e+01 2.381716745264332302e-01 -8.429522930041665196e-01
7.036954233939927406e+01 2.381716745264332302e-01 -8.429522930041665196e-01
7.106233697030390317e+01 2.029922139784002544e-01 -8.735795044100002071e-01
7.106233697030390317e+01 2.029922139784002544e-01 -8.735795044100002071e-01
7.046558803027106421e+01 2.484465099499494345e-01 -9.665563950620053024e-01
7.046558803027106421e+01 2.484465099499494345e-01 -9.665563950620053024e-01
7.046558803027106421e+01 2.484465099499494345e-01 -9.665563950620053024e-01
7.046558803027106421e+01 2.484465099499494345e-01 -9.665563950620053024e-01
6.990313801620550294e+01 2.424776924937903644e-01 -9.121215354421028376e-01
6.993072651238793469e+01 2.356167821716048938e-01 -9.026591334308626813e-01
6.993072651238793469e+01 2.356167821716048938e-01 -9.026591334308626813e-01
6.993072651238793469e+01 2.356167821716048938e-01 -9.026591334308626813e-01
6.993072651238793469e+01 2.356167821716048938e-01 -9.026591334308626813e-01
7.126029928100882671e+01 2.074281669253182359e-01 -8.880765623192904412e-01
7.126029928100882671e+01 2.074281669253182359e-01 -8.880765623192904412e-01
7.172785302722348888e+01 2.510852208276945774e-01 -9.641920957554566129e-01
7.081303221773832490e+01 2.460758436093580248e-01 -9.003801123641755888e-01
7.081303221773832490e+01 2.460758436093580248e-01 -9.003801123641755888e-01
6.972701717901639995e+01 2.739697207256654998e-01 -9.377037256627925865e-01
6.972701717901639995e+01 2.739697207256654998e-01 -9.377037256627925865e-01
6.972701717901639995e+01 2.739697207256654998e-01 -9.377037256627925865e-01
6.972701717901639995e+01 2.739697207256654998e-01 -9.377037256627925865e-01
7.069443548264585786e+01 2.652869887435286844e-01 -9.808612121540718487e-01
7.069443548264585786e+01 2.652869887435286844e-01 -9.808612121540718487e-01
7.069443548264585786e+01 2.652869887435286844e-01 -9.808612121540718487e-01
7.069443548264585786e+01 2.652869887435286844e-01 -9.808612121540718487e-01
7.069443548264585786e+01 2.652869887435286844e-01 -9.808612121540718487e-01
7.069443548264585786e+01 2.652869887435286844e-01 -9.808612121540718487e-01
7.069443548264585786e+01 2.652869887435286844e-01 -9.808612121540718487e-01
7.069443548264585786e+01 2.652869887435286844e-01 -9.808612121540718487e-01
7.069443548264585786e+01 2.652869887435286844e-01 -9.808612121540718487e-01
7.109492765050318042e+01 3.021064932389064261e-01 -1.067941832200358876e+00
7.109492765050318042e+01 3.021064932389064261e-01 -1.067941832200358876e+00
7.109492765050318042e+01 3.021064932389064261e-01 -1.067941832200358876e+00
7.109492765050318042e+01 3.021064932389064261e-01 -1.067941832200358876e+00
7.109492765050318042e+01 3.021064932389064261e-01 -1.067941832200358876e+00
7.109492765050318042e+01 3.021064932389064261e-01 -1.067941832200358876e+00
7.109492765050318042e+01 3.021064932389064261e-01 -1.067941832200358876e+00
7.109492765050318042e+01 3.021064932389064261e-01 -1.067941832200358876e+00
7.109492765050318042e+01 3.021064932389064261e-01 -1.067941832200358876e+00
7.109492765050318042e+01 3.021064932389064261e-01 -1.067941832200358876e+00
7.099469805665930267e+01 2.747610708574250715e-01 -1.049452652019707388e+00
7.121084090563267921e+01 2.763011869826876299e-01 -1.119066769535752570e+00
7.092465932526461359e+01 3.005986638547104572e-01 -1.155566767444368592e+00
7.092465932526461359e+01 3.005986638547104572e-01 -1.155566767444368592e+00
7.092465932526461359e+01 3.005986638547104572e-01 -1.155566767444368592e+00
7.092465932526461359e+01 3.005986638547104572e-01 -1.155566767444368592e+00
7.092465932526461359e+01 3.005986638547104572e-01 -1.155566767444368592e+00
7.092465932526461359e+01 3.005986638547104572e-01 -1.155566767444368592e+00
7.171252962942919851e+01 3.104506794952448523e-01 -1.118687410249955327e+00
7.187929431380915446e+01 3.444155058917565126e-01 -1.257915232405568684e+00
7.146368221547618305e+01 3.196724723080084374e-01 -1.139159317823580819e+00
7.146368221547618305e+01 3.196724723080084374e-01 -1.139159317823580819e+00
7.146368221547618305e+01 3.196724723080084374e-01 -1.139159317823580819e+00
7.146368221547618305e+01 3.196724723080084374e-01 -1.139159317823580819e+00
7.146368221547618305e+01 3.196724723080084374e-01 -1.139159317823580819e+00
7.146368221547618305e+01 3.196724723080084374e-01 -1.139159317823580819e+00
7.146368221547618305e+01 3.196724723080084374e-01 -1.139159317823580819e+00
7.016698165925205899e+01 3.757090994101003334e-01 -1.129225192243406450e+00
7.016698165925205899e+01 3.757090994101003334e-01 -1.129225192243406450e+00
7.016698165925205899e+01 3.757090994101003334e-01 -1.129225192243406450e+00
7.016698165925205899e+01 3.757090994101003334e-01 -1.129225192243406450e+00
7.016698165925205899e+01 3.757090994101003334e-01 -1.129225192243406450e+00
7.016698165925205899e+01 3.757090994101003334e-01 -1.129225192243406450e+00
6.945080697896308664e+01 3.667138812386523949e-01 -1.132092857686790799e+00
6.945080697896308664e+01 3.667138812386523949e-01 -1.132092857686790799e+00
7.045219972518043505e+01 3.253821213862511108e-01 -1.118654658357222109e+00
7.045219972518043505e+01 3.253821213862511108e-01 -1.118654658357222109e+00
6.982319745955720691e+01 3.417083180161641920e-01 -1.133222237293584733e+00
6.982319745955720691e+01 3.417083180161641920e-01 -1.133222237293584733e+00
6.982319745955720691e+01 3.417083180161641920e-01 -1.133222237293584733e+00
6.982319745955720691e+01 3.417083180161641920e-01 -1.133222237293584733e+00
6.982319745955720691e+01 3.417083180161641920e-01 -1.133222237293584733e+00
6.982319745955720691e+01 3.417083180161641920e-01 -1.133222237293584733e+00
6.982319745955720691e+01 3.417083180161641920e-01 -1.133222237293584733e+00
6.982319745955720691e+01 3.417083180161641920e-01 -1.133222237293584733e+00
6.982319745955720691e+01 3.417083180161641920e-01 -1.133222237293584733e+00
6.982319745955720691e+01 3.417083180161641920e-01 -1.133222237293584733e+00
6.992719916501881983e+01 3.239503957039200910e-01 -1.130920263867651432e+00
6.992719916501881983e+01 3.239503957039200910e-01 -1.130920263867651432e+00
6.992719916501881983e+01 3.239503957039200910e-01 -1.130920263867651432e+00
6.992719916501881983e+01 3.239503957039200910e-01 -1.130920263867651432e+00
6.943665909969215022e+01 3.267704491700483271e-01 -1.086013701128023312e+00
6.943665909969215022e+01 3.267704491700483271e-01 -1.086013701128023312e+00
6.943665909969215022e+01 3.267704491700483271e-01 -1.086013701128023312e+00
6.943665909969215022e+01 3.267704491700483271e-01 -1.086013701128023312e+00
6.943665909969215022e+01 3.267704491700483271e-01 -1.086013701128023312e+00
6.943665909969215022e+01 3.267704491700483271e-01 -1.086013701128023312e+00
6.943665909969215022e+01 3.267704491700483271e-01 -1.086013701128023312e+00
6.976129649316240489e+01 3.356881308945623421e-01 -1.117182157332479830e+00
6.976129649316240489e+01 3.356881308945623421e-01 -1.117182157332479830e+00
6.976129649316240489e+01 3.356881308945623421e-01 -1.117182157332479830e+00
6.922182228071895338e+01 3.617726359363834243e-01 -1.082805802222579938e+00
6.969311282690789255e+01 3.699747778211171512e-01 -1.173942168433667943e+00
6.969311282690789255e+01 3.699747778211171512e-01 -1.173942168433667943e+00
6.969311282690789255e+01 3.699747778211171512e-01 -1.173942168433667943e+00
6.969311282690789255e+01 3.699747778211171512e-01 -1.173942168433667943e+00
6.969311282690789255e+01 3.699747778211171512e-01 -1.173942168433667943e+00
6.969311282690789255e+01 3.699747778211171512e-01 -1.173942168433667943e+00
7.031723705467088337e+01 3.685958368396620166e-01 -1.197783095860855518e+00
7.031723705467088337e+01 3.685958368396620166e-01 -1.197783095860855518e+00
7.031723705467088337e+01 3.685958368396620166e-01 -1.197783095860855518e+00
7.031723705467088337e+01 3.685958368396620166e-01 -1.197783095860855518e+00
7.031723705467088337e+01 3.685958368396620166e-01 -1.197783095860855518e+00
7.031723705467088337e+01 3.685958368396620166e-01 -1.197783095860855518e+00
7.031723705467088337e+01 3.685958368396620166e-01 -1.197783095860855518e+00
7.031723705467088337e+01 3.685958368396620166e-01 -1.197783095860855518e+00
7.031723705467088337e+01 3.685958368396620166e-01 -1.197783095860855518e+00
7.031723705467088337e+01 3.685958368396620166e-01 -1.197783095860855518e+00
7.031723705467088337e+01 3.685958368396620166e-01 -1.197783095860855518e+00
7.031723705467088337e+01 3.685958368396620166e-01 -1.197783095860855518e+00
7.031723705467088337e+01 3.685958368396620166e-01 -1.197783095860855518e+00
7.031723705467088337e+01 3.685958368396620166e-01 -1.197783095860855518e+00
6.945656758518239826e+01 3.509942728582915450e-01 -1.072926805861607047e+00
6.945656758518239826e+01 3.509942728582915450e-01 -1.072926805861607047e+00
6.945656758518239826e+01 3.509942728582915450e-01 -1.072926805861607047e+00
6.945656758518239826e+01 3.509942728582915450e-01 -1.072926805861607047e+00
6.945656758518239826e+01 3.509942728582915450e-01 -1.072926805861607047e+00
6.945656758518239826e+01 3.509942728582915450e-01 -1.072926805861607047e+00
6.945656758518239826e+01 3.509942728582915450e-01 -1.072926805861607047e+00
6.945656758518239826e+01 3.509942728582915450e-01 -1.072926805861607047e+00
6.945656758518239826e+01 3.509942728582915450e-01 -1.072926805861607047e+00
7.018044820816572837e+01 3.538939821114149287e-01 -1.162475571681766739e+00
7.018044820816572837e+01 3.538939821114149287e-01 -1.162475571681766739e+00
7.018044820816572837e+01 3.538939821114149287e-01 -1.162475571681766739e+00
7.018044820816572837e+01 3.538939821114149287e-01 -1.162475571681766739e+00
7.018044820816572837e+01 3.538939821114149287e-01 -1.162475571681766739e+00
7.018044820816572837e+01 3.538939821114149287e-01 -1.162475571681766739e+00
7.018044820816572837e+01 3.538939821114149287e-01 -1.162475571681766739e+00
7.018044820816572837e+01 3.538939821114149287e-01 -1.162475571681766739e+00
7.018044820816572837e+01 3.538939821114149287e-01 -1.162475571681766739e+00
7.018044820816572837e+01 3.538939821114149287e-01 -1.162475571681766739e+00
7.018044820816572837e+01 3.538939821114149287e-01 -1.162475571681766739e+00
7.018044820816572837e+01 3.538939821114149287e-01 -1.162475571681766739e+00
7.018044820816572837e+01 3.538939821114149287e-01 -1.162475571681766739e+00
7.018044820816572837e+01 3.538939821114149287e-01 -1.162475571681766739e+00
7.018044820816572837e+01 3.538939821114149287e-01 -1.162475571681766739e+00
7.018044820816572837e+01 3.538939821114149287e-01 -1.162475571681766739e+00
7.018044820816572837e+01 3.538939821114149287e-01 -1.162475571681766739e+00
7.169784472257428831e+01 3.123809637443648590e-01 -1.227099492005296666e+00
7.251326753476642750e+01 2.839146131106789483e-01 -1.166819117057386723e+00
7.049856143337957803e+01 3.120388542201064652e-01 -1.146038852208604464e+00
7.119088647304293715e+01 3.109818670986049249e-01 -1.145070126142055722e+00
7.119088647304293715e+01 3.109818670986049249e-01 -1.145070126142055722e+00
7.070655889562854668e+01 3.877565459106475654e-01 -1.392232265661729196e+00
7.003593406036638669e+01 3.986029275493564450e-01 -1.285012596510624494e+00
7.010477667824228831e+01 3.578296217247171618e-01 -1.217852729308762205e+00
7.010477667824228831e+01 3.578296217247171618e-01 -1.217852729308762205e+00
7.010477667824228831e+01 3.578296217247171618e-01 -1.217852729308762205e+00
7.010477667824228831e+01 3.578296217247171618e-01 -1.217852729308762205e+00
6.922131697373488635e+01 3.657866673278533654e-01 -1.157999326232502346e+00
7.020850890229441177e+01 3.101493225161825462e-01 -1.120874219331203792e+00
7.020850890229441177e+01 3.101493225161825462e-01 -1.120874219331203792e+00
7.020850890229441177e+01 3.101493225161825462e-01 -1.120874219331203792e+00
7.062110021389950987e+01 3.004423773605879311e-01 -1.082376072396882938e+00
7.062110021389950987e+01 3.004423773605879311e-01 -1.082376072396882938e+00
7.062110021389950987e+01 3.004423773605879311e-01 -1.082376072396882938e+00
7.062110021389950987e+01 3.004423773605879311e-01 -1.082376072396882938e+00
7.062110021389950987e+01 3.004423773605879311e-01 -1.082376072396882938e+00
7.231832441265375166e+01 2.817440596392294938e-01 -1.092286468830486967e+00
7.231832441265375166e+01 2.817440596392294938e-01 -1.092286468830486967e+00
7.231832441265375166e+01 2.817440596392294938e-01 -1.092286468830486967e+00
7.258131107583335506e+01 2.764588308629122304e-01 -1.153278708140461406e+00
7.258131107583335506e+01 2.764588308629122304e-01 -1.153278708140461406e+00
7.258131107583335506e+01 2.764588308629122304e-01 -1.153278708140461406e+00
7.258131107583335506e+01 2.764588308629122304e-01 -1.153278708140461406e+00
7.258131107583335506e+01 2.764588308629122304e-01 -1.153278708140461406e+00
7.258131107583335506e+01 2.764588308629122304e-01 -1.153278708140461406e+00
7.258131107583335506e+01 2.764588308629122304e-01 -1.153278708140461406e+00
7.200767211209472407e+01 2.786892319078890790e-01 -1.110472645094750854e+00
7.083798066905080759e+01 2.957357121164339020e-01 -1.097996328062906368e+00
7.083798066905080759e+01 2.957357121164339020e-01 -1.097996328062906368e+00
7.083798066905080759e+01 2.957357121164339020e-01 -1.097996328062906368e+00
7.083798066905080759e+01 2.957357121164339020e-01 -1.097996328062906368e+00
7.083798066905080759e+01 2.957357121164339020e-01 -1.097996328062906368e+00
7.083798066905080759e+01 2.957357121164339020e-01 -1.097996328062906368e+00
7.083798066905080759e+01 2.957357121164339020e-01 -1.097996328062906368e+00
7.083798066905080759e+01 2.957357121164339020e-01 -1.097996328062906368e+00
7.083798066905080759e+01 2.957357121164339020e-01 -1.097996328062906368e+00
7.083798066905080759e+01 2.957357121164339020e-01 -1.097996328062906368e+00
7.027655919151195008e+01 3.345651088433619358e-01 -1.037421696189356091e+00
6.997798604368054498e+01 3.091832451716581276e-01 -1.014896419516302606e+00
6.997798604368054498e+01 3.091832451716581276e-01 -1.014896419516302606e+00
6.997798604368054498e+01 3.091832451716581276e-01 -1.014896419516302606e+00
6.997798604368054498e+01 3.091832451716581276e-01 -1.014896419516302606e+00
6.997798604368054498e+01 3.091832451716581276e-01 -1.014896419516302606e+00
7.121368249782452153e+01 2.539559866202758531e-01 -1.025645331224086965e+00
7.121368249782452153e+01 2.539559866202758531e-01 -1.025645331224086965e+00
7.121368249782452153e+01 2.539559866202758531e-01 -1.025645331224086965e+00
7.121368249782452153e+01 2.539559866202758531e-01 -1.025645331224086965e+00
7.082450262333100000e+01 2.693623603875716088e-01 -9.890019760210925215e-01
7.082450262333100000e+01 2.693623603875716088e-01 -9.890019760210925215e-01
7.082450262333100000e+01 2.693623603875716088e-01 -9.890019760210925215e-01
7.082450262333100000e+01 2.693623603875716088e-01 -9.890019760210925215e-01
7.082450262333100000e+01 2.693623603875716088e-01 -9.890019760210925215e-01
7.082450262333100000e+01 2.693623603875716088e-01 -9.890019760210925215e-01
7.082450262333100000e+01 2.693623603875716088e-01 -9.890019760210925215e-01
7.082450262333100000e+01 2.693623603875716088e-01 -9.890019760210925215e-01
7.014773006651029164e+01 3.015641398854361221e-01 -9.656632495147584594e-01
7.014773006651029164e+01 3.015641398854361221e-01 -9.656632495147584594e-01
7.014773006651029164e+01 3.015641398854361221e-01 -9.656632495147584594e-01
7.014773006651029164e+01 3.015641398854361221e-01 -9.656632495147584594e-01
7.014773006651029164e+01 3.015641398854361221e-01 -9.656632495147584594e-01
7.014773006651029164e+01 3.015641398854361221e-01 -9.656632495147584594e-01
7.032949196422997318e+01 2.649808134372925172e-01 -9.837832782489217553e-01
7.032949196422997318e+01 2.649808134372925172e-01 -9.837832782489217553e-01
7.032949196422997318e+01 2.649808134372925172e-01 -9.837832782489217553e-01
7.032949196422997318e+01 2.649808134372925172e-01 -9.837832782489217553e-01
7.032949196422997318e+01 2.649808134372925172e-01 -9.837832782489217553e-01
7.032949196422997318e+01 2.649808134372925172e-01 -9.837832782489217553e-01
7.072495186704946946e+01 3.066970592645283378e-01 -1.082213708831469612e+00
7.072495186704946946e+01 3.066970592645283378e-01 -1.082213708831469612e+00
7.033335191326234792e+01 3.094403567992462523e-01 -1.059914938421725905e+00
7.033335191326234792e+01 3.094403567992462523e-01 -1.059914938421725905e+00
7.033335191326234792e+01 3.094403567992462523e-01 -1.059914938421725905e+00
7.033335191326234792e+01 3.094403567992462523e-01 -1.059914938421725905e+00
7.033335191326234792e+01 3.094403567992462523e-01 -1.059914938421725905e+00
6.984573282852487353e+01 3.721725824625882195e-01 -1.198299952175130079e+00
6.984573282852487353e+01 3.721725824625882195e-01 -1.198299952175130079e+00
6.984573282852487353e+01 3.721725824625882195e-01 -1.198299952175130079e+00
6.984573282852487353e+01 3.721725824625882195e-01 -1.198299952175130079e+00
6.984573282852487353e+01 3.721725824625882195e-01 -1.198299952175130079e+00
6.912620363515617328e+01 3.291363131122897467e-01 -1.091916943140293528e+00
7.188500133281253568e+01 3.085969621237069638e-01 -1.087341241199041963e+00
7.191416279866243144e+01 2.983759318928330684e-01 -1.100529233798209772e+00
7.150660185123314250e+01 3.258153330803168490e-01 -1.255456069473540159e+00
7.150660185123314250e+01 3.258153330803168490e-01 -1.255456069473540159e+00
7.150660185123314250e+01 3.258153330803168490e-01 -1.255456069473540159e+00
7.060415869954154289e+01 3.662526124516033987e-01 -1.237841904308022878e+00
7.025864929961120708e+01 3.787809694734702859e-01 -1.253806190007823673e+00
7.025864929961120708e+01 3.787809694734702859e-01 -1.253806190007823673e+00
7.025864929961120708e+01 3.787809694734702859e-01 -1.253806190007823673e+00
7.147946114850940091e+01 3.061405317841543461e-01 -1.225747883852893461e+00
7.137084091333984759e+01 2.797844217026286828e-01 -1.090457915824581070e+00
7.137084091333984759e+01 2.797844217026286828e-01 -1.090457915824581070e+00
7.137084091333984759e+01 2.797844217026286828e-01 -1.090457915824581070e+00
7.119423425416094631e+01 2.771688059911840973e-01 -1.010078147985515429e+00
7.119423425416094631e+01 2.771688059911840973e-01 -1.010078147985515429e+00
6.872452216158096405e+01 3.223263289354520444e-01 -9.771921523062009340e-01
6.872452216158096405e+01 3.223263289354520444e-01 -9.771921523062009340e-01
6.872452216158096405e+01 3.223263289354520444e-01 -9.771921523062009340e-01
6.872452216158096405e+01 3.223263289354520444e-01 -9.771921523062009340e-01
6.882643938228187608e+01 3.166131396652799856e-01 -9.557956038972051926e-01
6.882643938228187608e+01 3.166131396652799856e-01 -9.557956038972051926e-01
6.882643938228187608e+01 3.166131396652799856e-01 -9.557956038972051926e-01
6.882643938228187608e+01 3.166131396652799856e-01 -9.557956038972051926e-01
6.819835327483723120e+01 3.199810499617208315e-01 -9.240323724448220588e-01
6.819835327483723120e+01 3.199810499617208315e-01 -9.240323724448220588e-01
6.819835327483723120e+01 3.199810499617208315e-01 -9.240323724448220588e-01
6.819835327483723120e+01 3.199810499617208315e-01 -9.240323724448220588e-01
6.819835327483723120e+01 3.199810499617208315e-01 -9.240323724448220588e-01
6.819835327483723120e+01 3.199810499617208315e-01 -9.240323724448220588e-01
6.816999647842018817e+01 3.618489962959597350e-01 -9.771086889856706037e-01
6.894306401835069664e+01 3.055279739502563263e-01 -9.724088586984666049e-01
6.894306401835069664e+01 3.055279739502563263e-01 -9.724088586984666049e-01
6.894306401835069664e+01 3.055279739502563263e-01 -9.724088586984666049e-01
6.894306401835069664e+01 3.055279739502563263e-01 -9.724088586984666049e-01
6.894306401835069664e+01 3.055279739502563263e-01 -9.724088586984666049e-01
6.894306401835069664e+01 3.055279739502563263e-01 -9.724088586984666049e-01
6.894306401835069664e+01 3.055279739502563263e-01 -9.724088586984666049e-01
6.894306401835069664e+01 3.055279739502563263e-01 -9.724088586984666049e-01
6.894306401835069664e+01 3.055279739502563263e-01 -9.724088586984666049e-01
6.894306401835069664e+01 3.055279739502563263e-01 -9.724088586984666049e-01
6.791568229926187428e+01 3.447423597248127081e-01 -9.212197396056096554e-01
6.791568229926187428e+01 3.447423597248127081e-01 -9.212197396056096554e-01
6.791568229926187428e+01 3.447423597248127081e-01 -9.212197396056096554e-01
6.791568229926187428e+01 3.447423597248127081e-01 -9.212197396056096554e-01
6.791568229926187428e+01 3.447423597248127081e-01 -9.212197396056096554e-01
6.791568229926187428e+01 3.447423597248127081e-01 -9.212197396056096554e-01
6.791568229926187428e+01 3.447423597248127081e-01 -9.212197396056096554e-01
6.791568229926187428e+01 3.447423597248127081e-01 -9.212197396056096554e-01
6.791568229926187428e+01 3.447423597248127081e-01 -9.212197396056096554e-01
6.791568229926187428e+01 3.447423597248127081e-01 -9.212197396056096554e-01
6.791568229926187428e+01 3.447423597248127081e-01 -9.212197396056096554e-01
6.791568229926187428e+01 3.447423597248127081e-01 -9.212197396056096554e-01
6.791568229926187428e+01 3.447423597248127081e-01 -9.212197396056096554e-01
6.791568229926187428e+01 3.447423597248127081e-01 -9.212197396056096554e-01
6.836440612894519120e+01 3.175263324517906827e-01 -9.546016890223587570e-01
6.930193219287467343e+01 3.024934241544403046e-01 -9.152125451205649354e-01
6.930193219287467343e+01 3.024934241544403046e-01 -9.152125451205649354e-01
6.932977952861349991e+01 2.967807151929672260e-01 -9.636103897579699762e-01
7.079516651900739532e+01 2.731760233154491013e-01 -9.935185190099937724e-01
7.079516651900739532e+01 2.731760233154491013e-01 -9.935185190099937724e-01
7.079516651900739532e+01 2.731760233154491013e-01 -9.935185190099937724e-01
7.079516651900739532e+01 2.731760233154491013e-01 -9.935185190099937724e-01
7.079516651900739532e+01 2.731760233154491013e-01 -9.935185190099937724e-01
7.079516651900739532e+01 2.731760233154491013e-01 -9.935185190099937724e-01
7.079516651900739532e+01 2.731760233154491013e-01 -9.935185190099937724e-01
7.023365462303392803e+01 2.840793845346257229e-01 -8.938012577369058853e-01
7.058338464941299151e+01 2.519914759459294662e-01 -8.578842881566348666e-01
6.919718902171621266e+01 3.217353848570553287e-01 -9.293748335353271273e-01
6.891485862016276087e+01 3.285914064579969485e-01 -9.903817658734226370e-01
6.997027102718983826e+01 3.214473816175392185e-01 -1.016267945331431610e+00
6.997027102718983826e+01 3.214473816175392185e-01 -1.016267945331431610e+00
6.997027102718983826e+01 3.214473816175392185e-01 -1.016267945331431610e+00
6.997027102718983826e+01 3.214473816175392185e-01 -1.016267945331431610e+00
6.997027102718983826e+01 3.214473816175392185e-01 -1.016267945331431610e+00
6.997027102718983826e+01 3.214473816175392185e-01 -1.016267945331431610e+00
6.997027102718983826e+01 3.214473816175392185e-01 -1.016267945331431610e+00
6.997027102718983826e+01 3.214473816175392185e-01 -1.016267945331431610e+00
6.997027102718983826e+01 3.214473816175392185e-01 -1.016267945331431610e+00
6.997027102718983826e+01 3.214473816175392185e-01 -1.016267945331431610e+00
6.997027102718983826e+01 3.214473816175392185e-01 -1.016267945331431610e+00
6.997027102718983826e+01 3.214473816175392185e-01 -1.016267945331431610e+00
6.997027102718983826e+01 3.214473816175392185e-01 -1.016267945331431610e+00
6.997027102718983826e+01 3.214473816175392185e-01 -1.016267945331431610e+00
6.997027102718983826e+01 3.214473816175392185e-01 -1.016267945331431610e+00
6.997027102718983826e+01 3.214473816175392185e-01 -1.016267945331431610e+00
6.997027102718983826e+01 3.214473816175392185e-01 -1.016267945331431610e+00
6.997027102718983826e+01 3.214473816175392185e-01 -1.016267945331431610e+00
6.997027102718983826e+01 3.214473816175392185e-01 -1.016267945331431610e+00
6.997027102718983826e+01 3.214473816175392185e-01 -1.016267945331431610e+00
6.997027102718983826e+01 3.214473816175392185e-01 -1.016267945331431610e+00
6.997027102718983826e+01 3.214473816175392185e-01 -1.016267945331431610e+00
6.997027102718983826e+01 3.214473816175392185e-01 -1.016267945331431610e+00
6.997027102718983826e+01 3.214473816175392185e-01 -1.016267945331431610e+00
6.901401701799609611e+01 3.254063103279589142e-01 -9.910241710315975672e-01
6.901401701799609611e+01 3.254063103279589142e-01 -9.910241710315975672e-01
6.901401701799609611e+01 3.254063103279589142e-01 -9.910241710315975672e-01
6.901401701799609611e+01 3.254063103279589142e-01 -9.910241710315975672e-01
6.901401701799609611e+01 3.254063103279589142e-01 -9.910241710315975672e-01
6.901401701799609611e+01 3.254063103279589142e-01 -9.910241710315975672e-01
6.901401701799609611e+01 3.254063103279589142e-01 -9.910241710315975672e-01
6.901401701799609611e+01 3.254063103279589142e-01 -9.910241710315975672e-01
6.864529987343095740e+01 3.158166771441116571e-01 -8.726088279187731445e-01
6.864529987343095740e+01 3.158166771441116571e-01 -8.726088279187731445e-01
6.864529987343095740e+01 3.158166771441116571e-01 -8.726088279187731445e-01
6.864529987343095740e+01 3.158166771441116571e-01 -8.726088279187731445e-01
6.864529987343095740e+01 3.158166771441116571e-01 -8.726088279187731445e-01
6.864529987343095740e+01 3.158166771441116571e-01 -8.726088279187731445e-01
6.864529987343095740e+01 3.158166771441116571e-01 -8.726088279187731445e-01
6.864529987343095740e+01 3.158166771441116571e-01 -8.726088279187731445e-01
6.972425879235450452e+01 2.922684536421327750e-01 -8.839400561469966666e-01
6.972425879235450452e+01 2.922684536421327750e-01 -8.839400561469966666e-01
6.972425879235450452e+01 2.922684536421327750e-01 -8.839400561469966666e-01
6.972425879235450452e+01 2.922684536421327750e-01 -8.839400561469966666e-01
6.972425879235450452e+01 2.922684536421327750e-01 -8.839400561469966666e-01
6.972425879235450452e+01 2.922684536421327750e-01 -8.839400561469966666e-01
7.001464406955780362e+01 3.002805464536478786e-01 -1.022447300070187692e+00
7.001464406955780362e+01 3.002805464536478786e-01 -1.022447300070187692e+00
7.019238571855549935e+01 3.119589379076115332e-01 -1.012119735586338720e+00
7.019238571855549935e+01 3.119589379076115332e-01 -1.012119735586338720e+00
7.019238571855549935e+01 3.119589379076115332e-01 -1.012119735586338720e+00
7.019238571855549935e+01 3.119589379076115332e-01 -1.012119735586338720e+00
7.019238571855549935e+01 3.119589379076115332e-01 -1.012119735586338720e+00
7.019238571855549935e+01 3.119589379076115332e-01 -1.012119735586338720e+00
7.061359069900878183e+01 2.711802927391593898e-01 -1.045832287459717236e+00
7.061359069900878183e+01 2.711802927391593898e-01 -1.045832287459717236e+00
7.061359069900878183e+01 2.711802927391593898e-01 -1.045832287459717236e+00
6.953345921971416033e+01 3.267162979900666286e-01 -1.038500502534765113e+00
6.953345921971416033e+01 3.267162979900666286e-01 -1.038500502534765113e+00
6.925797262336222104e+01 3.289278047650079362e-01 -9.974443438336363377e-01
6.925797262336222104e+01 3.289278047650079362e-01 -9.974443438336363377e-01
6.925797262336222104e+01 3.289278047650079362e-01 -9.974443438336363377e-01
6.925797262336222104e+01 3.289278047650079362e-01 -9.974443438336363377e-01
6.925797262336222104e+01 3.289278047650079362e-01 -9.974443438336363377e-01
6.994594692049481921e+01 3.087396835182263932e-01 -9.696815488918130166e-01
6.846854480976968205e+01 3.648850161396122171e-01 -1.024319921023007174e+00
6.846854480976968205e+01 3.648850161396122171e-01 -1.024319921023007174e+00
6.846854480976968205e+01 3.648850161396122171e-01 -1.024319921023007174e+00
6.846854480976968205e+01 3.648850161396122171e-01 -1.024319921023007174e+00
6.745348234247575192e+01 3.340185606168084020e-01 -8.612771025232976996e-01
6.745348234247575192e+01 3.340185606168084020e-01 -8.612771025232976996e-01
6.745348234247575192e+01 3.340185606168084020e-01 -8.612771025232976996e-01
6.866393763982561893e+01 3.406891308845379496e-01 -9.162398081673073236e-01
6.866393763982561893e+01 3.406891308845379496e-01 -9.162398081673073236e-01
6.866393763982561893e+01 3.406891308845379496e-01 -9.162398081673073236e-01
6.866393763982561893e+01 3.406891308845379496e-01 -9.162398081673073236e-01
6.866393763982561893e+01 3.406891308845379496e-01 -9.162398081673073236e-01
6.866393763982561893e+01 3.406891308845379496e-01 -9.162398081673073236e-01
6.866393763982561893e+01 3.406891308845379496e-01 -9.162398081673073236e-01
6.865326619204431324e+01 3.359668648643032163e-01 -8.992443354589947369e-01
6.865326619204431324e+01 3.359668648643032163e-01 -8.992443354589947369e-01
6.865326619204431324e+01 3.359668648643032163e-01 -8.992443354589947369e-01
6.865326619204431324e+01 3.359668648643032163e-01 -8.992443354589947369e-01
6.776084403234217746e+01 3.258301915606341970e-01 -7.840262293909501246e-01
6.940849319290948927e+01 2.719297180948817005e-01 -7.810707738110964637e-01
6.748912275721941967e+01 2.799349033787904562e-01 -7.485836048497015449e-01
6.748912275721941967e+01 2.799349033787904562e-01 -7.485836048497015449e-01
6.748912275721941967e+01 2.799349033787904562e-01 -7.485836048497015449e-01
6.748912275721941967e+01 2.799349033787904562e-01 -7.485836048497015449e-01
6.830593347120327508e+01 2.763720364065799240e-01 -7.702254987861396618e-01
6.830593347120327508e+01 2.763720364065799240e-01 -7.702254987861396618e-01
6.830593347120327508e+01 2.763720364065799240e-01 -7.702254987861396618e-01
6.830593347120327508e+01 2.763720364065799240e-01 -7.702254987861396618e-01
6.830593347120327508e+01 2.763720364065799240e-01 -7.702254987861396618e-01
6.823820831666783704e+01 2.832981253458721760e-01 -8.038008665483165061e-01
6.918343027558267977e+01 2.786600414376901313e-01 -9.346138355292972211e-01
6.918343027558267977e+01 2.786600414376901313e-01 -9.346138355292972211e-01
6.918343027558267977e+01 2.786600414376901313e-01 -9.346138355292972211e-01
6.918343027558267977e+01 2.786600414376901313e-01 -9.346138355292972211e-01
6.918343027558267977e+01 2.786600414376901313e-01 -9.346138355292972211e-01
6.918343027558267977e+01 2.786600414376901313e-01 -9.346138355292972211e-01
6.918343027558267977e+01 2.786600414376901313e-01 -9.346138355292972211e-01
6.854650013865879998e+01 3.074397513652520342e-01 -8.528577778739275805e-01
6.943790684417636783e+01 2.903964924018723748e-01 -9.507144668759008876e-01
6.943790684417636783e+01 2.903964924018723748e-01 -9.507144668759008876e-01
6.943790684417636783e+01 2.903964924018723748e-01 -9.507144668759008876e-01
6.943790684417636783e+01 2.903964924018723748e-01 -9.507144668759008876e-01
6.943790684417636783e+01 2.903964924018723748e-01 -9.507144668759008876e-01
7.135389273448549829e+01 2.716460599610486804e-01 -1.011879264981338400e+00
7.135389273448549829e+01 2.716460599610486804e-01 -1.011879264981338400e+00
7.135389273448549829e+01 2.716460599610486804e-01 -1.011879264981338400e+00
7.135389273448549829e+01 2.716460599610486804e-01 -1.011879264981338400e+00
7.135389273448549829e+01 2.716460599610486804e-01 -1.011879264981338400e+00
7.135389273448549829e+01 2.716460599610486804e-01 -1.011879264981338400e+00
7.115077046329132315e+01 2.627943431244372796e-01 -9.937618021196981122e-01
7.115077046329132315e+01 2.627943431244372796e-01 -9.937618021196981122e-01
7.115077046329132315e+01 2.627943431244372796e-01 -9.937618021196981122e-01
7.115077046329132315e+01 2.627943431244372796e-01 -9.937618021196981122e-01
7.125286002124741458e+01 2.397853359984652433e-01 -9.705107412014634116e-01
7.125286002124741458e+01 2.397853359984652433e-01 -9.705107412014634116e-01
7.125286002124741458e+01 2.397853359984652433e-01 -9.705107412014634116e-01
7.125286002124741458e+01 2.397853359984652433e-01 -9.705107412014634116e-01
7.125286002124741458e+01 2.397853359984652433e-01 -9.705107412014634116e-01
7.068794447354147792e+01 2.567653841146574356e-01 -9.794828014461728349e-01
7.068794447354147792e+01 2.567653841146574356e-01 -9.794828014461728349e-01
7.068794447354147792e+01 2.567653841146574356e-01 -9.794828014461728349e-01
7.060988623403027020e+01 2.421897345506522636e-01 -9.300610810708049847e-01
7.060988623403027020e+01 2.421897345506522636e-01 -9.300610810708049847e-01
7.060988623403027020e+01 2.421897345506522636e-01 -9.300610810708049847e-01
7.060988623403027020e+01 2.421897345506522636e-01 -9.300610810708049847e-01
7.060988623403027020e+01 2.421897345506522636e-01 -9.300610810708049847e-01
7.060988623403027020e+01 2.421897345506522636e-01 -9.300610810708049847e-01
7.060988623403027020e+01 2.421897345506522636e-01 -9.300610810708049847e-01
7.060988623403027020e+01 2.421897345506522636e-01 -9.300610810708049847e-01
7.060988623403027020e+01 2.421897345506522636e-01 -9.300610810708049847e-01
7.060988623403027020e+01 2.421897345506522636e-01 -9.300610810708049847e-01
7.060988623403027020e+01 2.421897345506522636e-01 -9.300610810708049847e-01
7.060988623403027020e+01 2.421897345506522636e-01 -9.300610810708049847e-01
7.060988623403027020e+01 2.421897345506522636e-01 -9.300610810708049847e-01
7.060988623403027020e+01 2.421897345506522636e-01 -9.300610810708049847e-01
7.060988623403027020e+01 2.421897345506522636e-01 -9.300610810708049847e-01
7.060988623403027020e+01 2.421897345506522636e-01 -9.300610810708049847e-01
7.060988623403027020e+01 2.421897345506522636e-01 -9.300610810708049847e-01
7.060988623403027020e+01 2.421897345506522636e-01 -9.300610810708049847e-01
7.060988623403027020e+01 2.421897345506522636e-01 -9.300610810708049847e-01
7.088358552474711871e+01 2.972948957651492807e-01 -9.915232091428592964e-01
7.088358552474711871e+01 2.972948957651492807e-01 -9.915232091428592964e-01
7.040344071559135841e+01 2.934128694169240714e-01 -9.598506080430330156e-01
7.040344071559135841e+01 2.934128694169240714e-01 -9.598506080430330156e-01
7.040344071559135841e+01 2.934128694169240714e-01 -9.598506080430330156e-01
6.993109651831859708e+01 2.304283768439965019e-01 -8.294514506707318935e-01
6.993109651831859708e+01 2.304283768439965019e-01 -8.294514506707318935e-01
6.976228639633278306e+01 2.754489886235982898e-01 -9.009395853614184935e-01
6.976228639633278306e+01 2.754489886235982898e-01 -9.009395853614184935e-01
6.976228639633278306e+01 2.754489886235982898e-01 -9.009395853614184935e-01
6.937123811447541755e+01 2.585591852171650329e-01 -9.116890830376020993e-01
6.937123811447541755e+01 2.585591852171650329e-01 -9.116890830376020993e-01
6.932872783515806248e+01 2.782519529387783019e-01 -9.840848279721093883e-01
6.932872783515806248e+01 2.782519529387783019e-01 -9.840848279721093883e-01
6.932872783515806248e+01 2.782519529387783019e-01 -9.840848279721093883e-01
7.097142937787522499e+01 2.870195607437384111e-01 -1.098223469595072554e+00
7.097142937787522499e+01 2.870195607437384111e-01 -1.098223469595072554e+00
7.097142937787522499e+01 2.870195607437384111e-01 -1.098223469595072554e+00
7.097142937787522499e+01 2.870195607437384111e-01 -1.098223469595072554e+00
7.097142937787522499e+01 2.870195607437384111e-01 -1.098223469595072554e+00
7.097142937787522499e+01 2.870195607437384111e-01 -1.098223469595072554e+00
7.097142937787522499e+01 2.870195607437384111e-01 -1.098223469595072554e+00
6.984707595859235596e+01 3.365384647201249968e-01 -1.090935084596215132e+00
7.028373076218254312e+01 3.347379789274837480e-01 -1.216288584410220031e+00
7.028373076218254312e+01 3.347379789274837480e-01 -1.216288584410220031e+00
7.028373076218254312e+01 3.347379789274837480e-01 -1.216288584410220031e+00
7.028373076218254312e+01 3.347379789274837480e-01 -1.216288584410220031e+00
7.085485382531925325e+01 3.382176221090748003e-01 -1.240546532535800939e+00
7.207033167330035894e+01 3.096351568666566578e-01 -1.243964296020196869e+00
7.207033167330035894e+01 3.096351568666566578e-01 -1.243964296020196869e+00
7.207033167330035894e+01 3.096351568666566578e-01 -1.243964296020196869e+00
7.207033167330035894e+01 3.096351568666566578e-01 -1.243964296020196869e+00
7.207033167330035894e+01 3.096351568666566578e-01 -1.243964296020196869e+00
7.207033167330035894e+01 3.096351568666566578e-01 -1.243964296020196869e+00
7.207033167330035894e+01 3.096351568666566578e-01 -1.243964296020196869e+00
7.047131717084270974e+01 3.515802747923585381e-01 -1.264995573084242153e+00
7.047131717084270974e+01 3.515802747923585381e-01 -1.264995573084242153e+00
7.047131717084270974e+01 3.515802747923585381e-01 -1.264995573084242153e+00
7.047131717084270974e+01 3.515802747923585381e-01 -1.264995573084242153e+00
7.047131717084270974e+01 3.515802747923585381e-01 -1.264995573084242153e+00
7.012681989864123011e+01 3.731338166255867561e-01 -1.348904516126216979e+00
7.012681989864123011e+01 3.731338166255867561e-01 -1.348904516126216979e+00
7.336818738538940465e+01 3.274184492179172401e-01 -1.409521678982726067e+00
7.168266775413718506e+01 3.514330727829594880e-01 -1.315146830942865108e+00
7.238009104434122776e+01 3.418531032207427489e-01 -1.427873626464704504e+00
7.238009104434122776e+01 3.418531032207427489e-01 -1.427873626464704504e+00
7.238009104434122776e+01 3.418531032207427489e-01 -1.427873626464704504e+00
7.238009104434122776e+01 3.418531032207427489e-01 -1.427873626464704504e+00
7.217114871255374453e+01 3.525826721864231406e-01 -1.488644641034223781e+00
7.217114871255374453e+01 3.525826721864231406e-01 -1.488644641034223781e+00
7.217114871255374453e+01 3.525826721864231406e-01 -1.488644641034223781e+00
7.217114871255374453e+01 3.525826721864231406e-01 -1.488644641034223781e+00
7.217114871255374453e+01 3.525826721864231406e-01 -1.488644641034223781e+00
7.217114871255374453e+01 3.525826721864231406e-01 -1.488644641034223781e+00
7.217114871255374453e+01 3.525826721864231406e-01 -1.488644641034223781e+00
7.217114871255374453e+01 3.525826721864231406e-01 -1.488644641034223781e+00
7.217114871255374453e+01 3.525826721864231406e-01 -1.488644641034223781e+00
7.217114871255374453e+01 3.525826721864231406e-01 -1.488644641034223781e+00
7.217114871255374453e+01 3.525826721864231406e-01 -1.488644641034223781e+00
