ra,dec,prob
177.45,-38.379999999999995,1.9809886567771753e-08
177.95632911392403,-38.379999999999995,2.7747293562971476e-08
178.4626582278481,-38.379999999999995,3.853070863294002e-08
178.96898734177213,-38.379999999999995,5.304458926445116e-08
179.4753164556962,-38.379999999999995,7.23973904905881e-08
179.98164556962024,-38.379999999999995,9.796083122376134e-08
180.48797468354428,-38.379999999999995,1.3141040012420812e-07
180.99430379746835,-38.379999999999995,1.7476511251521592e-07
181.5006329113924,-38.379999999999995,2.304238726342959e-07
182.00696202531645,-38.379999999999995,3.0119511851778954e-07
182.5132911392405,-38.379999999999995,3.9031578368009987e-07
183.01962025316453,-38.379999999999995,5.01455068907577e-07
183.5259493670886,-38.379999999999995,6.38698159709791e-07
184.03227848101264,-38.379999999999995,8.065049386111062e-07
184.5386075949367,-38.379999999999995,1.0096390153278267e-06
185.04493670886075,-38.379999999999995,1.2530631118636617e-06
185.55126582278479,-38.379999999999995,1.5417980536115337e-06
186.05759493670885,-38.379999999999995,1.8807443597790038e-06
186.5639240506329,-38.379999999999995,2.2744676817087548e-06
187.07025316455696,-38.379999999999995,2.726952038091977e-06
187.576582278481,-38.379999999999995,3.2413278153325883e-06
188.08291139240504,-38.379999999999995,3.8195846540676265e-06
188.5892405063291,-38.379999999999995,4.462282390746688e-06
189.09556962025314,-38.379999999999995,5.1682758882122215e-06
189.6018987341772,-38.379999999999995,5.934471574216315e-06
190.10822784810125,-38.379999999999995,6.755634522093399e-06
190.61455696202532,-38.379999999999995,7.624264702084712e-06
191.12088607594936,-38.379999999999995,8.530559424181966e-06
191.6272151898734,-38.379999999999995,9.462475902998357e-06
192.13354430379746,-38.379999999999995,1.0405903344610213e-05
192.6398734177215,-38.379999999999995,1.1344948163735499e-05
193.14620253164557,-38.379999999999995,1.2262329203103458e-05
193.6525316455696,-38.379999999999995,1.3139872583868573e-05
194.15886075949365,-38.379999999999995,1.3959088597825036e-05
194.66518987341772,-38.379999999999995,1.4701806440720973e-05
195.17151898734176,-38.379999999999995,1.5350837161106033e-05
195.67784810126582,-38.379999999999995,1.5890631482362588e-05
196.18417721518986,-38.379999999999995,1.630789755493778e-05
196.69050632911393,-38.379999999999995,1.6592144459013202e-05
197.19683544303797,-38.379999999999995,1.6736120459248435e-05
197.703164556962,-38.379999999999995,1.6736120459248435e-05
198.20949367088608,-38.379999999999995,1.659214445901319e-05
198.71582278481011,-38.379999999999995,1.630789755493778e-05
199.22215189873418,-38.379999999999995,1.589063148236256e-05
199.72848101265822,-38.379999999999995,1.5350837161106033e-05
200.23481012658226,-38.379999999999995,1.4701806440720973e-05
200.74113924050633,-38.379999999999995,1.3959088597825036e-05
201.24746835443037,-38.379999999999995,1.3139872583868573e-05
201.75379746835443,-38.379999999999995,1.2262329203103402e-05
202.26012658227847,-38.379999999999995,1.1344948163735499e-05
202.7664556962025,-38.379999999999995,1.0405903344610213e-05
203.27278481012658,-38.379999999999995,9.462475902998357e-06
203.77911392405062,-38.379999999999995,8.530559424181966e-06
204.2854430379747,-38.379999999999995,7.624264702084672e-06
204.79177215189873,-38.379999999999995,6.755634522093399e-06
205.29810126582277,-38.379999999999995,5.934471574216315e-06
205.80443037974683,-38.379999999999995,5.1682758882122215e-06
206.31075949367087,-38.379999999999995,4.462282390746688e-06
206.81708860759494,-38.379999999999995,3.8195846540676265e-06
207.32341772151898,-38.379999999999995,3.2413278153325883e-06
207.82974683544302,-38.379999999999995,2.726952038091977e-06
208.33607594936709,-38.379999999999995,2.2744676817087548e-06
208.84240506329112,-38.379999999999995,1.8807443597790038e-06
209.3487341772152,-38.379999999999995,1.5417980536115337e-06
209.85506329113923,-38.379999999999995,1.2530631118636617e-06
210.36139240506327,-38.379999999999995,1.0096390153278267e-06
210.86772151898734,-38.379999999999995,8.065049386111062e-07
211.37405063291138,-38.379999999999995,6.38698159709791e-07
211.88037974683544,-38.379999999999995,5.01455068907577e-07
212.38670886075948,-38.379999999999995,3.9031578368009987e-07
212.89303797468352,-38.379999999999995,3.0119511851778954e-07
213.3993670886076,-38.379999999999995,2.304238726342959e-07
213.90569620253163,-38.379999999999995,1.7476511251521592e-07
214.4120253164557,-38.379999999999995,1.3141040012420812e-07
214.91835443037974,-38.379999999999995,9.796083122376134e-08
215.42468354430378,-38.379999999999995,7.23973904905881e-08
215.93101265822784,-38.379999999999995,5.304458926445116e-08
216.43734177215188,-38.379999999999995,3.853070863294002e-08
216.94367088607595,-38.379999999999995,2.7747293562971476e-08
217.45,-38.379999999999995,1.9809886567771753e-08
177.45,-37.87152542372881,2.6738245402304836e-08
177.95632911392403,-37.87152542372881,3.745170079588068e-08
178.4626582278481,-37.87152542372881,5.200653418320594e-08
178.96898734177213,-37.87152542372881,7.159653540494223e-08
179.4753164556962,-37.87152542372881,9.771783330516925e-08
179.98164556962024,-37.87152542372881,1.322218951690502e-07
180.48797468354428,-37.87152542372881,1.773701992141882e-07
180.99430379746835,-37.87152542372881,2.3588789618793239e-07
181.5006329113924,-37.87152542372881,3.1101288904241573e-07
182.00696202531645,-37.87152542372881,4.065358458945891e-07
182.5132911392405,-37.87152542372881,5.268257934101493e-07
183.01962025316453,-37.87152542372881,6.768352077539745e-07
183.5259493670886,-37.87152542372881,8.620780373424328e-07
184.03227848101264,-37.87152542372881,1.0885739750694668e-06
184.5386075949367,-37.87152542372881,1.3627526673219789e-06
185.04493670886075,-37.87152542372881,1.691312510799248e-06
185.55126582278479,-37.87152542372881,2.0810303268131306e-06
186.05759493670885,-37.87152542372881,2.5385205543066443e-06
186.5639240506329,-37.87152542372881,3.0699456468407533e-06
187.07025316455696,-37.87152542372881,3.680683003679609e-06
187.576582278481,-37.87152542372881,4.374957840327895e-06
188.08291139240504,-37.87152542372881,5.155455659271111e-06
188.5892405063291,-37.87152542372881,6.022932095546519e-06
189.09556962025314,-37.87152542372881,6.975841508888416e-06
189.6018987341772,-37.87152542372881,8.01000837342231e-06
190.10822784810125,-37.87152542372881,9.118366886253882e-06
190.61455696202532,-37.87152542372881,1.029079393862487e-05
191.12088607594936,-37.87152542372881,1.1514058423423765e-05
191.6272151898734,-37.87152542372881,1.2771905681650004e-05
192.13354430379746,-37.87152542372881,1.404528977533408e-05
192.6398734177215,-37.87152542372881,1.531275845727913e-05
193.14620253164557,-37.87152542372881,1.655098661543265e-05
193.6525316455696,-37.87152542372881,1.7735444193510806e-05
194.15886075949365,-37.87152542372881,1.884117484692614e-05
194.66518987341772,-37.87152542372881,1.9843652669304496e-05
195.17151898734176,-37.87152542372881,2.071967700270592e-05
195.67784810126582,-37.87152542372881,2.1448260327963788e-05
196.18417721518986,-37.87152542372881,2.2011462071113736e-05
196.69050632911393,-37.87152542372881,2.2395122192034284e-05
197.19683544303797,-37.87152542372881,2.2589452715490956e-05
197.703164556962,-37.87152542372881,2.2589452715490956e-05
198.20949367088608,-37.87152542372881,2.2395122192034263e-05
198.71582278481011,-37.87152542372881,2.2011462071113736e-05
199.22215189873418,-37.87152542372881,2.144826032796375e-05
199.72848101265822,-37.87152542372881,2.071967700270592e-05
200.23481012658226,-37.87152542372881,1.9843652669304496e-05
200.74113924050633,-37.87152542372881,1.884117484692614e-05
201.24746835443037,-37.87152542372881,1.7735444193510806e-05
201.75379746835443,-37.87152542372881,1.6550986615432563e-05
202.26012658227847,-37.87152542372881,1.531275845727913e-05
202.7664556962025,-37.87152542372881,1.404528977533408e-05
203.27278481012658,-37.87152542372881,1.2771905681650004e-05
203.77911392405062,-37.87152542372881,1.1514058423423765e-05
204.2854430379747,-37.87152542372881,1.0290793938624806e-05
204.79177215189873,-37.87152542372881,9.118366886253882e-06
205.29810126582277,-37.87152542372881,8.01000837342231e-06
205.80443037974683,-37.87152542372881,6.975841508888416e-06
206.31075949367087,-37.87152542372881,6.022932095546519e-06
206.81708860759494,-37.87152542372881,5.155455659271111e-06
207.32341772151898,-37.87152542372881,4.374957840327895e-06
207.82974683544302,-37.87152542372881,3.680683003679609e-06
208.33607594936709,-37.87152542372881,3.0699456468407533e-06
208.84240506329112,-37.87152542372881,2.5385205543066443e-06
209.3487341772152,-37.87152542372881,2.0810303268131306e-06
209.85506329113923,-37.87152542372881,1.691312510799248e-06
210.36139240506327,-37.87152542372881,1.3627526673219789e-06
210.86772151898734,-37.87152542372881,1.0885739750694668e-06
211.37405063291138,-37.87152542372881,8.620780373424328e-07
211.88037974683544,-37.87152542372881,6.768352077539745e-07
212.38670886075948,-37.87152542372881,5.268257934101493e-07
212.89303797468352,-37.87152542372881,4.065358458945891e-07
213.3993670886076,-37.87152542372881,3.1101288904241573e-07
213.90569620253163,-37.87152542372881,2.3588789618793239e-07
214.4120253164557,-37.87152542372881,1.773701992141882e-07
214.91835443037974,-37.87152542372881,1.322218951690502e-07
215.42468354430378,-37.87152542372881,9.771783330516925e-08
215.93101265822784,-37.87152542372881,7.159653540494223e-08
216.43734177215188,-37.87152542372881,5.200653418320594e-08
216.94367088607595,-37.87152542372881,3.745170079588068e-08
217.45,-37.87152542372881,2.6738245402304836e-08
177.45,-37.36305084745762,3.571843402043279e-08
177.95632911392403,-37.36305084745762,5.00300630689606e-08
178.4626582278481,-37.36305084745762,6.947321830227872e-08
178.96898734177213,-37.36305084745762,9.564263052700415e-08
179.4753164556962,-37.36305084745762,1.3053691179113335e-07
179.98164556962024,-37.36305084745762,1.7662935497798993e-07
180.48797468354428,-37.36305084745762,2.3694096835826372e-07
180.99430379746835,-37.36305084745762,3.151121597336032e-07
181.5006329113924,-37.36305084745762,4.154682997938273e-07
182.00696202531645,-37.36305084745762,5.430731736524123e-07
182.5132911392405,-37.36305084745762,7.037631699109376e-07
183.01962025316453,-37.36305084745762,9.041540814335689e-07
183.5259493670886,-37.36305084745762,1.1516117469183514e-06
184.03227848101264,-37.36305084745762,1.45417760664009e-06
184.5386075949367,-37.36305084745762,1.8204407395300953e-06
185.04493670886075,-37.36305084745762,2.259349236121082e-06
185.55126582278479,-37.36305084745762,2.7799559509012216e-06
186.05759493670885,-37.36305084745762,3.391096818966978e-06
186.5639240506329,-37.36305084745762,4.101003988225206e-06
187.07025316455696,-37.36305084745762,4.916860887428543e-06
187.576582278481,-37.36305084745762,5.844311794238263e-06
188.08291139240504,-37.36305084745762,6.8869441521046485e-06
188.5892405063291,-37.36305084745762,8.04576738030018e-06
189.09556962025314,-37.36305084745762,9.318716726668583e-06
189.6018987341772,-37.36305084745762,1.0700214291717779e-05
190.10822784810125,-37.36305084745762,1.2180821183303372e-05
190.61455696202532,-37.36305084745762,1.3747014390217148e-05
191.12088607594936,-37.36305084745762,1.5381119064342913e-05
191.6272151898734,-37.36305084745762,1.7061421328935914e-05
192.13354430379746,-37.36305084745762,1.876247856169669e-05
192.6398734177215,-37.36305084745762,2.0455633658744206e-05
193.14620253164557,-37.36305084745762,2.2109727639250334e-05
193.6525316455696,-37.36305084745762,2.369199189092555e-05
194.15886075949365,-37.36305084745762,2.5169088341875962e-05
194.66518987341772,-37.36305084745762,2.650825392349194e-05
195.17151898734176,-37.36305084745762,2.767849590766475e-05
195.67784810126582,-37.36305084745762,2.8651778000040477e-05
196.18417721518986,-37.36305084745762,2.9404134184981453e-05
196.69050632911393,-37.36305084745762,2.991664869403712e-05
197.19683544303797,-37.36305084745762,3.0176246205983234e-05
197.703164556962,-37.36305084745762,3.0176246205983234e-05
198.20949367088608,-37.36305084745762,2.991664869403711e-05
198.71582278481011,-37.36305084745762,2.9404134184981453e-05
199.22215189873418,-37.36305084745762,2.8651778000040433e-05
199.72848101265822,-37.36305084745762,2.767849590766475e-05
200.23481012658226,-37.36305084745762,2.650825392349194e-05
200.74113924050633,-37.36305084745762,2.5169088341875962e-05
201.24746835443037,-37.36305084745762,2.369199189092555e-05
201.75379746835443,-37.36305084745762,2.2109727639250232e-05
202.26012658227847,-37.36305084745762,2.0455633658744206e-05
202.7664556962025,-37.36305084745762,1.876247856169669e-05
203.27278481012658,-37.36305084745762,1.7061421328935914e-05
203.77911392405062,-37.36305084745762,1.5381119064342913e-05
204.2854430379747,-37.36305084745762,1.3747014390217065e-05
204.79177215189873,-37.36305084745762,1.2180821183303372e-05
205.29810126582277,-37.36305084745762,1.0700214291717779e-05
205.80443037974683,-37.36305084745762,9.318716726668583e-06
206.31075949367087,-37.36305084745762,8.04576738030018e-06
206.81708860759494,-37.36305084745762,6.8869441521046485e-06
207.32341772151898,-37.36305084745762,5.844311794238263e-06
207.82974683544302,-37.36305084745762,4.916860887428543e-06
208.33607594936709,-37.36305084745762,4.101003988225206e-06
208.84240506329112,-37.36305084745762,3.391096818966978e-06
209.3487341772152,-37.36305084745762,2.7799559509012216e-06
209.85506329113923,-37.36305084745762,2.259349236121082e-06
210.36139240506327,-37.36305084745762,1.8204407395300953e-06
210.86772151898734,-37.36305084745762,1.45417760664009e-06
211.37405063291138,-37.36305084745762,1.1516117469183514e-06
211.88037974683544,-37.36305084745762,9.041540814335689e-07
212.38670886075948,-37.36305084745762,7.037631699109376e-07
212.89303797468352,-37.36305084745762,5.430731736524123e-07
213.3993670886076,-37.36305084745762,4.154682997938273e-07
213.90569620253163,-37.36305084745762,3.151121597336032e-07
214.4120253164557,-37.36305084745762,2.3694096835826372e-07
214.91835443037974,-37.36305084745762,1.7662935497798993e-07
215.42468354430378,-37.36305084745762,1.3053691179113335e-07
215.93101265822784,-37.36305084745762,9.564263052700415e-08
216.43734177215188,-37.36305084745762,6.947321830227872e-08
216.94367088607595,-37.36305084745762,5.00300630689606e-08
217.45,-37.36305084745762,3.571843402043279e-08
177.45,-36.85457627118644,4.7223753632409936e-08
177.95632911392403,-36.85457627118644,6.614532348285449e-08
178.4626582278481,-36.85457627118644,9.185134329463205e-08
178.96898734177213,-36.85457627118644,1.2645022506247376e-07
179.4753164556962,-36.85457627118644,1.725843568291297e-07
179.98164556962024,-36.85457627118644,2.3352370764520415e-07
180.48797468354428,-36.85457627118644,3.1326238739286385e-07
180.99430379746835,-36.85457627118644,4.166134212189616e-07
181.5006329113924,-36.85457627118644,5.492954316058838e-07
182.00696202531645,-36.85457627118644,7.180033072631814e-07
182.5132911392405,-36.85457627118644,9.304534048840474e-07
183.01962025316453,-36.85457627118644,1.1953925405277143e-06
183.5259493670886,-36.85457627118644,1.5225591745022e-06
184.03227848101264,-36.85457627118644,1.922584987753249e-06
184.5386075949367,-36.85457627118644,2.4068257006114257e-06
185.04493670886075,-36.85457627118644,2.987111686786726e-06
185.55126582278479,-36.85457627118644,3.675411829623102e-06
186.05759493670885,-36.85457627118644,4.483408220834564e-06
186.5639240506329,-36.85457627118644,5.421984678127016e-06
187.07025316455696,-36.85457627118644,6.500638495515542e-06
187.576582278481,-36.85457627118644,7.726832037603165e-06
188.08291139240504,-36.85457627118644,9.105308304756833e-06
188.5892405063291,-36.85457627118644,1.06374018618404e-05
189.09556962025314,-36.85457627118644,1.2320382876211037e-05
189.6018987341772,-36.85457627118644,1.4146876742608902e-05
190.10822784810125,-36.85457627118644,1.610440419285178e-05
190.61455696202532,-36.85457627118644,1.817508629783265e-05
191.12088607594936,-36.85457627118644,2.0335554936976794e-05
191.6272151898734,-36.85457627118644,2.2557101943369288e-05
192.13354430379746,-36.85457627118644,2.4806089332586036e-05
192.6398734177215,-36.85457627118644,2.7044629217024733e-05
193.14620253164557,-36.85457627118644,2.9231525948712047e-05
193.6525316455696,-36.85457627118644,3.132345576735236e-05
194.15886075949365,-36.85457627118644,3.327634202353836e-05
194.66518987341772,-36.85457627118644,3.504686828633754e-05
195.17151898734176,-36.85457627118644,3.65940587124146e-05
195.67784810126582,-36.85457627118644,3.7880846193604136e-05
196.18417721518986,-36.85457627118644,3.887554498418236e-05
196.69050632911393,-36.85457627118644,3.9553146328486395e-05
197.19683544303797,-36.85457627118644,3.9896363193501165e-05
197.703164556962,-36.85457627118644,3.9896363193501165e-05
198.20949367088608,-36.85457627118644,3.9553146328486375e-05
198.71582278481011,-36.85457627118644,3.887554498418236e-05
199.22215189873418,-36.85457627118644,3.788084619360408e-05
199.72848101265822,-36.85457627118644,3.65940587124146e-05
200.23481012658226,-36.85457627118644,3.504686828633754e-05
200.74113924050633,-36.85457627118644,3.327634202353836e-05
201.24746835443037,-36.85457627118644,3.132345576735236e-05
201.75379746835443,-36.85457627118644,2.923152594871192e-05
202.26012658227847,-36.85457627118644,2.7044629217024733e-05
202.7664556962025,-36.85457627118644,2.4806089332586036e-05
203.27278481012658,-36.85457627118644,2.2557101943369288e-05
203.77911392405062,-36.85457627118644,2.0335554936976794e-05
204.2854430379747,-36.85457627118644,1.8175086297832536e-05
204.79177215189873,-36.85457627118644,1.610440419285178e-05
205.29810126582277,-36.85457627118644,1.4146876742608902e-05
205.80443037974683,-36.85457627118644,1.2320382876211037e-05
206.31075949367087,-36.85457627118644,1.06374018618404e-05
206.81708860759494,-36.85457627118644,9.105308304756833e-06
207.32341772151898,-36.85457627118644,7.726832037603165e-06
207.82974683544302,-36.85457627118644,6.500638495515542e-06
208.33607594936709,-36.85457627118644,5.421984678127016e-06
208.84240506329112,-36.85457627118644,4.483408220834564e-06
209.3487341772152,-36.85457627118644,3.675411829623102e-06
209.85506329113923,-36.85457627118644,2.987111686786726e-06
210.36139240506327,-36.85457627118644,2.4068257006114257e-06
210.86772151898734,-36.85457627118644,1.922584987753249e-06
211.37405063291138,-36.85457627118644,1.5225591745022e-06
211.88037974683544,-36.85457627118644,1.1953925405277143e-06
212.38670886075948,-36.85457627118644,9.304534048840474e-07
212.89303797468352,-36.85457627118644,7.180033072631814e-07
213.3993670886076,-36.85457627118644,5.492954316058838e-07
213.90569620253163,-36.85457627118644,4.166134212189616e-07
214.4120253164557,-36.85457627118644,3.1326238739286385e-07
214.91835443037974,-36.85457627118644,2.3352370764520415e-07
215.42468354430378,-36.85457627118644,1.725843568291297e-07
215.93101265822784,-36.85457627118644,1.2645022506247376e-07
216.43734177215188,-36.85457627118644,9.185134329463205e-08
216.94367088607595,-36.85457627118644,6.614532348285449e-08
217.45,-36.85457627118644,4.7223753632409936e-08
177.45,-36.34610169491525,6.179270228130367e-08
177.95632911392403,-36.34610169491525,8.655174497758312e-08
178.4626582278481,-36.34610169491525,1.2018830088186238e-07
178.96898734177213,-36.34610169491525,1.654612458702713e-07
179.4753164556962,-36.34610169491525,2.258281682342509e-07
179.98164556962024,-36.34610169491525,3.0556785160430077e-07
180.48797468354428,-36.34610169491525,4.099066243394215e-07
180.99430379746835,-36.34610169491525,5.451423727170779e-07
181.5006329113924,-36.34610169491525,7.187579651950349e-07
182.00696202531645,-36.34610169491525,9.395137232855542e-07
182.5132911392405,-36.34610169491525,1.2175065684563887e-06
183.01962025316453,-36.34610169491525,1.5641817874347309e-06
183.5259493670886,-36.34610169491525,1.992282242280548e-06
184.03227848101264,-36.34610169491525,2.5157195822147898e-06
184.5386075949367,-36.34610169491525,3.1493528684429245e-06
185.04493670886075,-36.34610169491525,3.908662250345462e-06
185.55126582278479,-36.34610169491525,4.8093091183927566e-06
186.05759493670885,-36.34610169491525,5.866579593652723e-06
186.5639240506329,-36.34610169491525,7.094715248542925e-06
187.07025316455696,-36.34610169491525,8.5061433768808e-06
187.576582278481,-36.34610169491525,1.0110628549221614e-05
188.08291139240504,-36.34610169491525,1.191437702379459e-05
188.5892405063291,-36.34610169491525,1.3919135090611932e-05
189.09556962025314,-36.34610169491525,1.612133073934406e-05
189.6018987341772,-36.34610169491525,1.851131423331798e-05
190.10822784810125,-36.34610169491525,2.1072756338956137e-05
190.61455696202532,-36.34610169491525,2.3782262318262517e-05
191.12088607594936,-36.34610169491525,2.660925477730978e-05
191.6272151898734,-36.34610169491525,2.9516168823967003e-05
192.13354430379746,-36.34610169491525,3.245898885597946e-05
192.6398734177215,-36.34610169491525,3.538813823492697e-05
193.14620253164557,-36.34610169491525,3.824971208847952e-05
193.6525316455696,-36.34610169491525,4.0987020890376755e-05
194.15886075949365,-36.34610169491525,4.354238995224928e-05
194.66518987341772,-36.34610169491525,4.585913933837375e-05
195.17151898734176,-36.34610169491525,4.7883651792746914e-05
195.67784810126582,-36.34610169491525,4.9567424674153e-05
196.18417721518986,-36.34610169491525,5.086899690206646e-05
196.69050632911393,-36.34610169491525,5.175564429693289e-05
197.19683544303797,-36.34610169491525,5.2204746622065006e-05
197.703164556962,-36.34610169491525,5.2204746622065006e-05
198.20949367088608,-36.34610169491525,5.175564429693287e-05
198.71582278481011,-36.34610169491525,5.086899690206646e-05
199.22215189873418,-36.34610169491525,4.9567424674152914e-05
199.72848101265822,-36.34610169491525,4.7883651792746914e-05
200.23481012658226,-36.34610169491525,4.585913933837375e-05
200.74113924050633,-36.34610169491525,4.354238995224928e-05
201.24746835443037,-36.34610169491525,4.0987020890376755e-05
201.75379746835443,-36.34610169491525,3.824971208847933e-05
202.26012658227847,-36.34610169491525,3.538813823492697e-05
202.7664556962025,-36.34610169491525,3.245898885597946e-05
203.27278481012658,-36.34610169491525,2.9516168823967003e-05
203.77911392405062,-36.34610169491525,2.660925477730978e-05
204.2854430379747,-36.34610169491525,2.378226231826237e-05
204.79177215189873,-36.34610169491525,2.1072756338956137e-05
205.29810126582277,-36.34610169491525,1.851131423331798e-05
205.80443037974683,-36.34610169491525,1.612133073934406e-05
206.31075949367087,-36.34610169491525,1.3919135090611932e-05
206.81708860759494,-36.34610169491525,1.191437702379459e-05
207.32341772151898,-36.34610169491525,1.0110628549221614e-05
207.82974683544302,-36.34610169491525,8.5061433768808e-06
208.33607594936709,-36.34610169491525,7.094715248542925e-06
208.84240506329112,-36.34610169491525,5.866579593652723e-06
209.3487341772152,-36.34610169491525,4.8093091183927566e-06
209.85506329113923,-36.34610169491525,3.908662250345462e-06
210.36139240506327,-36.34610169491525,3.1493528684429245e-06
210.86772151898734,-36.34610169491525,2.5157195822147898e-06
211.37405063291138,-36.34610169491525,1.992282242280548e-06
211.88037974683544,-36.34610169491525,1.5641817874347309e-06
212.38670886075948,-36.34610169491525,1.2175065684563887e-06
212.89303797468352,-36.34610169491525,9.395137232855542e-07
213.3993670886076,-36.34610169491525,7.187579651950349e-07
213.90569620253163,-36.34610169491525,5.451423727170779e-07
214.4120253164557,-36.34610169491525,4.099066243394215e-07
214.91835443037974,-36.34610169491525,3.0556785160430077e-07
215.42468354430378,-36.34610169491525,2.258281682342509e-07
215.93101265822784,-36.34610169491525,1.654612458702713e-07
216.43734177215188,-36.34610169491525,1.2018830088186238e-07
216.94367088607595,-36.34610169491525,8.655174497758312e-08
217.45,-36.34610169491525,6.179270228130367e-08
177.45,-35.837627118644065,8.00244062395998e-08
177.95632911392403,-35.837627118644065,1.120885111853732e-07
178.4626582278481,-35.837627118644065,1.556494061585567e-07
178.96898734177213,-35.837627118644065,2.1427996296642214e-07
179.4753164556962,-35.837627118644065,2.9245791829677396e-07
179.98164556962024,-35.837627118644065,3.957244947668021e-07
180.48797468354428,-35.837627118644065,5.308480292237655e-07
180.99430379746835,-35.837627118644065,7.059845755593397e-07
181.5006329113924,-35.837627118644065,9.308247943725012e-07
182.00696202531645,-35.837627118644065,1.2167137070266991e-06
182.5132911392405,-35.837627118644065,1.5767272936211143e-06
183.01962025316453,-35.837627118644065,2.025687729603195e-06
183.5259493670886,-35.837627118644065,2.5800976104655307e-06
184.03227848101264,-35.837627118644065,3.25797316510925e-06
184.5386075949367,-35.837627118644065,4.078557564755982e-06
185.04493670886075,-35.837627118644065,5.061898318528026e-06
185.55126582278479,-35.837627118644065,6.228277651138094e-06
186.05759493670885,-35.837627118644065,7.59749179607342e-06
186.5639240506329,-35.837627118644065,9.187984248027683e-06
187.07025316455696,-35.837627118644065,1.1015848927030108e-05
187.576582278481,-35.837627118644065,1.3093731403383052e-05
188.08291139240504,-35.837627118644065,1.54296690684196e-05
188.5892405063291,-35.837627118644065,1.80259234484396e-05
189.09556962025314,-35.837627118644065,2.0877868624925907e-05
189.6018987341772,-35.837627118644065,2.397300774276272e-05
190.10822784810125,-35.837627118644065,2.7290193689537907e-05
190.61455696202532,-35.837627118644065,3.079912919796675e-05
191.12088607594936,-35.837627118644065,3.446021512926663e-05
191.6272151898734,-35.837627118644065,3.8224803211436996e-05
192.13354430379746,-35.837627118644065,4.2035891204639254e-05
192.6398734177215,-35.837627118644065,4.582927507010403e-05
193.14620253164557,-35.837627118644065,4.953514550604693e-05
193.6525316455696,-35.837627118644065,5.3080086955104345e-05
194.15886075949365,-35.837627118644065,5.6389408029435555e-05
194.66518987341772,-35.837627118644065,5.938970559186572e-05
195.17151898734176,-35.837627118644065,6.201154281705057e-05
195.67784810126582,-35.837627118644065,6.419210654225328e-05
196.18417721518986,-35.837627118644065,6.587770275137461e-05
196.69050632911393,-35.837627118644065,6.70259521189952e-05
197.19683544303797,-35.837627118644065,6.760756039283166e-05
197.703164556962,-35.837627118644065,6.760756039283166e-05
198.20949367088608,-35.837627118644065,6.702595211899517e-05
198.71582278481011,-35.837627118644065,6.587770275137461e-05
199.22215189873418,-35.837627118644065,6.419210654225318e-05
199.72848101265822,-35.837627118644065,6.201154281705057e-05
200.23481012658226,-35.837627118644065,5.938970559186572e-05
200.74113924050633,-35.837627118644065,5.6389408029435555e-05
201.24746835443037,-35.837627118644065,5.3080086955104345e-05
201.75379746835443,-35.837627118644065,4.953514550604671e-05
202.26012658227847,-35.837627118644065,4.582927507010403e-05
202.7664556962025,-35.837627118644065,4.2035891204639254e-05
203.27278481012658,-35.837627118644065,3.8224803211436996e-05
203.77911392405062,-35.837627118644065,3.446021512926663e-05
204.2854430379747,-35.837627118644065,3.079912919796655e-05
204.79177215189873,-35.837627118644065,2.7290193689537907e-05
205.29810126582277,-35.837627118644065,2.397300774276272e-05
205.80443037974683,-35.837627118644065,2.0877868624925907e-05
206.31075949367087,-35.837627118644065,1.80259234484396e-05
206.81708860759494,-35.837627118644065,1.54296690684196e-05
207.32341772151898,-35.837627118644065,1.3093731403383052e-05
207.82974683544302,-35.837627118644065,1.1015848927030108e-05
208.33607594936709,-35.837627118644065,9.187984248027683e-06
208.84240506329112,-35.837627118644065,7.59749179607342e-06
209.3487341772152,-35.837627118644065,6.228277651138094e-06
209.85506329113923,-35.837627118644065,5.061898318528026e-06
210.36139240506327,-35.837627118644065,4.078557564755982e-06
210.86772151898734,-35.837627118644065,3.25797316510925e-06
211.37405063291138,-35.837627118644065,2.5800976104655307e-06
211.88037974683544,-35.837627118644065,2.025687729603195e-06
212.38670886075948,-35.837627118644065,1.5767272936211143e-06
212.89303797468352,-35.837627118644065,1.2167137070266991e-06
213.3993670886076,-35.837627118644065,9.308247943725012e-07
213.90569620253163,-35.837627118644065,7.059845755593397e-07
214.4120253164557,-35.837627118644065,5.308480292237655e-07
214.91835443037974,-35.837627118644065,3.957244947668021e-07
215.42468354430378,-35.837627118644065,2.9245791829677396e-07
215.93101265822784,-35.837627118644065,2.1427996296642214e-07
216.43734177215188,-35.837627118644065,1.556494061585567e-07
216.94367088607595,-35.837627118644065,1.120885111853732e-07
217.45,-35.837627118644065,8.00244062395998e-08
177.45,-35.329152542372874,1.0256904741101944e-07
177.95632911392403,-35.329152542372874,1.4366631829270592e-07
178.4626582278481,-35.329152542372874,1.9949927865723908e-07
178.96898734177213,-35.329152542372874,2.7464735714413164e-07
179.4753164556962,-35.329152542372874,3.748497676783252e-07
179.98164556962024,-35.329152542372874,5.072088175688649e-07
180.48797468354428,-35.329152542372874,6.80399633512745e-07
180.99430379746835,-35.329152542372874,9.048760097661486e-07
181.5006329113924,-35.329152542372874,1.1930586798668503e-06
182.00696202531645,-35.329152542372874,1.559488808051955e-06
182.5132911392405,-35.329152542372874,2.0209261665679706e-06
183.01962025316453,-35.329152542372874,2.596368664773361e-06
183.5259493670886,-35.329152542372874,3.306968043480992e-06
184.03227848101264,-35.329152542372874,4.175816100845479e-06
184.5386075949367,-35.329152542372874,5.227577234069094e-06
185.04493670886075,-35.329152542372874,6.487946777991078e-06
185.55126582278479,-35.329152542372874,7.98292090760249e-06
186.05759493670885,-35.329152542372874,9.737872892216084e-06
186.5639240506329,-35.329152542372874,1.1776442165981447e-05
187.07025316455696,-35.329152542372874,1.4119256661351645e-05
187.576582278481,-35.329152542372874,1.678252448483858e-05
188.08291139240504,-35.329152542372874,1.977654733827846e-05
188.5892405063291,-35.329152542372874,2.3104223869835926e-05
189.09556962025314,-35.329152542372874,2.6759624937665408e-05
189.6018987341772,-35.329152542372874,3.072673304679134e-05
190.10822784810125,-35.329152542372874,3.4978443476572525e-05
190.61455696202532,-35.329152542372874,3.9475923550947e-05
191.12088607594936,-35.329152542372874,4.416841817988548e-05
191.6272151898734,-35.329152542372874,4.8993573799622105e-05
192.13354430379746,-35.329152542372874,5.3878329381462224e-05
192.6398734177215,-35.329152542372874,5.8740393192096534e-05
193.14620253164557,-35.329152542372874,6.349028910891532e-05
193.6525316455696,-35.329152542372874,6.803391879195234e-05
194.15886075949365,-35.329152542372874,7.227554864116445e-05
194.66518987341772,-35.329152542372874,7.612109623581543e-05
195.17151898734176,-35.329152542372874,7.948156286456861e-05
195.67784810126582,-35.329152542372874,8.22764395106185e-05
196.18417721518986,-35.329152542372874,8.443690536864127e-05
196.69050632911393,-35.329152542372874,8.590864192204375e-05
197.19683544303797,-35.329152542372874,8.665410208122524e-05
197.703164556962,-35.329152542372874,8.665410208122524e-05
198.20949367088608,-35.329152542372874,8.590864192204372e-05
198.71582278481011,-35.329152542372874,8.443690536864127e-05
199.22215189873418,-35.329152542372874,8.227643951061835e-05
199.72848101265822,-35.329152542372874,7.948156286456861e-05
200.23481012658226,-35.329152542372874,7.612109623581543e-05
200.74113924050633,-35.329152542372874,7.227554864116445e-05
201.24746835443037,-35.329152542372874,6.803391879195234e-05
201.75379746835443,-35.329152542372874,6.349028910891503e-05
202.26012658227847,-35.329152542372874,5.8740393192096534e-05
202.7664556962025,-35.329152542372874,5.3878329381462224e-05
203.27278481012658,-35.329152542372874,4.8993573799622105e-05
203.77911392405062,-35.329152542372874,4.416841817988548e-05
204.2854430379747,-35.329152542372874,3.9475923550946755e-05
204.79177215189873,-35.329152542372874,3.4978443476572525e-05
205.29810126582277,-35.329152542372874,3.072673304679134e-05
205.80443037974683,-35.329152542372874,2.6759624937665408e-05
206.31075949367087,-35.329152542372874,2.3104223869835926e-05
206.81708860759494,-35.329152542372874,1.977654733827846e-05
207.32341772151898,-35.329152542372874,1.678252448483858e-05
207.82974683544302,-35.329152542372874,1.4119256661351645e-05
208.33607594936709,-35.329152542372874,1.1776442165981447e-05
208.84240506329112,-35.329152542372874,9.737872892216084e-06
209.3487341772152,-35.329152542372874,7.98292090760249e-06
209.85506329113923,-35.329152542372874,6.487946777991078e-06
210.36139240506327,-35.329152542372874,5.227577234069094e-06
210.86772151898734,-35.329152542372874,4.175816100845479e-06
211.37405063291138,-35.329152542372874,3.306968043480992e-06
211.88037974683544,-35.329152542372874,2.596368664773361e-06
212.38670886075948,-35.329152542372874,2.0209261665679706e-06
212.89303797468352,-35.329152542372874,1.559488808051955e-06
213.3993670886076,-35.329152542372874,1.1930586798668503e-06
213.90569620253163,-35.329152542372874,9.048760097661486e-07
214.4120253164557,-35.329152542372874,6.80399633512745e-07
214.91835443037974,-35.329152542372874,5.072088175688649e-07
215.42468354430378,-35.329152542372874,3.748497676783252e-07
215.93101265822784,-35.329152542372874,2.7464735714413164e-07
216.43734177215188,-35.329152542372874,1.9949927865723908e-07
216.94367088607595,-35.329152542372874,1.4366631829270592e-07
217.45,-35.329152542372874,1.0256904741101944e-07
177.45,-34.82067796610169,1.301124254928014e-07
177.95632911392403,-34.82067796610169,1.82245751584084e-07
178.4626582278481,-34.82067796610169,2.5307181538052266e-07
178.96898734177213,-34.82067796610169,3.483997823438048e-07
179.4753164556962,-34.82067796610169,4.7551004615062904e-07
179.98164556962024,-34.82067796610169,6.434121321295484e-07
180.48797468354428,-34.82067796610169,8.631107420350794e-07
180.99430379746835,-34.82067796610169,1.1478668796554736e-06
181.5006329113924,-34.82067796610169,1.5134366800801355e-06
182.00696202531645,-34.82067796610169,1.978266118933633e-06
182.5132911392405,-34.82067796610169,2.5636155537287163e-06
183.01962025316453,-34.82067796610169,3.293584497216207e-06
183.5259493670886,-34.82067796610169,4.195004672708581e-06
184.03227848101264,-34.82067796610169,5.297168834138216e-06
184.5386075949367,-34.82067796610169,6.6313646323540405e-06
185.04493670886075,-34.82067796610169,8.230187498669615e-06
185.55126582278479,-34.82067796610169,1.0126614490657383e-05
186.05759493670885,-34.82067796610169,1.2352832488241589e-05
186.5639240506329,-34.82067796610169,1.4938828940775801e-05
187.07025316455696,-34.82067796610169,1.7910771102340247e-05
187.576582278481,-34.82067796610169,2.12892195231607e-05
188.08291139240504,-34.82067796610169,2.5087242272469063e-05
188.5892405063291,-34.82067796610169,2.93085163868848e-05
189.09556962025314,-34.82067796610169,3.394552054251831e-05
189.6018987341772,-34.82067796610169,3.89779359865471e-05
190.10822784810125,-34.82067796610169,4.4371379432453934e-05
190.61455696202532,-34.82067796610169,5.007659027191366e-05
191.12088607594936,-34.82067796610169,5.602918389732286e-05
191.6272151898734,-34.82067796610169,6.215006263131706e-05
192.13354430379746,-34.82067796610169,6.83465460026196e-05
192.6398734177215,-34.82067796610169,7.451424406817101e-05
193.14620253164557,-34.82067796610169,8.05396532357056e-05
193.6525316455696,-34.82067796610169,8.6303406468511e-05
194.15886075949365,-34.82067796610169,9.168406234525029e-05
194.66518987341772,-34.82067796610169,9.656227402331148e-05
195.17151898734176,-34.82067796610169,0.00010082514352333295
195.67784810126582,-34.82067796610169,0.00010437054234051708
196.18417721518986,-34.82067796610169,0.00010711116887529694
196.69050632911393,-34.82067796610169,0.00010897811818878974
197.19683544303797,-34.82067796610169,0.00010992376048407865
197.703164556962,-34.82067796610169,0.00010992376048407865
198.20949367088608,-34.82067796610169,0.0001089781181887897
198.71582278481011,-34.82067796610169,0.00010711116887529694
199.22215189873418,-34.82067796610169,0.00010437054234051696
199.72848101265822,-34.82067796610169,0.00010082514352333295
200.23481012658226,-34.82067796610169,9.656227402331148e-05
200.74113924050633,-34.82067796610169,9.168406234525029e-05
201.24746835443037,-34.82067796610169,8.6303406468511e-05
201.75379746835443,-34.82067796610169,8.053965323570523e-05
202.26012658227847,-34.82067796610169,7.451424406817101e-05
202.7664556962025,-34.82067796610169,6.83465460026196e-05
203.27278481012658,-34.82067796610169,6.215006263131706e-05
203.77911392405062,-34.82067796610169,5.602918389732286e-05
204.2854430379747,-34.82067796610169,5.0076590271913324e-05
204.79177215189873,-34.82067796610169,4.4371379432453934e-05
205.29810126582277,-34.82067796610169,3.89779359865471e-05
205.80443037974683,-34.82067796610169,3.394552054251831e-05
206.31075949367087,-34.82067796610169,2.93085163868848e-05
206.81708860759494,-34.82067796610169,2.5087242272469063e-05
207.32341772151898,-34.82067796610169,2.12892195231607e-05
207.82974683544302,-34.82067796610169,1.7910771102340247e-05
208.33607594936709,-34.82067796610169,1.4938828940775801e-05
208.84240506329112,-34.82067796610169,1.2352832488241589e-05
209.3487341772152,-34.82067796610169,1.0126614490657383e-05
209.85506329113923,-34.82067796610169,8.230187498669615e-06
210.36139240506327,-34.82067796610169,6.6313646323540405e-06
210.86772151898734,-34.82067796610169,5.297168834138216e-06
211.37405063291138,-34.82067796610169,4.195004672708581e-06
211.88037974683544,-34.82067796610169,3.293584497216207e-06
212.38670886075948,-34.82067796610169,2.5636155537287163e-06
212.89303797468352,-34.82067796610169,1.978266118933633e-06
213.3993670886076,-34.82067796610169,1.5134366800801355e-06
213.90569620253163,-34.82067796610169,1.1478668796554736e-06
214.4120253164557,-34.82067796610169,8.631107420350794e-07
214.91835443037974,-34.82067796610169,6.434121321295484e-07
215.42468354430378,-34.82067796610169,4.7551004615062904e-07
215.93101265822784,-34.82067796610169,3.483997823438048e-07
216.43734177215188,-34.82067796610169,2.5307181538052266e-07
216.94367088607595,-34.82067796610169,1.82245751584084e-07
217.45,-34.82067796610169,1.301124254928014e-07
177.45,-34.3122033898305,1.6335401478495188e-07
177.95632911392403,-34.3122033898305,2.2880655007394484e-07
178.4626582278481,-34.3122033898305,3.1772751076423304e-07
178.96898734177213,-34.3122033898305,4.3741020875221985e-07
179.4753164556962,-34.3122033898305,5.969950588122768e-07
179.98164556962024,-34.3122033898305,8.077933721289562e-07
180.48797468354428,-34.3122033898305,1.083621371144523e-06
180.99430379746835,-34.3122033898305,1.4411280284738905e-06
181.5006329113924,-34.3122033898305,1.9000949131301607e-06
182.00696202531645,-34.3122033898305,2.4836806447723387e-06
182.5132911392405,-34.3122033898305,3.218577253330065e-06
183.01962025316453,-34.3122033898305,4.135041281537795e-06
183.5259493670886,-34.3122033898305,5.266759517648779e-06
184.03227848101264,-34.3122033898305,6.650508533468805e-06
184.5386075949367,-34.3122033898305,8.325569461141908e-06
185.04493670886075,-34.3122033898305,1.0332865329721986e-05
185.55126582278479,-34.3122033898305,1.2713798293767694e-05
186.05759493670885,-34.3122033898305,1.5508778452768854e-05
186.5639240506329,-34.3122033898305,1.8755454557231132e-05
187.07025316455696,-34.3122033898305,2.2486679165192016e-05
187.576582278481,-34.3122033898305,2.6728265710017725e-05
188.08291139240504,-34.3122033898305,3.149662093815409e-05
188.5892405063291,-34.3122033898305,3.679636130872883e-05
189.09556962025314,-34.3122033898305,4.261804392303957e-05
189.6018987341772,-34.3122033898305,4.893615892039148e-05
190.10822784810125,-34.3122033898305,5.57075386488649e-05
190.61455696202532,-34.3122033898305,6.28703372231789e-05
191.12088607594936,-34.3122033898305,7.034372082517547e-05
191.6272151898734,-34.3122033898305,7.802838361908445e-05
192.13354430379746,-34.3122033898305,8.580796679430133e-05
192.6398734177215,-34.3122033898305,9.355141049057576e-05
193.14620253164557,-34.3122033898305,0.00010111621281065309
193.6525316455696,-34.3122033898305,0.0001083525103990075
194.15886075949365,-34.3122033898305,0.00011510783554426227
194.66518987341772,-34.3122033898305,0.00012123235024425318
195.17151898734176,-34.3122033898305,0.00012658431293878728
195.67784810126582,-34.3122033898305,0.0001310355029662371
196.18417721518986,-34.3122033898305,0.00013447631460115068
196.69050632911393,-34.3122033898305,0.00013682023882363728
197.19683544303797,-34.3122033898305,0.00013800747720537384
197.703164556962,-34.3122033898305,0.00013800747720537384
198.20949367088608,-34.3122033898305,0.00013682023882363714
198.71582278481011,-34.3122033898305,0.00013447631460115068
199.22215189873418,-34.3122033898305,0.00013103550296623685
199.72848101265822,-34.3122033898305,0.00012658431293878728
200.23481012658226,-34.3122033898305,0.00012123235024425318
200.74113924050633,-34.3122033898305,0.00011510783554426227
201.24746835443037,-34.3122033898305,0.0001083525103990075
201.75379746835443,-34.3122033898305,0.0001011162128106526
202.26012658227847,-34.3122033898305,9.355141049057576e-05
202.7664556962025,-34.3122033898305,8.580796679430133e-05
203.27278481012658,-34.3122033898305,7.802838361908445e-05
203.77911392405062,-34.3122033898305,7.034372082517547e-05
204.2854430379747,-34.3122033898305,6.287033722317849e-05
204.79177215189873,-34.3122033898305,5.57075386488649e-05
205.29810126582277,-34.3122033898305,4.893615892039148e-05
205.80443037974683,-34.3122033898305,4.261804392303957e-05
206.31075949367087,-34.3122033898305,3.679636130872883e-05
206.81708860759494,-34.3122033898305,3.149662093815409e-05
207.32341772151898,-34.3122033898305,2.6728265710017725e-05
207.82974683544302,-34.3122033898305,2.2486679165192016e-05
208.33607594936709,-34.3122033898305,1.8755454557231132e-05
208.84240506329112,-34.3122033898305,1.5508778452768854e-05
209.3487341772152,-34.3122033898305,1.2713798293767694e-05
209.85506329113923,-34.3122033898305,1.0332865329721986e-05
210.36139240506327,-34.3122033898305,8.325569461141908e-06
210.86772151898734,-34.3122033898305,6.650508533468805e-06
211.37405063291138,-34.3122033898305,5.266759517648779e-06
211.88037974683544,-34.3122033898305,4.135041281537795e-06
212.38670886075948,-34.3122033898305,3.218577253330065e-06
212.89303797468352,-34.3122033898305,2.4836806447723387e-06
213.3993670886076,-34.3122033898305,1.9000949131301607e-06
213.90569620253163,-34.3122033898305,1.4411280284738905e-06
214.4120253164557,-34.3122033898305,1.083621371144523e-06
214.91835443037974,-34.3122033898305,8.077933721289562e-07
215.42468354430378,-34.3122033898305,5.969950588122768e-07
215.93101265822784,-34.3122033898305,4.3741020875221985e-07
216.43734177215188,-34.3122033898305,3.1772751076423304e-07
216.94367088607595,-34.3122033898305,2.2880655007394484e-07
217.45,-34.3122033898305,1.6335401478495188e-07
177.45,-33.80372881355932,2.0297822090684494e-07
177.95632911392403,-33.80372881355932,2.843073463911004e-07
178.4626582278481,-33.80372881355932,3.9479755029581013e-07
178.96898734177213,-33.80372881355932,5.435112574116919e-07
179.4753164556962,-33.80372881355932,7.418060406254313e-07
179.98164556962024,-33.80372881355932,1.003736955904807e-06
180.48797468354428,-33.80372881355932,1.346471577947488e-06
180.99430379746835,-33.80372881355932,1.7906973618230665e-06
181.5006329113924,-33.80372881355932,2.3609942218379723e-06
182.00696202531645,-33.80372881355932,3.0861382821862297e-06
182.5132911392405,-33.80372881355932,3.99929616417581e-06
183.01962025316453,-33.80372881355932,5.1380636331946495e-06
183.5259493670886,-33.80372881355932,6.544298762683506e-06
184.03227848101264,-33.80372881355932,8.26369888751361e-06
184.5386075949367,-33.80372881355932,1.0345073425245374e-05
185.04493670886075,-33.80372881355932,1.2839271959480469e-05
185.55126582278479,-33.80372881355932,1.579773941910593e-05
186.05759493670885,-33.80372881355932,1.9270688038647605e-05
186.5639240506329,-33.80372881355932,2.3304898892981766e-05
187.07025316455696,-33.80372881355932,2.794119346905798e-05
187.576582278481,-33.80372881355932,3.3211646673557006e-05
188.08291139240504,-33.80372881355932,3.913664497943357e-05
188.5892405063291,-33.80372881355932,4.572192464399276e-05
189.09556962025314,-33.80372881355932,5.295575223796235e-05
189.6018987341772,-33.80372881355932,6.0806430063883086e-05
190.10822784810125,-33.80372881355932,6.922031944505075e-05
190.61455696202532,-33.80372881355932,7.812057275833671e-05
191.12088607594936,-33.80372881355932,8.740674861195523e-05
191.6272151898734,-33.80372881355932,9.69554529044705e-05
192.13354430379746,-33.80372881355932,0.00010662210207976712
192.6398734177215,-33.80372881355932,0.00011624384555042034
193.14620253164557,-33.80372881355932,0.0001256436152375178
193.6525316455696,-33.80372881355932,0.00013463519596095642
194.15886075949365,-33.80372881355932,0.0001430291364553862
194.66518987341772,-33.80372881355932,0.00015063925304394096
195.17151898734176,-33.80372881355932,0.00015728942241704418
195.67784810126582,-33.80372881355932,0.0001628203218802711
196.18417721518986,-33.80372881355932,0.0001670957590346609
196.69050632911393,-33.80372881355932,0.00017000824067306522
197.19683544303797,-33.80372881355932,0.00017148346327371236
197.703164556962,-33.80372881355932,0.00017148346327371236
198.20949367088608,-33.80372881355932,0.00017000824067306506
198.71582278481011,-33.80372881355932,0.0001670957590346609
199.22215189873418,-33.80372881355932,0.0001628203218802708
199.72848101265822,-33.80372881355932,0.00015728942241704418
200.23481012658226,-33.80372881355932,0.00015063925304394096
200.74113924050633,-33.80372881355932,0.0001430291364553862
201.24746835443037,-33.80372881355932,0.00013463519596095642
201.75379746835443,-33.80372881355932,0.0001256436152375173
202.26012658227847,-33.80372881355932,0.00011624384555042034
202.7664556962025,-33.80372881355932,0.00010662210207976712
203.27278481012658,-33.80372881355932,9.69554529044705e-05
203.77911392405062,-33.80372881355932,8.740674861195523e-05
204.2854430379747,-33.80372881355932,7.812057275833622e-05
204.79177215189873,-33.80372881355932,6.922031944505075e-05
205.29810126582277,-33.80372881355932,6.0806430063883086e-05
205.80443037974683,-33.80372881355932,5.295575223796235e-05
206.31075949367087,-33.80372881355932,4.572192464399276e-05
206.81708860759494,-33.80372881355932,3.913664497943357e-05
207.32341772151898,-33.80372881355932,3.3211646673557006e-05
207.82974683544302,-33.80372881355932,2.794119346905798e-05
208.33607594936709,-33.80372881355932,2.3304898892981766e-05
208.84240506329112,-33.80372881355932,1.9270688038647605e-05
209.3487341772152,-33.80372881355932,1.579773941910593e-05
209.85506329113923,-33.80372881355932,1.2839271959480469e-05
210.36139240506327,-33.80372881355932,1.0345073425245374e-05
210.86772151898734,-33.80372881355932,8.26369888751361e-06
211.37405063291138,-33.80372881355932,6.544298762683506e-06
211.88037974683544,-33.80372881355932,5.1380636331946495e-06
212.38670886075948,-33.80372881355932,3.99929616417581e-06
212.89303797468352,-33.80372881355932,3.0861382821862297e-06
213.3993670886076,-33.80372881355932,2.3609942218379723e-06
213.90569620253163,-33.80372881355932,1.7906973618230665e-06
214.4120253164557,-33.80372881355932,1.346471577947488e-06
214.91835443037974,-33.80372881355932,1.003736955904807e-06
215.42468354430378,-33.80372881355932,7.418060406254313e-07
215.93101265822784,-33.80372881355932,5.435112574116919e-07
216.43734177215188,-33.80372881355932,3.9479755029581013e-07
216.94367088607595,-33.80372881355932,2.843073463911004e-07
217.45,-33.80372881355932,2.0297822090684494e-07
177.45,-33.295254237288134,2.496190118547405e-07
177.95632911392403,-33.295254237288134,3.496361262411518e-07
178.4626582278481,-33.295254237288134,4.855150170655025e-07
178.96898734177213,-33.295254237288134,6.684004934169708e-07
179.4753164556962,-33.295254237288134,9.122598967589701e-07
179.98164556962024,-33.295254237288134,1.2343778853497388e-06
180.48797468354428,-33.295254237288134,1.6558668377135767e-06
180.99430379746835,-33.295254237288134,2.2021678187548366e-06
181.5006329113924,-33.295254237288134,2.90350877063024e-06
182.00696202531645,-33.295254237288134,3.795278059905561e-06
182.5132911392405,-33.295254237288134,4.918263408536722e-06
183.01962025316453,-33.295254237288134,6.31869942122237e-06
183.5259493670886,-33.295254237288134,8.048062413420084e-06
184.03227848101264,-33.295254237288134,1.016255015612222e-05
184.5386075949367,-33.295254237288134,1.2722187604351995e-05
185.04493670886075,-33.295254237288134,1.5789508673103724e-05
185.55126582278479,-33.295254237288134,1.9427779422432224e-05
186.05759493670885,-33.295254237288134,2.36987499667555e-05
186.5639240506329,-33.295254237288134,2.8659950841280486e-05
187.07025316455696,-33.295254237288134,3.4361583585804185e-05
187.576582278481,-33.295254237288134,4.084309335101925e-05
188.08291139240504,-33.295254237288134,4.812955105936959e-05
188.5892405063291,-33.295254237288134,5.622801105823225e-05
189.09556962025314,-33.295254237288134,6.512404378463473e-05
189.6018987341772,-33.295254237288134,7.477866797308705e-05
190.10822784810125,-33.295254237288134,8.512591973142255e-05
190.61455696202532,-33.295254237288134,9.607129321727528e-05
191.12088607594936,-33.295254237288134,0.00010749126739053119
191.6272151898734,-33.295254237288134,0.00011923409437631249
192.13354430379746,-33.295254237288134,0.0001311219678846304
192.6398734177215,-33.295254237288134,0.00014295461715475348
193.14620253164557,-33.295254237288134,0.00015451428700737405
193.6525316455696,-33.295254237288134,0.00016557197332056208
194.15886075949365,-33.295254237288134,0.00017589469229221306
194.66518987341772,-33.295254237288134,0.00018525347854251835
195.17151898734176,-33.295254237288134,0.00019343173875272353
195.67784810126582,-33.295254237288134,0.0002002335407022649
196.18417721518986,-33.295254237288134,0.00020549139739722345
196.69050632911393,-33.295254237288134,0.00020907311560016892
197.19683544303797,-33.295254237288134,0.00021088731815940972
197.703164556962,-33.295254237288134,0.00021088731815940972
198.20949367088608,-33.295254237288134,0.0002090731156001688
198.71582278481011,-33.295254237288134,0.00020549139739722345
199.22215189873418,-33.295254237288134,0.00020023354070226456
199.72848101265822,-33.295254237288134,0.00019343173875272353
200.23481012658226,-33.295254237288134,0.00018525347854251835
200.74113924050633,-33.295254237288134,0.00017589469229221306
201.24746835443037,-33.295254237288134,0.00016557197332056208
201.75379746835443,-33.295254237288134,0.00015451428700737343
202.26012658227847,-33.295254237288134,0.00014295461715475348
202.7664556962025,-33.295254237288134,0.0001311219678846304
203.27278481012658,-33.295254237288134,0.00011923409437631249
203.77911392405062,-33.295254237288134,0.00010749126739053119
204.2854430379747,-33.295254237288134,9.607129321727463e-05
204.79177215189873,-33.295254237288134,8.512591973142255e-05
205.29810126582277,-33.295254237288134,7.477866797308705e-05
205.80443037974683,-33.295254237288134,6.512404378463473e-05
206.31075949367087,-33.295254237288134,5.622801105823225e-05
206.81708860759494,-33.295254237288134,4.812955105936959e-05
207.32341772151898,-33.295254237288134,4.084309335101925e-05
207.82974683544302,-33.295254237288134,3.4361583585804185e-05
208.33607594936709,-33.295254237288134,2.8659950841280486e-05
208.84240506329112,-33.295254237288134,2.36987499667555e-05
209.3487341772152,-33.295254237288134,1.9427779422432224e-05
209.85506329113923,-33.295254237288134,1.5789508673103724e-05
210.36139240506327,-33.295254237288134,1.2722187604351995e-05
210.86772151898734,-33.295254237288134,1.016255015612222e-05
211.37405063291138,-33.295254237288134,8.048062413420084e-06
211.88037974683544,-33.295254237288134,6.31869942122237e-06
212.38670886075948,-33.295254237288134,4.918263408536722e-06
212.89303797468352,-33.295254237288134,3.795278059905561e-06
213.3993670886076,-33.295254237288134,2.90350877063024e-06
213.90569620253163,-33.295254237288134,2.2021678187548366e-06
214.4120253164557,-33.295254237288134,1.6558668377135767e-06
214.91835443037974,-33.295254237288134,1.2343778853497388e-06
215.42468354430378,-33.295254237288134,9.122598967589701e-07
215.93101265822784,-33.295254237288134,6.684004934169708e-07
216.43734177215188,-33.295254237288134,4.855150170655025e-07
216.94367088607595,-33.295254237288134,3.496361262411518e-07
217.45,-33.295254237288134,2.496190118547405e-07
177.45,-32.78677966101694,3.038186759819437e-07
177.95632911392403,-32.78677966101694,4.2555246157235004e-07
178.4626582278481,-32.78677966101694,5.909346750400202e-07
178.96898734177213,-32.78677966101694,8.13529992874882e-07
179.4753164556962,-32.78677966101694,1.1103384791300347e-06
179.98164556962024,-32.78677966101694,1.5023978021617467e-06
180.48797468354428,-32.78677966101694,2.0154044617775506e-06
180.99430379746835,-32.78677966101694,2.6803235298979647e-06
181.5006329113924,-32.78677966101694,3.533946328207487e-06
182.00696202531645,-32.78677966101694,4.619345083437925e-06
182.5132911392405,-32.78677966101694,5.986163737326293e-06
183.01962025316453,-32.78677966101694,7.690675793560132e-06
183.5259493670886,-32.78677966101694,9.795534596892936e-06
184.03227848101264,-32.78677966101694,1.2369140115136273e-05
184.5386075949367,-32.78677966101694,1.5484550494885383e-05
185.04493670886075,-32.78677966101694,1.921787761206013e-05
185.55126582278479,-32.78677966101694,2.364612445796972e-05
186.05759493670885,-32.78677966101694,2.884444892168999e-05
186.5639240506329,-32.78677966101694,3.4882873117743526e-05
187.07025316455696,-32.78677966101694,4.1822498823755624e-05
187.576582278481,-32.78677966101694,4.971133589830349e-05
188.08291139240504,-32.78677966101694,5.8579898901980767e-05
188.5892405063291,-32.78677966101694,6.843677388944758e-05
189.09556962025314,-32.78677966101694,7.926439821319281e-05
189.6018987341772,-32.78677966101694,9.1015326623028e-05
190.10822784810125,-32.78677966101694,0.00010360927251645507
190.61455696202532,-32.78677966101694,0.0001169312100399269
191.12088607594936,-32.78677966101694,0.00013083079808527042
191.6272151898734,-32.78677966101694,0.0001451233398295717
192.13354430379746,-32.78677966101694,0.0001595924219828163
192.6398734177215,-32.78677966101694,0.0001739942890837866
193.14620253164557,-32.78677966101694,0.00018806390486872255
193.6525316455696,-32.78677966101694,0.0002015225416533736
194.15886075949365,-32.78677966101694,0.00021408662796714264
194.66518987341772,-32.78677966101694,0.00022547748327995988
195.17151898734176,-32.78677966101694,0.0002354314854628796
195.67784810126582,-32.78677966101694,0.00024371015962013336
196.18417721518986,-32.78677966101694,0.00025010965238190543
196.69050632911393,-32.78677966101694,0.0002544690674523913
197.19683544303797,-32.78677966101694,0.0002566771869999213
197.703164556962,-32.78677966101694,0.0002566771869999213
198.20949367088608,-32.78677966101694,0.00025446906745239106
198.71582278481011,-32.78677966101694,0.00025010965238190543
199.22215189873418,-32.78677966101694,0.00024371015962013298
199.72848101265822,-32.78677966101694,0.0002354314854628796
200.23481012658226,-32.78677966101694,0.00022547748327995988
200.74113924050633,-32.78677966101694,0.00021408662796714264
201.24746835443037,-32.78677966101694,0.0002015225416533736
201.75379746835443,-32.78677966101694,0.0001880639048687218
202.26012658227847,-32.78677966101694,0.0001739942890837866
202.7664556962025,-32.78677966101694,0.0001595924219828163
203.27278481012658,-32.78677966101694,0.0001451233398295717
203.77911392405062,-32.78677966101694,0.00013083079808527042
204.2854430379747,-32.78677966101694,0.00011693121003992616
204.79177215189873,-32.78677966101694,0.00010360927251645507
205.29810126582277,-32.78677966101694,9.1015326623028e-05
205.80443037974683,-32.78677966101694,7.926439821319281e-05
206.31075949367087,-32.78677966101694,6.843677388944758e-05
206.81708860759494,-32.78677966101694,5.8579898901980767e-05
207.32341772151898,-32.78677966101694,4.971133589830349e-05
207.82974683544302,-32.78677966101694,4.1822498823755624e-05
208.33607594936709,-32.78677966101694,3.4882873117743526e-05
208.84240506329112,-32.78677966101694,2.884444892168999e-05
209.3487341772152,-32.78677966101694,2.364612445796972e-05
209.85506329113923,-32.78677966101694,1.921787761206013e-05
210.36139240506327,-32.78677966101694,1.5484550494885383e-05
210.86772151898734,-32.78677966101694,1.2369140115136273e-05
211.37405063291138,-32.78677966101694,9.795534596892936e-06
211.88037974683544,-32.78677966101694,7.690675793560132e-06
212.38670886075948,-32.78677966101694,5.986163737326293e-06
212.89303797468352,-32.78677966101694,4.619345083437925e-06
213.3993670886076,-32.78677966101694,3.533946328207487e-06
213.90569620253163,-32.78677966101694,2.6803235298979647e-06
214.4120253164557,-32.78677966101694,2.0154044617775506e-06
214.91835443037974,-32.78677966101694,1.5023978021617467e-06
215.42468354430378,-32.78677966101694,1.1103384791300347e-06
215.93101265822784,-32.78677966101694,8.13529992874882e-07
216.43734177215188,-32.78677966101694,5.909346750400202e-07
216.94367088607595,-32.78677966101694,4.2555246157235004e-07
217.45,-32.78677966101694,3.038186759819437e-07
177.45,-32.27830508474576,3.659821153565278e-07
177.95632911392403,-32.27830508474576,5.126234902382437e-07
178.4626582278481,-32.27830508474576,7.118440685375176e-07
178.96898734177213,-32.27830508474576,9.799839550219905e-07
179.4753164556962,-32.27830508474576,1.3375215464960777e-06
179.98164556962024,-32.27830508474576,1.809798966324348e-06
180.48797468354428,-32.27830508474576,2.427770399026318e-06
180.99430379746835,-32.27830508474576,3.2287365881688927e-06
181.5006329113924,-32.27830508474576,4.257016618789669e-06
182.00696202531645,-32.27830508474576,5.564495598351101e-06
182.5132911392405,-32.27830508474576,7.210974968462487e-06
183.01962025316453,-32.27830508474576,9.26424218771744e-06
183.5259493670886,-32.27830508474576,1.1799769916158756e-05
184.03227848101264,-32.27830508474576,1.4899953236409646e-05
184.5386075949367,-32.27830508474576,1.8652798506040203e-05
185.04493670886075,-32.27830508474576,2.314999062645715e-05
185.55126582278479,-32.27830508474576,2.8484287942936723e-05
186.05759493670885,-32.27830508474576,3.474622617761915e-05
186.5639240506329,-32.27830508474576,4.202015446247239e-05
187.07025316455696,-32.27830508474576,5.0379676428856606e-05
187.576582278481,-32.27830508474576,5.988262509030629e-05
188.08291139240504,-32.27830508474576,7.056575850127324e-05
188.5892405063291,-32.27830508474576,8.243941948362958e-05
189.09556962025314,-32.27830508474576,9.54824519485778e-05
189.6018987341772,-32.27830508474576,0.00010963770301382224
190.10822784810125,-32.27830508474576,0.0001248084588729388
190.61455696202532,-32.27830508474576,0.00014085615857319518
191.12088607594936,-32.27830508474576,0.00015759970015758888
191.6272151898734,-32.27830508474576,0.000174816596533346
192.13354430379746,-32.27830508474576,0.00019224615472820345
192.6398734177215,-32.27830508474576,0.00020959474519803345
193.14620253164557,-32.27830508474576,0.00022654310339419146
193.6525316455696,-32.27830508474576,0.00024275547198655045
194.15886075949365,-32.27830508474576,0.0002578902587858598
194.66518987341772,-32.27830508474576,0.0002716117632642505
195.17151898734176,-32.27830508474576,0.0002836024243498283
195.67784810126582,-32.27830508474576,0.0002935749735047698
196.18417721518986,-32.27830508474576,0.0003012838475250795
196.69050632911393,-32.27830508474576,0.00030653522960044725
197.19683544303797,-32.27830508474576,0.00030919514594809525
197.703164556962,-32.27830508474576,0.00030919514594809525
198.20949367088608,-32.27830508474576,0.0003065352296004471
198.71582278481011,-32.27830508474576,0.0003012838475250795
199.22215189873418,-32.27830508474576,0.0002935749735047693
199.72848101265822,-32.27830508474576,0.0002836024243498283
200.23481012658226,-32.27830508474576,0.0002716117632642505
200.74113924050633,-32.27830508474576,0.0002578902587858598
201.24746835443037,-32.27830508474576,0.00024275547198655045
201.75379746835443,-32.27830508474576,0.00022654310339419054
202.26012658227847,-32.27830508474576,0.00020959474519803345
202.7664556962025,-32.27830508474576,0.00019224615472820345
203.27278481012658,-32.27830508474576,0.000174816596533346
203.77911392405062,-32.27830508474576,0.00015759970015758888
204.2854430379747,-32.27830508474576,0.00014085615857319426
204.79177215189873,-32.27830508474576,0.0001248084588729388
205.29810126582277,-32.27830508474576,0.00010963770301382224
205.80443037974683,-32.27830508474576,9.54824519485778e-05
206.31075949367087,-32.27830508474576,8.243941948362958e-05
206.81708860759494,-32.27830508474576,7.056575850127324e-05
207.32341772151898,-32.27830508474576,5.988262509030629e-05
207.82974683544302,-32.27830508474576,5.0379676428856606e-05
208.33607594936709,-32.27830508474576,4.202015446247239e-05
208.84240506329112,-32.27830508474576,3.474622617761915e-05
209.3487341772152,-32.27830508474576,2.8484287942936723e-05
209.85506329113923,-32.27830508474576,2.314999062645715e-05
210.36139240506327,-32.27830508474576,1.8652798506040203e-05
210.86772151898734,-32.27830508474576,1.4899953236409646e-05
211.37405063291138,-32.27830508474576,1.1799769916158756e-05
211.88037974683544,-32.27830508474576,9.26424218771744e-06
212.38670886075948,-32.27830508474576,7.210974968462487e-06
212.89303797468352,-32.27830508474576,5.564495598351101e-06
213.3993670886076,-32.27830508474576,4.257016618789669e-06
213.90569620253163,-32.27830508474576,3.2287365881688927e-06
214.4120253164557,-32.27830508474576,2.427770399026318e-06
214.91835443037974,-32.27830508474576,1.809798966324348e-06
215.42468354430378,-32.27830508474576,1.3375215464960777e-06
215.93101265822784,-32.27830508474576,9.799839550219905e-07
216.43734177215188,-32.27830508474576,7.118440685375176e-07
216.94367088607595,-32.27830508474576,5.126234902382437e-07
217.45,-32.27830508474576,3.659821153565278e-07
177.45,-31.76983050847457,4.363287685361265e-07
177.95632911392403,-31.76983050847457,6.1115657523442e-07
178.4626582278481,-31.76983050847457,8.486700108614512e-07
178.96898734177213,-31.76983050847457,1.1683499666735327e-06
179.4753164556962,-31.76983050847457,1.594611060993092e-06
179.98164556962024,-31.76983050847457,2.1576665119414084e-06
180.48797468354428,-31.76983050847457,2.8944203119424905e-06
180.99430379746835,-31.76983050847457,3.8493429059255315e-06
181.5006329113924,-31.76983050847457,5.075272099306955e-06
182.00696202531645,-31.76983050847457,6.634066010542628e-06
182.5132911392405,-31.76983050847457,8.597020717444066e-06
183.01962025316453,-31.76983050847457,1.1044953333988333e-05
183.5259493670886,-31.76983050847457,1.4067843374017346e-05
184.03227848101264,-31.76983050847457,1.776392335607757e-05
184.5386075949367,-31.76983050847457,2.223811563569033e-05
185.04493670886075,-31.76983050847457,2.759972817749539e-05
185.55126582278479,-31.76983050847457,3.395934872025801e-05
186.05759493670885,-31.76983050847457,4.142491516173998e-05
186.5639240506329,-31.76983050847457,5.009698966422838e-05
187.07025316455696,-31.76983050847457,6.0063323460593905e-05
187.576582278481,-31.76983050847457,7.139286584239332e-05
188.08291139240504,-31.76983050847457,8.412944025334071e-05
188.5892405063291,-31.76983050847457,9.828537754388293e-05
189.09556962025314,-31.76983050847457,0.00011383545514224741
189.6018987341772,-31.76983050847457,0.00013071153461842897
190.10822784810125,-31.76983050847457,0.00014879831248002507
190.61455696202532,-31.76983050847457,0.00016793059450760235
191.12088607594936,-31.76983050847457,0.00018789246852796257
191.6272151898734,-31.76983050847457,0.00020841868245601215
192.13354430379746,-31.76983050847457,0.00022919843464658666
192.6398734177215,-31.76983050847457,0.0002498816560334141
193.14620253164557,-31.76983050847457,0.000270087715155278
193.6525316455696,-31.76983050847457,0.0002894163176364855
194.15886075949365,-31.76983050847457,0.000307460212704326
194.66518987341772,-31.76983050847457,0.00032381917370351797
195.17151898734176,-31.76983050847457,0.0003381146000805896
195.67784810126582,-31.76983050847457,0.0003500040064459872
196.18417721518986,-31.76983050847457,0.0003591946290664538
196.69050632911393,-31.76983050847457,0.00036545539695076907
197.19683544303797,-31.76983050847457,0.0003686265847648175
197.703164556962,-31.76983050847457,0.0003686265847648175
198.20949367088608,-31.76983050847457,0.0003654553969507687
198.71582278481011,-31.76983050847457,0.0003591946290664538
199.22215189873418,-31.76983050847457,0.00035000400644598665
199.72848101265822,-31.76983050847457,0.0003381146000805896
200.23481012658226,-31.76983050847457,0.00032381917370351797
200.74113924050633,-31.76983050847457,0.000307460212704326
201.24746835443037,-31.76983050847457,0.0002894163176364855
201.75379746835443,-31.76983050847457,0.0002700877151552769
202.26012658227847,-31.76983050847457,0.0002498816560334141
202.7664556962025,-31.76983050847457,0.00022919843464658666
203.27278481012658,-31.76983050847457,0.00020841868245601215
203.77911392405062,-31.76983050847457,0.00018789246852796257
204.2854430379747,-31.76983050847457,0.0001679305945076013
204.79177215189873,-31.76983050847457,0.00014879831248002507
205.29810126582277,-31.76983050847457,0.00013071153461842897
205.80443037974683,-31.76983050847457,0.00011383545514224741
206.31075949367087,-31.76983050847457,9.828537754388293e-05
206.81708860759494,-31.76983050847457,8.412944025334071e-05
207.32341772151898,-31.76983050847457,7.139286584239332e-05
207.82974683544302,-31.76983050847457,6.0063323460593905e-05
208.33607594936709,-31.76983050847457,5.009698966422838e-05
208.84240506329112,-31.76983050847457,4.142491516173998e-05
209.3487341772152,-31.76983050847457,3.395934872025801e-05
209.85506329113923,-31.76983050847457,2.759972817749539e-05
210.36139240506327,-31.76983050847457,2.223811563569033e-05
210.86772151898734,-31.76983050847457,1.776392335607757e-05
211.37405063291138,-31.76983050847457,1.4067843374017346e-05
211.88037974683544,-31.76983050847457,1.1044953333988333e-05
212.38670886075948,-31.76983050847457,8.597020717444066e-06
212.89303797468352,-31.76983050847457,6.634066010542628e-06
213.3993670886076,-31.76983050847457,5.075272099306955e-06
213.90569620253163,-31.76983050847457,3.8493429059255315e-06
214.4120253164557,-31.76983050847457,2.8944203119424905e-06
214.91835443037974,-31.76983050847457,2.1576665119414084e-06
215.42468354430378,-31.76983050847457,1.594611060993092e-06
215.93101265822784,-31.76983050847457,1.1683499666735327e-06
216.43734177215188,-31.76983050847457,8.486700108614512e-07
216.94367088607595,-31.76983050847457,6.1115657523442e-07
217.45,-31.76983050847457,4.363287685361265e-07
177.45,-31.261355932203386,5.148449091787214e-07
177.95632911392403,-31.261355932203386,7.211324903608589e-07
178.4626582278481,-31.261355932203386,1.0013858039445139e-06
178.96898734177213,-31.261355932203386,1.3785912730418415e-06
179.4753164556962,-31.261355932203386,1.881556858207482e-06
179.98164556962024,-31.261355932203386,2.545932561598831e-06
180.48797468354428,-31.261355932203386,3.4152631457847546e-06
180.99430379746835,-31.261355932203386,4.542021387789604e-06
181.5006329113924,-31.261355932203386,5.988553108224955e-06
182.00696202531645,-31.261355932203386,7.82784762082602e-06
182.5132911392405,-31.261355932203386,1.0144030533053445e-05
183.01962025316453,-31.261355932203386,1.303246177234271e-05
183.5259493670886,-31.261355932203386,1.6599312414204863e-05
184.03227848101264,-31.261355932203386,2.096049164395241e-05
184.5386075949367,-31.261355932203386,2.6239802301312043e-05
185.04493670886075,-31.261355932203386,3.256622201321458e-05
185.55126582278479,-31.261355932203386,4.007023847248837e-05
186.05759493670885,-31.261355932203386,4.887921269948634e-05
186.5639240506329,-31.261355932203386,5.911180273613222e-05
187.07025316455696,-31.261355932203386,7.0871550404042e-05
187.576582278481,-31.261355932203386,8.423981222680341e-05
188.08291139240504,-31.261355932203386,9.9268297554168e-05
188.5892405063291,-31.261355932203386,0.00011597155613860733
189.09556962025314,-31.261355932203386,0.00013431982667715453
189.6018987341772,-31.261355932203386,0.00015423270942004023
190.10822784810125,-31.261355932203386,0.00017557415233413075
190.61455696202532,-31.261355932203386,0.00019814923496257354
191.12088607594936,-31.261355932203386,0.000221703192340927
191.6272151898734,-31.261355932203386,0.00024592304101380845
192.13354430379746,-31.261355932203386,0.0002704420514499194
192.6398734177215,-31.261355932203386,0.0002948471606343322
193.14620253164557,-31.261355932203386,0.0003186892435397471
193.6525316455696,-31.261355932203386,0.0003414959739379628
194.15886075949365,-31.261355932203386,0.00036278681741958756
194.66518987341772,-31.261355932203386,0.00038208952766292974
195.17151898734176,-31.261355932203386,0.0003989573760045988
195.67784810126582,-31.261355932203386,0.00041298624776778443
196.18417721518986,-31.261355932203386,0.00042383069720485666
196.69050632911393,-31.261355932203386,0.0004312180727464775
197.19683544303797,-31.261355932203386,0.00043495990693171826
197.703164556962,-31.261355932203386,0.00043495990693171826
198.20949367088608,-31.261355932203386,0.0004312180727464773
198.71582278481011,-31.261355932203386,0.00042383069720485666
199.22215189873418,-31.261355932203386,0.0004129862477677837
199.72848101265822,-31.261355932203386,0.0003989573760045988
200.23481012658226,-31.261355932203386,0.00038208952766292974
200.74113924050633,-31.261355932203386,0.00036278681741958756
201.24746835443037,-31.261355932203386,0.0003414959739379628
201.75379746835443,-31.261355932203386,0.0003186892435397458
202.26012658227847,-31.261355932203386,0.0002948471606343322
202.7664556962025,-31.261355932203386,0.0002704420514499194
203.27278481012658,-31.261355932203386,0.00024592304101380845
203.77911392405062,-31.261355932203386,0.000221703192340927
204.2854430379747,-31.261355932203386,0.00019814923496257232
204.79177215189873,-31.261355932203386,0.00017557415233413075
205.29810126582277,-31.261355932203386,0.00015423270942004023
205.80443037974683,-31.261355932203386,0.00013431982667715453
206.31075949367087,-31.261355932203386,0.00011597155613860733
206.81708860759494,-31.261355932203386,9.9268297554168e-05
207.32341772151898,-31.261355932203386,8.423981222680341e-05
207.82974683544302,-31.261355932203386,7.0871550404042e-05
208.33607594936709,-31.261355932203386,5.911180273613222e-05
208.84240506329112,-31.261355932203386,4.887921269948634e-05
209.3487341772152,-31.261355932203386,4.007023847248837e-05
209.85506329113923,-31.261355932203386,3.256622201321458e-05
210.36139240506327,-31.261355932203386,2.6239802301312043e-05
210.86772151898734,-31.261355932203386,2.096049164395241e-05
211.37405063291138,-31.261355932203386,1.6599312414204863e-05
211.88037974683544,-31.261355932203386,1.303246177234271e-05
212.38670886075948,-31.261355932203386,1.0144030533053445e-05
212.89303797468352,-31.261355932203386,7.82784762082602e-06
213.3993670886076,-31.261355932203386,5.988553108224955e-06
213.90569620253163,-31.261355932203386,4.542021387789604e-06
214.4120253164557,-31.261355932203386,3.4152631457847546e-06
214.91835443037974,-31.261355932203386,2.545932561598831e-06
215.42468354430378,-31.261355932203386,1.881556858207482e-06
215.93101265822784,-31.261355932203386,1.3785912730418415e-06
216.43734177215188,-31.261355932203386,1.0013858039445139e-06
216.94367088607595,-31.261355932203386,7.211324903608589e-07
217.45,-31.261355932203386,5.148449091787214e-07
177.45,-30.7528813559322,6.012396125896241e-07
177.95632911392403,-30.7528813559322,8.421437434857573e-07
178.4626582278481,-30.7528813559322,1.1694255922172223e-06
178.96898734177213,-30.7528813559322,1.6099288701238453e-06
179.4753164556962,-30.7528813559322,2.197295722120682e-06
179.98164556962024,-30.7528813559322,2.973158478845174e-06
180.48797468354428,-30.7528813559322,3.988369029304003e-06
180.99430379746835,-30.7528813559322,5.304205462426808e-06
181.5006329113924,-30.7528813559322,6.9934756789285405e-06
182.00696202531645,-30.7528813559322,9.141417127856412e-06
182.5132911392405,-30.7528813559322,1.184627230270075e-05
183.01962025316453,-30.7528813559322,1.5219403217158697e-05
183.5259493670886,-30.7528813559322,1.938479722192646e-05
184.03227848101264,-30.7528813559322,2.4477813902833554e-05
184.5386075949367,-30.7528813559322,3.064303111248713e-05
185.04493670886075,-30.7528813559322,3.803106985745844e-05
185.55126582278479,-30.7528813559322,4.6794314610207406e-05
186.05759493670885,-30.7528813559322,5.708149849243881e-05
186.5639240506329,-30.7528813559322,6.903119122463547e-05
187.07025316455696,-30.7528813559322,8.276430969575821e-05
187.576582278481,-30.7528813559322,9.837586264310145e-05
188.08291139240504,-30.7528813559322,0.00011592623661969816
188.5892405063291,-30.7528813559322,0.00013543242293182967
189.09556962025314,-30.7528813559322,0.00015685966611440964
189.6018987341772,-30.7528813559322,0.00018011407475753587
190.10822784810125,-30.7528813559322,0.00020503676631185232
190.61455696202532,-30.7528813559322,0.00023140011125655682
191.12088607594936,-30.7528813559322,0.0002589065932215902
191.6272151898734,-30.7528813559322,0.00028719070786165085
192.13354430379746,-30.7528813559322,0.0003158241857748429
192.6398734177215,-30.7528813559322,0.00034432464898161836
193.14620253164557,-30.7528813559322,0.00037216760602328
193.6525316455696,-30.7528813559322,0.0003988014709107334
194.15886075949365,-30.7528813559322,0.0004236650720814593
194.66518987341772,-30.7528813559322,0.00044620691686176407
195.17151898734176,-30.7528813559322,0.00046590531228407373
195.67784810126582,-30.7528813559322,0.0004822883303028831
196.18417721518986,-30.7528813559322,0.000494952556872966
196.69050632911393,-30.7528813559322,0.0005035795875175602
197.19683544303797,-30.7528813559322,0.0005079493285712254
197.703164556962,-30.7528813559322,0.0005079493285712254
198.20949367088608,-30.7528813559322,0.0005035795875175599
198.71582278481011,-30.7528813559322,0.000494952556872966
199.22215189873418,-30.7528813559322,0.0004822883303028823
199.72848101265822,-30.7528813559322,0.00046590531228407373
200.23481012658226,-30.7528813559322,0.00044620691686176407
200.74113924050633,-30.7528813559322,0.0004236650720814593
201.24746835443037,-30.7528813559322,0.0003988014709107334
201.75379746835443,-30.7528813559322,0.00037216760602327845
202.26012658227847,-30.7528813559322,0.00034432464898161836
202.7664556962025,-30.7528813559322,0.0003158241857748429
203.27278481012658,-30.7528813559322,0.00028719070786165085
203.77911392405062,-30.7528813559322,0.0002589065932215902
204.2854430379747,-30.7528813559322,0.0002314001112565554
204.79177215189873,-30.7528813559322,0.00020503676631185232
205.29810126582277,-30.7528813559322,0.00018011407475753587
205.80443037974683,-30.7528813559322,0.00015685966611440964
206.31075949367087,-30.7528813559322,0.00013543242293182967
206.81708860759494,-30.7528813559322,0.00011592623661969816
207.32341772151898,-30.7528813559322,9.837586264310145e-05
207.82974683544302,-30.7528813559322,8.276430969575821e-05
208.33607594936709,-30.7528813559322,6.903119122463547e-05
208.84240506329112,-30.7528813559322,5.708149849243881e-05
209.3487341772152,-30.7528813559322,4.6794314610207406e-05
209.85506329113923,-30.7528813559322,3.803106985745844e-05
210.36139240506327,-30.7528813559322,3.064303111248713e-05
210.86772151898734,-30.7528813559322,2.4477813902833554e-05
211.37405063291138,-30.7528813559322,1.938479722192646e-05
211.88037974683544,-30.7528813559322,1.5219403217158697e-05
212.38670886075948,-30.7528813559322,1.184627230270075e-05
212.89303797468352,-30.7528813559322,9.141417127856412e-06
213.3993670886076,-30.7528813559322,6.9934756789285405e-06
213.90569620253163,-30.7528813559322,5.304205462426808e-06
214.4120253164557,-30.7528813559322,3.988369029304003e-06
214.91835443037974,-30.7528813559322,2.973158478845174e-06
215.42468354430378,-30.7528813559322,2.197295722120682e-06
215.93101265822784,-30.7528813559322,1.6099288701238453e-06
216.43734177215188,-30.7528813559322,1.1694255922172223e-06
216.94367088607595,-30.7528813559322,8.421437434857573e-07
217.45,-30.7528813559322,6.012396125896241e-07
177.45,-30.244406779661013,6.9490804395335e-07
177.95632911392403,-30.244406779661013,9.733431551401721e-07
178.4626582278481,-30.244406779661013,1.3516129573307539e-06
178.96898734177213,-30.244406779661013,1.8607432022370647e-06
179.4753164556962,-30.244406779661013,2.539617217949585e-06
179.98164556962024,-30.244406779661013,3.4363533267523013e-06
180.48797468354428,-30.244406779661013,4.609725744417129e-06
180.99430379746835,-30.244406779661013,6.1305592070785955e-06
181.5006329113924,-30.244406779661013,8.083004517196755e-06
182.00696202531645,-30.244406779661013,1.0565578452024286e-05
182.5132911392405,-30.244406779661013,1.3691828917512343e-05
183.01962025316453,-30.244406779661013,1.7590467258503468e-05
183.5259493670886,-30.244406779661013,2.240479708564323e-05
184.03227848101264,-30.244406779661013,2.8291265950040223e-05
184.5386075949367,-30.244406779661013,3.5416975803479504e-05
185.04493670886075,-30.244406779661013,4.3956013227854634e-05
185.55126582278479,-30.244406779661013,5.408450300514701e-05
186.05759493670885,-30.244406779661013,6.597434971468035e-05
186.5639240506329,-30.244406779661013,7.978571115609992e-05
187.07025316455696,-30.244406779661013,9.565834212438125e-05
187.576582278481,-30.244406779661013,0.00011370205297534464
188.08291139240504,-30.244406779661013,0.00013398663801490515
188.5892405063291,-30.244406779661013,0.00015653173566203054
189.09556962025314,-30.244406779661013,0.00018129717582188008
189.6018987341772,-30.244406779661013,0.00020817443953689838
190.10822784810125,-30.244406779661013,0.000236979891598627
190.61455696202532,-30.244406779661013,0.0002674504395864497
191.12088607594936,-30.244406779661013,0.0002992422164057294
191.6272151898734,-30.244406779661013,0.0003319327749915494
192.13354430379746,-30.244406779661013,0.00036502712491725674
192.6398734177215,-30.244406779661013,0.0003979677374851497
193.14620253164557,-30.244406779661013,0.0004301484095675535
193.6525316455696,-30.244406779661013,0.0004609316223903765
194.15886075949365,-30.244406779661013,0.000489668778248699
194.66518987341772,-30.244406779661013,0.0005157224662216393
195.17151898734176,-30.244406779661013,0.0005384897176556861
195.67784810126582,-30.244406779661013,0.0005574250818052102
196.18417721518986,-30.244406779661013,0.0005720622958704869
196.69050632911393,-30.244406779661013,0.0005820333504464476
197.19683544303797,-30.244406779661013,0.0005870838629951904
197.703164556962,-30.244406779661013,0.0005870838629951904
198.20949367088608,-30.244406779661013,0.0005820333504464473
198.71582278481011,-30.244406779661013,0.0005720622958704869
199.22215189873418,-30.244406779661013,0.0005574250818052093
199.72848101265822,-30.244406779661013,0.0005384897176556861
200.23481012658226,-30.244406779661013,0.0005157224662216393
200.74113924050633,-30.244406779661013,0.000489668778248699
201.24746835443037,-30.244406779661013,0.0004609316223903765
201.75379746835443,-30.244406779661013,0.0004301484095675517
202.26012658227847,-30.244406779661013,0.0003979677374851497
202.7664556962025,-30.244406779661013,0.00036502712491725674
203.27278481012658,-30.244406779661013,0.0003319327749915494
203.77911392405062,-30.244406779661013,0.0002992422164057294
204.2854430379747,-30.244406779661013,0.000267450439586448
204.79177215189873,-30.244406779661013,0.000236979891598627
205.29810126582277,-30.244406779661013,0.00020817443953689838
205.80443037974683,-30.244406779661013,0.00018129717582188008
206.31075949367087,-30.244406779661013,0.00015653173566203054
206.81708860759494,-30.244406779661013,0.00013398663801490515
207.32341772151898,-30.244406779661013,0.00011370205297534464
207.82974683544302,-30.244406779661013,9.565834212438125e-05
208.33607594936709,-30.244406779661013,7.978571115609992e-05
208.84240506329112,-30.244406779661013,6.597434971468035e-05
209.3487341772152,-30.244406779661013,5.408450300514701e-05
209.85506329113923,-30.244406779661013,4.3956013227854634e-05
210.36139240506327,-30.244406779661013,3.5416975803479504e-05
210.86772151898734,-30.244406779661013,2.8291265950040223e-05
211.37405063291138,-30.244406779661013,2.240479708564323e-05
211.88037974683544,-30.244406779661013,1.7590467258503468e-05
212.38670886075948,-30.244406779661013,1.3691828917512343e-05
212.89303797468352,-30.244406779661013,1.0565578452024286e-05
213.3993670886076,-30.244406779661013,8.083004517196755e-06
213.90569620253163,-30.244406779661013,6.1305592070785955e-06
214.4120253164557,-30.244406779661013,4.609725744417129e-06
214.91835443037974,-30.244406779661013,3.4363533267523013e-06
215.42468354430378,-30.244406779661013,2.539617217949585e-06
215.93101265822784,-30.244406779661013,1.8607432022370647e-06
216.43734177215188,-30.244406779661013,1.3516129573307539e-06
216.94367088607595,-30.244406779661013,9.733431551401721e-07
217.45,-30.244406779661013,6.9490804395335e-07
177.45,-29.735932203389826,7.949058271349699e-07
177.95632911392403,-29.735932203389826,1.1134079574344374e-06
178.4626582278481,-29.735932203389826,1.54611106485547e-06
178.96898734177213,-29.735932203389826,2.128505529804057e-06
179.4753164556962,-29.735932203389826,2.905070020136286e-06
179.98164556962024,-29.735932203389826,3.930847120419025e-06
180.48797468354428,-29.735932203389826,5.273068699687189e-06
180.99430379746835,-29.735932203389826,7.012751226160595e-06
181.5006329113924,-29.735932203389826,9.246154865217414e-06
182.00696202531645,-29.735932203389826,1.2085973031461387e-05
182.5132911392405,-29.735932203389826,1.566209325876833e-05
183.01962025316453,-29.735932203389826,2.0121748550013867e-05
183.5259493670886,-29.735932203389826,2.5628864011754e-05
184.03227848101264,-29.735932203389826,3.23624001137938e-05
184.5386075949367,-29.735932203389826,4.0513504902778234e-05
185.04493670886075,-29.735932203389826,5.028131614891632e-05
185.55126582278479,-29.735932203389826,6.186730312101009e-05
186.05759493670885,-29.735932203389826,7.546810759490983e-05
186.5639240506329,-29.735932203389826,9.12669341964747e-05
187.07025316455696,-29.735932203389826,0.00010942364853938254
187.576582278481,-29.735932203389826,0.00013006386277114089
188.08291139240504,-29.735932203389826,0.0001532674146500768
188.5892405063291,-29.735932203389826,0.00017905676857822036
189.09556962025314,-29.735932203389826,0.00020738597395427493
189.6018987341772,-29.735932203389826,0.00023813089586216627
190.10822784810125,-29.735932203389826,0.00027108147385067246
190.61455696202532,-29.735932203389826,0.0003059367563046226
191.12088607594936,-29.735932203389826,0.0003423033933992945
191.6272151898734,-29.735932203389826,0.0003796981476236534
192.13354430379746,-29.735932203389826,0.00041755479906134275
192.6398734177215,-29.735932203389826,0.0004552355902213473
193.14620253164557,-29.735932203389826,0.0004920470848960869
193.6525316455696,-29.735932203389826,0.0005272600248868068
194.15886075949365,-29.735932203389826,0.0005601324787975575
194.66518987341772,-29.735932203389826,0.0005899353118029513
195.17151898734176,-29.735932203389826,0.0006159787876128035
195.67784810126582,-29.735932203389826,0.0006376389647144371
196.18417721518986,-29.735932203389826,0.0006543824847452564
196.69050632911393,-29.735932203389826,0.000665788381473722
197.19683544303797,-29.735932203389826,0.0006715656665259633
197.703164556962,-29.735932203389826,0.0006715656665259633
198.20949367088608,-29.735932203389826,0.0006657883814737216
198.71582278481011,-29.735932203389826,0.0006543824847452564
199.22215189873418,-29.735932203389826,0.000637638964714436
199.72848101265822,-29.735932203389826,0.0006159787876128035
200.23481012658226,-29.735932203389826,0.0005899353118029513
200.74113924050633,-29.735932203389826,0.0005601324787975575
201.24746835443037,-29.735932203389826,0.0005272600248868068
201.75379746835443,-29.735932203389826,0.000492047084896085
202.26012658227847,-29.735932203389826,0.0004552355902213473
202.7664556962025,-29.735932203389826,0.00041755479906134275
203.27278481012658,-29.735932203389826,0.0003796981476236534
203.77911392405062,-29.735932203389826,0.0003423033933992945
204.2854430379747,-29.735932203389826,0.0003059367563046206
204.79177215189873,-29.735932203389826,0.00027108147385067246
205.29810126582277,-29.735932203389826,0.00023813089586216627
205.80443037974683,-29.735932203389826,0.00020738597395427493
206.31075949367087,-29.735932203389826,0.00017905676857822036
206.81708860759494,-29.735932203389826,0.0001532674146500768
207.32341772151898,-29.735932203389826,0.00013006386277114089
207.82974683544302,-29.735932203389826,0.00010942364853938254
208.33607594936709,-29.735932203389826,9.12669341964747e-05
208.84240506329112,-29.735932203389826,7.546810759490983e-05
209.3487341772152,-29.735932203389826,6.186730312101009e-05
209.85506329113923,-29.735932203389826,5.028131614891632e-05
210.36139240506327,-29.735932203389826,4.0513504902778234e-05
210.86772151898734,-29.735932203389826,3.23624001137938e-05
211.37405063291138,-29.735932203389826,2.5628864011754e-05
211.88037974683544,-29.735932203389826,2.0121748550013867e-05
212.38670886075948,-29.735932203389826,1.566209325876833e-05
212.89303797468352,-29.735932203389826,1.2085973031461387e-05
213.3993670886076,-29.735932203389826,9.246154865217414e-06
213.90569620253163,-29.735932203389826,7.012751226160595e-06
214.4120253164557,-29.735932203389826,5.273068699687189e-06
214.91835443037974,-29.735932203389826,3.930847120419025e-06
215.42468354430378,-29.735932203389826,2.905070020136286e-06
215.93101265822784,-29.735932203389826,2.128505529804057e-06
216.43734177215188,-29.735932203389826,1.54611106485547e-06
216.94367088607595,-29.735932203389826,1.1134079574344374e-06
217.45,-29.735932203389826,7.949058271349699e-07
177.45,-29.22745762711864,8.99938043740713e-07
177.95632911392403,-29.22745762711864,1.26052438527257e-06
178.4626582278481,-29.22745762711864,1.750401267187652e-06
178.96898734177213,-29.22745762711864,2.4097484723280407e-06
179.4753164556962,-29.22745762711864,3.2889217082155537e-06
179.98164556962024,-29.22745762711864,4.450236426802623e-06
180.48797468354428,-29.22745762711864,5.969807954749248e-06
180.99430379746835,-29.22745762711864,7.939357599701773e-06
181.5006329113924,-29.22745762711864,1.0467864541285582e-05
182.00696202531645,-29.22745762711864,1.3682912560646753e-05
182.5132911392405,-29.22745762711864,1.773155144551147e-05
183.01962025316453,-29.22745762711864,2.2780468338002672e-05
183.5259493670886,-29.22745762711864,2.9015248039084337e-05
184.03227848101264,-29.22745762711864,3.663849736028758e-05
184.5386075949367,-29.22745762711864,4.586662105459116e-05
185.04493670886075,-29.22745762711864,5.692506929387609e-05
185.55126582278479,-29.22745762711864,7.00419318133668e-05
186.05759493670885,-29.22745762711864,8.543983299073858e-05
186.5639240506329,-29.22745762711864,0.00010332618458090874
187.07025316455696,-29.22745762711864,0.00012388197550448058
187.576582278481,-29.22745762711864,0.00014724941524896733
188.08291139240504,-29.22745762711864,0.00017351889066724243
188.5892405063291,-29.22745762711864,0.00020271583441978803
189.09556962025314,-29.22745762711864,0.00023478822437665085
189.6018987341772,-29.22745762711864,0.00026959552347077456
190.10822784810125,-29.22745762711864,0.000306899915617427
190.61455696202532,-29.22745762711864,0.0003463606839686847
191.12088607594936,-29.22745762711864,0.00038753250473941167
191.6272151898734,-29.22745762711864,0.0004298682894500706
192.13354430379746,-29.22745762711864,0.00047272700261386707
192.6398734177215,-29.22745762711864,0.0005153866187917457
193.14620253164557,-29.22745762711864,0.0005570620769075307
193.6525316455696,-29.22745762711864,0.0005969277606751587
194.15886075949365,-29.22745762711864,0.0006341437060809465
194.66518987341772,-29.22745762711864,0.0006678844365137245
195.17151898734176,-29.22745762711864,0.0006973690796908935
195.67784810126582,-29.22745762711864,0.0007218912516797166
196.18417721518986,-29.22745762711864,0.000740847120598401
196.69050632911393,-29.22745762711864,0.000753760097253661
197.19683544303797,-29.22745762711864,0.0007603007444983611
197.703164556962,-29.22745762711864,0.0007603007444983611
198.20949367088608,-29.22745762711864,0.0007537600972536605
198.71582278481011,-29.22745762711864,0.000740847120598401
199.22215189873418,-29.22745762711864,0.0007218912516797154
199.72848101265822,-29.22745762711864,0.0006973690796908935
200.23481012658226,-29.22745762711864,0.0006678844365137245
200.74113924050633,-29.22745762711864,0.0006341437060809465
201.24746835443037,-29.22745762711864,0.0005969277606751587
201.75379746835443,-29.22745762711864,0.0005570620769075284
202.26012658227847,-29.22745762711864,0.0005153866187917457
202.7664556962025,-29.22745762711864,0.00047272700261386707
203.27278481012658,-29.22745762711864,0.0004298682894500706
203.77911392405062,-29.22745762711864,0.00038753250473941167
204.2854430379747,-29.22745762711864,0.00034636068396868246
204.79177215189873,-29.22745762711864,0.000306899915617427
205.29810126582277,-29.22745762711864,0.00026959552347077456
205.80443037974683,-29.22745762711864,0.00023478822437665085
206.31075949367087,-29.22745762711864,0.00020271583441978803
206.81708860759494,-29.22745762711864,0.00017351889066724243
207.32341772151898,-29.22745762711864,0.00014724941524896733
207.82974683544302,-29.22745762711864,0.00012388197550448058
208.33607594936709,-29.22745762711864,0.00010332618458090874
208.84240506329112,-29.22745762711864,8.543983299073858e-05
209.3487341772152,-29.22745762711864,7.00419318133668e-05
209.85506329113923,-29.22745762711864,5.692506929387609e-05
210.36139240506327,-29.22745762711864,4.586662105459116e-05
210.86772151898734,-29.22745762711864,3.663849736028758e-05
211.37405063291138,-29.22745762711864,2.9015248039084337e-05
211.88037974683544,-29.22745762711864,2.2780468338002672e-05
212.38670886075948,-29.22745762711864,1.773155144551147e-05
212.89303797468352,-29.22745762711864,1.3682912560646753e-05
213.3993670886076,-29.22745762711864,1.0467864541285582e-05
213.90569620253163,-29.22745762711864,7.939357599701773e-06
214.4120253164557,-29.22745762711864,5.969807954749248e-06
214.91835443037974,-29.22745762711864,4.450236426802623e-06
215.42468354430378,-29.22745762711864,3.2889217082155537e-06
215.93101265822784,-29.22745762711864,2.4097484723280407e-06
216.43734177215188,-29.22745762711864,1.750401267187652e-06
216.94367088607595,-29.22745762711864,1.26052438527257e-06
217.45,-29.22745762711864,8.99938043740713e-07
177.45,-28.718983050847456,1.0083658551729972e-06
177.95632911392403,-28.718983050847456,1.4123969517261642e-06
178.4626582278481,-28.718983050847456,1.9612959836067514e-06
178.96898734177213,-28.718983050847456,2.7000837401546586e-06
179.4753164556962,-28.718983050847456,3.6851829678369855e-06
179.98164556962024,-28.718983050847456,4.986417111095888e-06
180.48797468354428,-28.718983050847456,6.689072148219663e-06
180.99430379746835,-28.718983050847456,8.895920303880516e-06
181.5006329113924,-28.718983050847456,1.1729070965967214e-05
182.00696202531645,-28.718983050847456,1.5331479674004282e-05
182.5132911392405,-28.718983050847456,1.9867913309428527e-05
183.01962025316453,-28.718983050847456,2.552514208801444e-05
183.5259493670886,-28.718983050847456,3.2511110743105395e-05
184.03227848101264,-28.718983050847456,4.105283689240775e-05
184.5386075949367,-28.718983050847456,5.1392798521288147e-05
185.04493670886075,-28.718983050847456,6.378360885901141e-05
185.55126582278479,-28.718983050847456,7.848083872238597e-05
186.05759493670885,-28.718983050847456,9.573393508449879e-05
186.5639240506329,-28.718983050847456,0.00011577529942351239
187.07025316455696,-28.718983050847456,0.000138807726864014
187.576582278481,-28.718983050847456,0.00016499056081023815
188.08291139240504,-28.718983050847456,0.0001944250782521155
188.5892405063291,-28.718983050847456,0.0002271397760696422
189.09556962025314,-28.718983050847456,0.00026307636431727914
189.6018987341772,-28.718983050847456,0.000302077373510553
190.10822784810125,-28.718983050847456,0.0003438763346171534
190.61455696202532,-28.718983050847456,0.00038809147998305343
191.12088607594936,-28.718983050847456,0.00043422383159243285
191.6272151898734,-28.718983050847456,0.000481660385754247
192.13354430379746,-28.718983050847456,0.0005296828726927786
192.6398734177215,-28.718983050847456,0.0005774822747157828
193.14620253164557,-28.718983050847456,0.0006241789437308753
193.6525316455696,-28.718983050847456,0.0006688477901964691
194.15886075949365,-28.718983050847456,0.0007105476481769046
194.66518987341772,-28.718983050847456,0.0007483535846340285
195.17151898734176,-28.718983050847456,0.0007813906449501304
195.67784810126582,-28.718983050847456,0.0008088673374849039
196.18417721518986,-28.718983050847456,0.0008301070784933901
196.69050632911393,-28.718983050847456,0.0008445758575814331
197.19683544303797,-28.718983050847456,0.0008519045458152059
197.703164556962,-28.718983050847456,0.0008519045458152059
198.20949367088608,-28.718983050847456,0.0008445758575814327
198.71582278481011,-28.718983050847456,0.0008301070784933901
199.22215189873418,-28.718983050847456,0.0008088673374849024
199.72848101265822,-28.718983050847456,0.0007813906449501304
200.23481012658226,-28.718983050847456,0.0007483535846340285
200.74113924050633,-28.718983050847456,0.0007105476481769046
201.24746835443037,-28.718983050847456,0.0006688477901964691
201.75379746835443,-28.718983050847456,0.0006241789437308728
202.26012658227847,-28.718983050847456,0.0005774822747157828
202.7664556962025,-28.718983050847456,0.0005296828726927786
203.27278481012658,-28.718983050847456,0.000481660385754247
203.77911392405062,-28.718983050847456,0.00043422383159243285
204.2854430379747,-28.718983050847456,0.000388091479983051
204.79177215189873,-28.718983050847456,0.0003438763346171534
205.29810126582277,-28.718983050847456,0.000302077373510553
205.80443037974683,-28.718983050847456,0.00026307636431727914
206.31075949367087,-28.718983050847456,0.0002271397760696422
206.81708860759494,-28.718983050847456,0.0001944250782521155
207.32341772151898,-28.718983050847456,0.00016499056081023815
207.82974683544302,-28.718983050847456,0.000138807726864014
208.33607594936709,-28.718983050847456,0.00011577529942351239
208.84240506329112,-28.718983050847456,9.573393508449879e-05
209.3487341772152,-28.718983050847456,7.848083872238597e-05
209.85506329113923,-28.718983050847456,6.378360885901141e-05
210.36139240506327,-28.718983050847456,5.1392798521288147e-05
210.86772151898734,-28.718983050847456,4.105283689240775e-05
211.37405063291138,-28.718983050847456,3.2511110743105395e-05
211.88037974683544,-28.718983050847456,2.552514208801444e-05
212.38670886075948,-28.718983050847456,1.9867913309428527e-05
212.89303797468352,-28.718983050847456,1.5331479674004282e-05
213.3993670886076,-28.718983050847456,1.1729070965967214e-05
213.90569620253163,-28.718983050847456,8.895920303880516e-06
214.4120253164557,-28.718983050847456,6.689072148219663e-06
214.91835443037974,-28.718983050847456,4.986417111095888e-06
215.42468354430378,-28.718983050847456,3.6851829678369855e-06
215.93101265822784,-28.718983050847456,2.7000837401546586e-06
216.43734177215188,-28.718983050847456,1.9612959836067514e-06
216.94367088607595,-28.718983050847456,1.4123969517261642e-06
217.45,-28.718983050847456,1.0083658551729972e-06
177.45,-28.210508474576265,1.1182328348975723e-06
177.95632911392403,-28.210508474576265,1.5662853310899494e-06
178.4626582278481,-28.210508474576265,2.174989917172008e-06
178.96898734177213,-28.210508474576265,2.9942726439264264e-06
179.4753164556962,-28.210508474576265,4.086703824906499e-06
179.98164556962024,-28.210508474576265,5.529714551040491e-06
180.48797468354428,-28.210508474576265,7.4178831748074154e-06
180.99430379746835,-28.210508474576265,9.865179517333547e-06
181.5006329113924,-28.210508474576265,1.3007017452746001e-05
182.00696202531645,-28.210508474576265,1.7001928309140348e-05
182.5132911392405,-28.210508474576265,2.2032631221621323e-05
183.01962025316453,-28.210508474576265,2.830624604335379e-05
183.5259493670886,-28.210508474576265,3.605337422467016e-05
184.03227848101264,-28.210508474576265,4.552576819542241e-05
184.5386075949367,-28.210508474576265,5.6992325244809335e-05
185.04493670886075,-28.210508474576265,7.07331821962313e-05
185.55126582278479,-28.210508474576265,8.703175570598484e-05
186.05759493670885,-28.210508474576265,0.00010616467136034969
186.5639240506329,-28.210508474576265,0.00012838965205070176
187.07025316455696,-28.210508474576265,0.00015393158854055443
187.576582278481,-28.210508474576265,0.0001829671855702809
188.08291139240504,-28.210508474576265,0.00021560875481225575
188.5892405063291,-28.210508474576265,0.0002518878980375429
189.09556962025314,-28.210508474576265,0.00029173997429195685
189.6018987341772,-28.210508474576265,0.000334990356928702
190.10822784810125,-28.210508474576265,0.00038134354365574377
190.61455696202532,-28.210508474576265,0.0004303761711433497
191.12088607594936,-28.210508474576265,0.00048153489498946556
191.6272151898734,-28.210508474576265,0.0005341399213953201
192.13354430379746,-28.210508474576265,0.0005873947211613166
192.6398734177215,-28.210508474576265,0.0006404021296890703
193.14620253164557,-28.210508474576265,0.0006921866564113303
193.6525316455696,-28.210508474576265,0.0007417224182170052
194.15886075949365,-28.210508474576265,0.000787965703989795
194.66518987341772,-28.210508474576265,0.000829890804173948
195.17151898734176,-28.210508474576265,0.0008665274330566454
195.67784810126582,-28.210508474576265,0.0008969978616507366
196.18417721518986,-28.210508474576265,0.0009205517887086248
196.69050632911393,-28.210508474576265,0.000936597020480533
197.19683544303797,-28.210508474576265,0.0009447242094146784
197.703164556962,-28.210508474576265,0.0009447242094146784
198.20949367088608,-28.210508474576265,0.0009365970204805324
198.71582278481011,-28.210508474576265,0.0009205517887086248
199.22215189873418,-28.210508474576265,0.0008969978616507349
199.72848101265822,-28.210508474576265,0.0008665274330566454
200.23481012658226,-28.210508474576265,0.000829890804173948
200.74113924050633,-28.210508474576265,0.000787965703989795
201.24746835443037,-28.210508474576265,0.0007417224182170052
201.75379746835443,-28.210508474576265,0.0006921866564113274
202.26012658227847,-28.210508474576265,0.0006404021296890703
202.7664556962025,-28.210508474576265,0.0005873947211613166
203.27278481012658,-28.210508474576265,0.0005341399213953201
203.77911392405062,-28.210508474576265,0.00048153489498946556
204.2854430379747,-28.210508474576265,0.00043037617114334705
204.79177215189873,-28.210508474576265,0.00038134354365574377
205.29810126582277,-28.210508474576265,0.000334990356928702
205.80443037974683,-28.210508474576265,0.00029173997429195685
206.31075949367087,-28.210508474576265,0.0002518878980375429
206.81708860759494,-28.210508474576265,0.00021560875481225575
207.32341772151898,-28.210508474576265,0.0001829671855702809
207.82974683544302,-28.210508474576265,0.00015393158854055443
208.33607594936709,-28.210508474576265,0.00012838965205070176
208.84240506329112,-28.210508474576265,0.00010616467136034969
209.3487341772152,-28.210508474576265,8.703175570598484e-05
209.85506329113923,-28.210508474576265,7.07331821962313e-05
210.36139240506327,-28.210508474576265,5.6992325244809335e-05
210.86772151898734,-28.210508474576265,4.552576819542241e-05
211.37405063291138,-28.210508474576265,3.605337422467016e-05
211.88037974683544,-28.210508474576265,2.830624604335379e-05
212.38670886075948,-28.210508474576265,2.2032631221621323e-05
212.89303797468352,-28.210508474576265,1.7001928309140348e-05
213.3993670886076,-28.210508474576265,1.3007017452746001e-05
213.90569620253163,-28.210508474576265,9.865179517333547e-06
214.4120253164557,-28.210508474576265,7.4178831748074154e-06
214.91835443037974,-28.210508474576265,5.529714551040491e-06
215.42468354430378,-28.210508474576265,4.086703824906499e-06
215.93101265822784,-28.210508474576265,2.9942726439264264e-06
216.43734177215188,-28.210508474576265,2.174989917172008e-06
216.94367088607595,-28.210508474576265,1.5662853310899494e-06
217.45,-28.210508474576265,1.1182328348975723e-06
177.45,-27.702033898305082,1.2273118812053431e-06
177.95632911392403,-27.702033898305082,1.7190700686055424e-06
178.4626582278481,-27.702033898305082,2.387151301179187e-06
178.96898734177213,-27.702033898305082,3.2863517120704564e-06
179.4753164556962,-27.702033898305082,4.485345093389689e-06
179.98164556962024,-27.702033898305082,6.069115622765371e-06
180.48797468354428,-27.702033898305082,8.141467384713531e-06
180.99430379746835,-27.702033898305082,1.0827487490971486e-05
181.5006329113924,-27.702033898305082,1.427579888607246e-05
182.00696202531645,-27.702033898305082,1.8660396981743743e-05
182.5132911392405,-27.702033898305082,2.418182441851523e-05
183.01962025316453,-27.702033898305082,3.106740474537397e-05
183.5259493670886,-27.702033898305082,3.957023364238202e-05
184.03227848101264,-27.702033898305082,4.9966620960794966e-05
184.5386075949367,-27.702033898305082,6.255169382222682e-05
185.04493670886075,-27.702033898305082,7.763291525315353e-05
185.55126582278479,-27.702033898305082,9.552134804725177e-05
186.05759493670885,-27.702033898305082,0.00011652060148703523
186.5639240506329,-27.702033898305082,0.0001409135382794225
187.07025316455696,-27.702033898305082,0.00016894698636347902
187.576582278481,-27.702033898305082,0.00020081488730535935
188.08291139240504,-27.702033898305082,0.00023664050832241
188.5892405063291,-27.702033898305082,0.000276458533809404
189.09556962025314,-27.702033898305082,0.0003201980173510619
189.6018987341772,-27.702033898305082,0.00036766729818434794
190.10822784810125,-27.702033898305082,0.00041854204897543795
190.61455696202532,-27.702033898305082,0.000472357609030752
191.12088607594936,-27.702033898305082,0.0005285066574616116
191.6272151898734,-27.702033898305082,0.000586243089360376
192.13354430379746,-27.702033898305082,0.0006446926773569634
192.6398734177215,-27.702033898305082,0.0007028707421103353
193.14620253164557,-27.702033898305082,0.0007597066379321985
193.6525316455696,-27.702033898305082,0.0008140744110035654
194.15886075949365,-27.702033898305082,0.0008648285404511395
194.66518987341772,-27.702033898305082,0.0009108432629408866
195.17151898734176,-27.702033898305082,0.0009510536453512403
195.67784810126582,-27.702033898305082,0.000984496339816899
196.18417721518986,-27.702033898305082,0.001010347856267709
196.69050632911393,-27.702033898305082,0.0010279582348720541
197.19683544303797,-27.702033898305082,0.0010368781978962046
197.703164556962,-27.702033898305082,0.0010368781978962046
198.20949367088608,-27.702033898305082,0.0010279582348720535
198.71582278481011,-27.702033898305082,0.001010347856267709
199.22215189873418,-27.702033898305082,0.0009844963398168976
199.72848101265822,-27.702033898305082,0.0009510536453512403
200.23481012658226,-27.702033898305082,0.0009108432629408866
200.74113924050633,-27.702033898305082,0.0008648285404511395
201.24746835443037,-27.702033898305082,0.0008140744110035654
201.75379746835443,-27.702033898305082,0.0007597066379321953
202.26012658227847,-27.702033898305082,0.0007028707421103353
202.7664556962025,-27.702033898305082,0.0006446926773569634
203.27278481012658,-27.702033898305082,0.000586243089360376
203.77911392405062,-27.702033898305082,0.0005285066574616116
204.2854430379747,-27.702033898305082,0.0004723576090307491
204.79177215189873,-27.702033898305082,0.00041854204897543795
205.29810126582277,-27.702033898305082,0.00036766729818434794
205.80443037974683,-27.702033898305082,0.0003201980173510619
206.31075949367087,-27.702033898305082,0.000276458533809404
206.81708860759494,-27.702033898305082,0.00023664050832241
207.32341772151898,-27.702033898305082,0.00020081488730535935
207.82974683544302,-27.702033898305082,0.00016894698636347902
208.33607594936709,-27.702033898305082,0.0001409135382794225
208.84240506329112,-27.702033898305082,0.00011652060148703523
209.3487341772152,-27.702033898305082,9.552134804725177e-05
209.85506329113923,-27.702033898305082,7.763291525315353e-05
210.36139240506327,-27.702033898305082,6.255169382222682e-05
210.86772151898734,-27.702033898305082,4.9966620960794966e-05
211.37405063291138,-27.702033898305082,3.957023364238202e-05
211.88037974683544,-27.702033898305082,3.106740474537397e-05
212.38670886075948,-27.702033898305082,2.418182441851523e-05
212.89303797468352,-27.702033898305082,1.8660396981743743e-05
213.3993670886076,-27.702033898305082,1.427579888607246e-05
213.90569620253163,-27.702033898305082,1.0827487490971486e-05
214.4120253164557,-27.702033898305082,8.141467384713531e-06
214.91835443037974,-27.702033898305082,6.069115622765371e-06
215.42468354430378,-27.702033898305082,4.485345093389689e-06
215.93101265822784,-27.702033898305082,3.2863517120704564e-06
216.43734177215188,-27.702033898305082,2.387151301179187e-06
216.94367088607595,-27.702033898305082,1.7190700686055424e-06
217.45,-27.702033898305082,1.2273118812053431e-06
177.45,-27.193559322033895,1.3331721286768506e-06
177.95632911392403,-27.193559322033895,1.8673463019495235e-06
178.4626582278481,-27.193559322033895,2.5930520435777523e-06
178.96898734177213,-27.193559322033895,3.5698118584649687e-06
179.4753164556962,-27.193559322033895,4.872222910554649e-06
179.98164556962024,-27.193559322033895,6.592599581160817e-06
180.48797468354428,-27.193559322033895,8.843699445956638e-06
180.99430379746835,-27.193559322033895,1.176139884866421e-05
181.5006329113924,-27.193559322033895,1.55071400195494e-05
182.00696202531645,-27.193559322033895,2.0269926126417162e-05
182.5132911392405,-27.193559322033895,2.62675973638097e-05
183.01962025316453,-27.193559322033895,3.374708478840658e-05
183.5259493670886,-27.193559322033895,4.298331453081439e-05
184.03227848101264,-27.193559322033895,5.4276429202062834e-05
184.5386075949367,-27.193559322033895,6.79470117436012e-05
185.04493670886075,-27.193559322033895,8.43290450197474e-05
185.55126582278479,-27.193559322033895,0.00010376042215542642
186.05759493670885,-27.193559322033895,0.00012657093987114044
186.5639240506329,-27.193559322033895,0.00015306785884193125
187.07025316455696,-27.193559322033895,0.0001835192968412678
187.576582278481,-27.193559322033895,0.0002181359236219233
188.08291139240504,-27.193559322033895,0.0002570516386605203
188.5892405063291,-27.193559322033895,0.0003003041180108146
189.09556962025314,-27.193559322033895,0.00034781629586343144
189.6018987341772,-27.193559322033895,0.00039937997999653005
190.10822784810125,-27.193559322033895,0.00045464286862875855
190.61455696202532,-27.193559322033895,0.0005131002223410185
191.12088607594936,-27.193559322033895,0.0005740923365428562
191.6272151898734,-27.193559322033895,0.0006368087519833123
192.13354430379746,-27.193559322033895,0.0007002998359066315
192.6398734177215,-27.193559322033895,0.0007634959766898359
193.14620253164557,-27.193559322033895,0.0008252341814431978
193.6525316455696,-27.193559322033895,0.0008842913786128283
194.15886075949365,-27.193559322033895,0.0009394232418587946
194.66518987341772,-27.193559322033895,0.000989406906542203
195.17151898734176,-27.193559322033895,0.001033085585070332
195.67784810126582,-27.193559322033895,0.0010694128372156343
196.18417721518986,-27.193559322033895,0.0010974941438044725
196.69050632911393,-27.193559322033895,0.0011166234835348942
197.19683544303797,-27.193559322033895,0.0011263128267855653
197.703164556962,-27.193559322033895,0.0011263128267855653
198.20949367088608,-27.193559322033895,0.0011166234835348935
198.71582278481011,-27.193559322033895,0.0010974941438044725
199.22215189873418,-27.193559322033895,0.0010694128372156326
199.72848101265822,-27.193559322033895,0.001033085585070332
200.23481012658226,-27.193559322033895,0.000989406906542203
200.74113924050633,-27.193559322033895,0.0009394232418587946
201.24746835443037,-27.193559322033895,0.0008842913786128283
201.75379746835443,-27.193559322033895,0.0008252341814431942
202.26012658227847,-27.193559322033895,0.0007634959766898359
202.7664556962025,-27.193559322033895,0.0007002998359066315
203.27278481012658,-27.193559322033895,0.0006368087519833123
203.77911392405062,-27.193559322033895,0.0005740923365428562
204.2854430379747,-27.193559322033895,0.0005131002223410152
204.79177215189873,-27.193559322033895,0.00045464286862875855
205.29810126582277,-27.193559322033895,0.00039937997999653005
205.80443037974683,-27.193559322033895,0.00034781629586343144
206.31075949367087,-27.193559322033895,0.0003003041180108146
206.81708860759494,-27.193559322033895,0.0002570516386605203
207.32341772151898,-27.193559322033895,0.0002181359236219233
207.82974683544302,-27.193559322033895,0.0001835192968412678
208.33607594936709,-27.193559322033895,0.00015306785884193125
208.84240506329112,-27.193559322033895,0.00012657093987114044
209.3487341772152,-27.193559322033895,0.00010376042215542642
209.85506329113923,-27.193559322033895,8.43290450197474e-05
210.36139240506327,-27.193559322033895,6.79470117436012e-05
210.86772151898734,-27.193559322033895,5.4276429202062834e-05
211.37405063291138,-27.193559322033895,4.298331453081439e-05
211.88037974683544,-27.193559322033895,3.374708478840658e-05
212.38670886075948,-27.193559322033895,2.62675973638097e-05
212.89303797468352,-27.193559322033895,2.0269926126417162e-05
213.3993670886076,-27.193559322033895,1.55071400195494e-05
213.90569620253163,-27.193559322033895,1.176139884866421e-05
214.4120253164557,-27.193559322033895,8.843699445956638e-06
214.91835443037974,-27.193559322033895,6.592599581160817e-06
215.42468354430378,-27.193559322033895,4.872222910554649e-06
215.93101265822784,-27.193559322033895,3.5698118584649687e-06
216.43734177215188,-27.193559322033895,2.5930520435777523e-06
216.94367088607595,-27.193559322033895,1.8673463019495235e-06
217.45,-27.193559322033895,1.3331721286768506e-06
177.45,-26.68508474576271,1.4332637010233845e-06
177.95632911392403,-26.68508474576271,2.007542472764401e-06
178.4626582278481,-26.68508474576271,2.7877325732972606e-06
178.96898734177213,-26.68508474576271,3.837825323650208e-06
179.4753164556962,-26.68508474576271,5.238018475471103e-06
179.98164556962024,-26.68508474576271,7.087557166708602e-06
180.48797468354428,-26.68508474576271,9.507664558837079e-06
180.99430379746835,-26.68508474576271,1.2644418286616217e-05
181.5006329113924,-26.68508474576271,1.667138130075217e-05
182.00696202531645,-26.68508474576271,2.1791746702845506e-05
182.5132911392405,-26.68508474576271,2.823970964050332e-05
183.01962025316453,-26.68508474576271,3.628074020013187e-05
183.5259493670886,-26.68508474576271,4.6210405349405666e-05
184.03227848101264,-26.68508474576271,5.835138173319743e-05
184.5386075949367,-26.68508474576271,7.304832094094791e-05
185.04493670886075,-26.68508474576271,9.066028052111163e-05
185.55126582278479,-26.68508474576271,0.00011155052185634373
186.05759493670885,-26.68508474576271,0.0001360736020649972
186.5639240506329,-26.68508474576271,0.00016455985026423304
187.07025316455696,-26.68508474576271,0.00019729751390840935
187.576582278481,-26.68508474576271,0.00023451307936268363
188.08291139240504,-26.68508474576271,0.0002763504989759695
188.5892405063291,-26.68508474576271,0.0003228502774356095
189.09556962025314,-26.68508474576271,0.00037392956300416434
189.6018987341772,-26.68508474576271,0.0004293645328548725
190.10822784810125,-26.68508474576271,0.0004887764351790547
190.61455696202532,-26.68508474576271,0.0005516226358544481
191.12088607594936,-26.68508474576271,0.000617193901150046
191.6272151898734,-26.68508474576271,0.000684618924352655
192.13354430379746,-26.68508474576271,0.0007528767764097918
192.6398734177215,-26.68508474576271,0.0008208175416575819
193.14620253164557,-26.68508474576271,0.0008871909123094008
193.6525316455696,-26.68508474576271,0.0009506819913431492
194.15886075949365,-26.68508474576271,0.001009953031189034
194.66518987341772,-26.68508474576271,0.0010636893572746648
195.17151898734176,-26.68508474576271,0.0011106473329902007
195.67784810126582,-26.68508474576271,0.0011497019537235796
196.18417721518986,-26.68508474576271,0.0011798915418085299
196.69050632911393,-26.68508474576271,0.001200457069447762
197.19683544303797,-26.68508474576271,0.0012108738668509045
197.703164556962,-26.68508474576271,0.0012108738668509045
198.20949367088608,-26.68508474576271,0.0012004570694477612
198.71582278481011,-26.68508474576271,0.0011798915418085299
199.22215189873418,-26.68508474576271,0.0011497019537235777
199.72848101265822,-26.68508474576271,0.0011106473329902007
200.23481012658226,-26.68508474576271,0.0010636893572746648
200.74113924050633,-26.68508474576271,0.001009953031189034
201.24746835443037,-26.68508474576271,0.0009506819913431492
201.75379746835443,-26.68508474576271,0.0008871909123093971
202.26012658227847,-26.68508474576271,0.0008208175416575819
202.7664556962025,-26.68508474576271,0.0007528767764097918
203.27278481012658,-26.68508474576271,0.000684618924352655
203.77911392405062,-26.68508474576271,0.000617193901150046
204.2854430379747,-26.68508474576271,0.0005516226358544445
204.79177215189873,-26.68508474576271,0.0004887764351790547
205.29810126582277,-26.68508474576271,0.0004293645328548725
205.80443037974683,-26.68508474576271,0.00037392956300416434
206.31075949367087,-26.68508474576271,0.0003228502774356095
206.81708860759494,-26.68508474576271,0.0002763504989759695
207.32341772151898,-26.68508474576271,0.00023451307936268363
207.82974683544302,-26.68508474576271,0.00019729751390840935
208.33607594936709,-26.68508474576271,0.00016455985026423304
208.84240506329112,-26.68508474576271,0.0001360736020649972
209.3487341772152,-26.68508474576271,0.00011155052185634373
209.85506329113923,-26.68508474576271,9.066028052111163e-05
210.36139240506327,-26.68508474576271,7.304832094094791e-05
210.86772151898734,-26.68508474576271,5.835138173319743e-05
211.37405063291138,-26.68508474576271,4.6210405349405666e-05
211.88037974683544,-26.68508474576271,3.628074020013187e-05
212.38670886075948,-26.68508474576271,2.823970964050332e-05
212.89303797468352,-26.68508474576271,2.1791746702845506e-05
213.3993670886076,-26.68508474576271,1.667138130075217e-05
213.90569620253163,-26.68508474576271,1.2644418286616217e-05
214.4120253164557,-26.68508474576271,9.507664558837079e-06
214.91835443037974,-26.68508474576271,7.087557166708602e-06
215.42468354430378,-26.68508474576271,5.238018475471103e-06
215.93101265822784,-26.68508474576271,3.837825323650208e-06
216.43734177215188,-26.68508474576271,2.7877325732972606e-06
216.94367088607595,-26.68508474576271,2.007542472764401e-06
217.45,-26.68508474576271,1.4332637010233845e-06
177.45,-26.17661016949152,1.5250165872742442e-06
177.95632911392403,-26.17661016949152,2.1360588204649693e-06
178.4626582278481,-26.17661016949152,2.966194156823673e-06
178.96898734177213,-26.17661016949152,4.083510433878087e-06
179.4753164556962,-26.17661016949152,5.573339402818002e-06
179.98164556962024,-26.17661016949152,7.541279552930447e-06
180.48797468354428,-26.17661016949152,1.0116314358699756e-05
180.99430379746835,-26.17661016949152,1.3453872870536707e-05
181.5006329113924,-26.17661016949152,1.7738628975440692e-05
182.00696202531645,-26.17661016949152,2.3186783537313656e-05
182.5132911392405,-26.17661016949152,3.0047524116340797e-05
183.01962025316453,-26.17661016949152,3.860331533149318e-05
183.5259493670886,-26.17661016949152,4.916864538758065e-05
184.03227848101264,-26.17661016949152,6.208684764008105e-05
184.5386075949367,-26.17661016949152,7.772463715360688e-05
185.04493670886075,-26.17661016949152,9.646405717448345e-05
185.55126582278479,-26.17661016949152,0.0001186916238990462
186.05759493670885,-26.17661016949152,0.00014478459204060322
186.5639240506329,-26.17661016949152,0.0001750944373133379
187.07025316455696,-26.17661016949152,0.00020992785983727814
187.576582278481,-26.17661016949152,0.00024952584489894866
188.08291139240504,-26.17661016949152,0.0002940415602090184
188.5892405063291,-26.17661016949152,0.00034351810343333597
189.09556962025314,-26.17661016949152,0.00039786731893537083
189.6018987341772,-26.17661016949152,0.00045685105547807025
190.10822784810125,-26.17661016949152,0.0005200663147923204
190.61455696202532,-26.17661016949152,0.0005869357250820722
191.12088607594936,-26.17661016949152,0.0006567046497767719
191.6272151898734,-26.17661016949152,0.0007284460039378454
192.13354430379746,-26.17661016949152,0.0008010735019513089
192.6398734177215,-26.17661016949152,0.0008733636142879327
193.14620253164557,-26.17661016949152,0.0009439859925181574
193.6525316455696,-26.17661016949152,0.0010115415641839096
194.15886075949365,-26.17661016949152,0.001074606943461587
194.66518987341772,-26.17661016949152,0.0011317832945833318
195.17151898734176,-26.17661016949152,0.0011817473673634358
195.67784810126582,-26.17661016949152,0.0012233021380490961
196.18417721518986,-26.17661016949152,0.0012554243654938101
196.69050632911393,-26.17661016949152,0.0012773064314063722
197.19683544303797,-26.17661016949152,0.0012883900783407952
197.703164556962,-26.17661016949152,0.0012883900783407952
198.20949367088608,-26.17661016949152,0.0012773064314063713
198.71582278481011,-26.17661016949152,0.0012554243654938101
199.22215189873418,-26.17661016949152,0.001223302138049094
199.72848101265822,-26.17661016949152,0.0011817473673634358
200.23481012658226,-26.17661016949152,0.0011317832945833318
200.74113924050633,-26.17661016949152,0.001074606943461587
201.24746835443037,-26.17661016949152,0.0010115415641839096
201.75379746835443,-26.17661016949152,0.0009439859925181535
202.26012658227847,-26.17661016949152,0.0008733636142879327
202.7664556962025,-26.17661016949152,0.0008010735019513089
203.27278481012658,-26.17661016949152,0.0007284460039378454
203.77911392405062,-26.17661016949152,0.0006567046497767719
204.2854430379747,-26.17661016949152,0.0005869357250820685
204.79177215189873,-26.17661016949152,0.0005200663147923204
205.29810126582277,-26.17661016949152,0.00045685105547807025
205.80443037974683,-26.17661016949152,0.00039786731893537083
206.31075949367087,-26.17661016949152,0.00034351810343333597
206.81708860759494,-26.17661016949152,0.0002940415602090184
207.32341772151898,-26.17661016949152,0.00024952584489894866
207.82974683544302,-26.17661016949152,0.00020992785983727814
208.33607594936709,-26.17661016949152,0.0001750944373133379
208.84240506329112,-26.17661016949152,0.00014478459204060322
209.3487341772152,-26.17661016949152,0.0001186916238990462
209.85506329113923,-26.17661016949152,9.646405717448345e-05
210.36139240506327,-26.17661016949152,7.772463715360688e-05
210.86772151898734,-26.17661016949152,6.208684764008105e-05
211.37405063291138,-26.17661016949152,4.916864538758065e-05
211.88037974683544,-26.17661016949152,3.860331533149318e-05
212.38670886075948,-26.17661016949152,3.0047524116340797e-05
212.89303797468352,-26.17661016949152,2.3186783537313656e-05
213.3993670886076,-26.17661016949152,1.7738628975440692e-05
213.90569620253163,-26.17661016949152,1.3453872870536707e-05
214.4120253164557,-26.17661016949152,1.0116314358699756e-05
214.91835443037974,-26.17661016949152,7.541279552930447e-06
215.42468354430378,-26.17661016949152,5.573339402818002e-06
215.93101265822784,-26.17661016949152,4.083510433878087e-06
216.43734177215188,-26.17661016949152,2.966194156823673e-06
216.94367088607595,-26.17661016949152,2.1360588204649693e-06
217.45,-26.17661016949152,1.5250165872742442e-06
177.45,-25.668135593220335,1.6059485290381422e-06
177.95632911392403,-25.668135593220335,2.249418497667643e-06
178.4626582278481,-25.668135593220335,3.1236087415329073e-06
178.96898734177213,-25.668135593220335,4.300220488958596e-06
179.4753164556962,-25.668135593220335,5.869114008644097e-06
179.98164556962024,-25.668135593220335,7.94149185402674e-06
180.48797468354428,-25.668135593220335,1.065318259434757e-05
180.99430379746835,-25.668135593220335,1.4167863829548704e-05
181.5006329113924,-25.668135593220335,1.8680010006435053e-05
182.00696202531645,-25.668135593220335,2.441729567114429e-05
182.5132911392405,-25.668135593220335,3.16421326551761e-05
183.01962025316453,-25.668135593220335,4.0651975847301675e-05
183.5259493670886,-25.668135593220335,5.1778003199373266e-05
184.03227848101264,-25.668135593220335,6.538176861303394e-05
184.5386075949367,-25.668135593220335,8.184944855580869e-05
185.04493670886075,-25.668135593220335,0.00010158336113661838
185.55126582278479,-25.668135593220335,0.00012499053479183151
186.05759493670885,-25.668135593220335,0.00015246824497206645
186.5639240506329,-25.668135593220335,0.00018438662004897203
187.07025316455696,-25.668135593220335,0.00022106863657947557
187.576582278481,-25.668135593220335,0.0002627680688304563
188.08291139240504,-25.668135593220335,0.00030964621305383516
188.5892405063291,-25.668135593220335,0.00036174845408912953
189.09556962025314,-25.668135593220335,0.00041898195791997947
189.6018987341772,-25.668135593220335,0.000481095934730703
190.10822784810125,-25.668135593220335,0.0005476659993159927
190.61455696202532,-25.668135593220335,0.0006180841390192583
191.12088607594936,-25.668135593220335,0.0006915556690478537
191.6272151898734,-25.668135593220335,0.0007671043044840802
192.13354430379746,-25.668135593220335,0.0008435861110268623
192.6398734177215,-25.668135593220335,0.0009197126269872591
193.14620253164557,-25.668135593220335,0.0009940829029451883
193.6525316455696,-25.668135593220335,0.0010652236182988866
194.15886075949365,-25.668135593220335,0.0011316358487817313
194.66518987341772,-25.668135593220335,0.0011918465230432186
195.17151898734176,-25.668135593220335,0.0012444621666077124
195.67784810126582,-25.668135593220335,0.001288222230212288
196.18417721518986,-25.668135593220335,0.0013220491697647759
196.69050632911393,-25.668135593220335,0.001345092507035884
197.19683544303797,-25.668135593220335,0.0013567643581090115
197.703164556962,-25.668135593220335,0.0013567643581090115
198.20949367088608,-25.668135593220335,0.0013450925070358829
198.71582278481011,-25.668135593220335,0.0013220491697647759
199.22215189873418,-25.668135593220335,0.0012882222302122858
199.72848101265822,-25.668135593220335,0.0012444621666077124
200.23481012658226,-25.668135593220335,0.0011918465230432186
200.74113924050633,-25.668135593220335,0.0011316358487817313
201.24746835443037,-25.668135593220335,0.0010652236182988866
201.75379746835443,-25.668135593220335,0.0009940829029451842
202.26012658227847,-25.668135593220335,0.0009197126269872591
202.7664556962025,-25.668135593220335,0.0008435861110268623
203.27278481012658,-25.668135593220335,0.0007671043044840802
203.77911392405062,-25.668135593220335,0.0006915556690478537
204.2854430379747,-25.668135593220335,0.0006180841390192544
204.79177215189873,-25.668135593220335,0.0005476659993159927
205.29810126582277,-25.668135593220335,0.000481095934730703
205.80443037974683,-25.668135593220335,0.00041898195791997947
206.31075949367087,-25.668135593220335,0.00036174845408912953
206.81708860759494,-25.668135593220335,0.00030964621305383516
207.32341772151898,-25.668135593220335,0.0002627680688304563
207.82974683544302,-25.668135593220335,0.00022106863657947557
208.33607594936709,-25.668135593220335,0.00018438662004897203
208.84240506329112,-25.668135593220335,0.00015246824497206645
209.3487341772152,-25.668135593220335,0.00012499053479183151
209.85506329113923,-25.668135593220335,0.00010158336113661838
210.36139240506327,-25.668135593220335,8.184944855580869e-05
210.86772151898734,-25.668135593220335,6.538176861303394e-05
211.37405063291138,-25.668135593220335,5.1778003199373266e-05
211.88037974683544,-25.668135593220335,4.0651975847301675e-05
212.38670886075948,-25.668135593220335,3.16421326551761e-05
212.89303797468352,-25.668135593220335,2.441729567114429e-05
213.3993670886076,-25.668135593220335,1.8680010006435053e-05
213.90569620253163,-25.668135593220335,1.4167863829548704e-05
214.4120253164557,-25.668135593220335,1.065318259434757e-05
214.91835443037974,-25.668135593220335,7.94149185402674e-06
215.42468354430378,-25.668135593220335,5.869114008644097e-06
215.93101265822784,-25.668135593220335,4.300220488958596e-06
216.43734177215188,-25.668135593220335,3.1236087415329073e-06
216.94367088607595,-25.668135593220335,2.249418497667643e-06
217.45,-25.668135593220335,1.6059485290381422e-06
177.45,-25.159661016949148,1.6737757273675e-06
177.95632911392403,-25.159661016949148,2.3444226349785726e-06
178.4626582278481,-25.159661016949148,3.2555342832201997e-06
178.96898734177213,-25.159661016949148,4.481840200107903e-06
179.4753164556962,-25.159661016949148,6.116995900674809e-06
179.98164556962024,-25.159661016949148,8.27690057558562e-06
180.48797468354428,-25.159661016949148,1.1103119510506675e-05
180.99430379746835,-25.159661016949148,1.4766243224961651e-05
181.5006329113924,-25.159661016949148,1.9468959789439458e-05
182.00696202531645,-25.159661016949148,2.5448559579175783e-05
182.5132911392405,-25.159661016949148,3.297853738319807e-05
183.01962025316453,-25.159661016949148,4.236891109050443e-05
183.5259493670886,-25.159661016949148,5.396484594594963e-05
184.03227848101264,-25.159661016949148,6.814316607170378e-05
184.5386075949367,-25.159661016949148,8.530635808930942e-05
185.04493670886075,-25.159661016949148,0.00010587373200354957
185.55126582278479,-25.159661016949148,0.0001302695070872236
186.05759493670885,-25.159661016949148,0.00015890773771025732
186.5639240506329,-25.159661016949148,0.00019217418460736548
187.07025316455696,-25.159661016949148,0.00023040546524275628
187.576582278481,-25.159661016949148,0.0002738660720334982
188.08291139240504,-25.159661016949148,0.0003227241135749161
188.5892405063291,-25.159661016949148,0.0003770268915341564
189.09556962025314,-25.159661016949148,0.0004366776510523626
189.6018987341772,-25.159661016949148,0.0005014150102118901
190.10822784810125,-25.159661016949148,0.0005707966599082724
190.61455696202532,-25.159661016949148,0.0006441889080846773
191.12088607594936,-25.159661016949148,0.0007207635064549434
191.6272151898734,-25.159661016949148,0.0007995029367308491
192.13354430379746,-25.159661016949148,0.0008792149505730344
192.6398734177215,-25.159661016949148,0.000958556668143449
193.14620253164557,-25.159661016949148,0.0010360679709562229
193.6525316455696,-25.159661016949148,0.0011102133127486513
194.15886075949365,-25.159661016949148,0.0011794304622229864
194.66518987341772,-25.159661016949148,0.0012421841328949029
195.17151898734176,-25.159661016949148,0.001297021996927081
195.67784810126582,-25.159661016949148,0.0013426302657881415
196.18417721518986,-25.159661016949148,0.0013778858853365418
196.69050632911393,-25.159661016949148,0.0014019024574149907
197.19683544303797,-25.159661016949148,0.0014140672688435056
197.703164556962,-25.159661016949148,0.0014140672688435056
198.20949367088608,-25.159661016949148,0.0014019024574149898
198.71582278481011,-25.159661016949148,0.0013778858853365418
199.22215189873418,-25.159661016949148,0.0013426302657881394
199.72848101265822,-25.159661016949148,0.001297021996927081
200.23481012658226,-25.159661016949148,0.0012421841328949029
200.74113924050633,-25.159661016949148,0.0011794304622229864
201.24746835443037,-25.159661016949148,0.0011102133127486513
201.75379746835443,-25.159661016949148,0.0010360679709562185
202.26012658227847,-25.159661016949148,0.000958556668143449
202.7664556962025,-25.159661016949148,0.0008792149505730344
203.27278481012658,-25.159661016949148,0.0007995029367308491
203.77911392405062,-25.159661016949148,0.0007207635064549434
204.2854430379747,-25.159661016949148,0.0006441889080846731
204.79177215189873,-25.159661016949148,0.0005707966599082724
205.29810126582277,-25.159661016949148,0.0005014150102118901
205.80443037974683,-25.159661016949148,0.0004366776510523626
206.31075949367087,-25.159661016949148,0.0003770268915341564
206.81708860759494,-25.159661016949148,0.0003227241135749161
207.32341772151898,-25.159661016949148,0.0002738660720334982
207.82974683544302,-25.159661016949148,0.00023040546524275628
208.33607594936709,-25.159661016949148,0.00019217418460736548
208.84240506329112,-25.159661016949148,0.00015890773771025732
209.3487341772152,-25.159661016949148,0.0001302695070872236
209.85506329113923,-25.159661016949148,0.00010587373200354957
210.36139240506327,-25.159661016949148,8.530635808930942e-05
210.86772151898734,-25.159661016949148,6.814316607170378e-05
211.37405063291138,-25.159661016949148,5.396484594594963e-05
211.88037974683544,-25.159661016949148,4.236891109050443e-05
212.38670886075948,-25.159661016949148,3.297853738319807e-05
212.89303797468352,-25.159661016949148,2.5448559579175783e-05
213.3993670886076,-25.159661016949148,1.9468959789439458e-05
213.90569620253163,-25.159661016949148,1.4766243224961651e-05
214.4120253164557,-25.159661016949148,1.1103119510506675e-05
214.91835443037974,-25.159661016949148,8.27690057558562e-06
215.42468354430378,-25.159661016949148,6.116995900674809e-06
215.93101265822784,-25.159661016949148,4.481840200107903e-06
216.43734177215188,-25.159661016949148,3.2555342832201997e-06
216.94367088607595,-25.159661016949148,2.3444226349785726e-06
217.45,-25.159661016949148,1.6737757273675e-06
177.45,-24.65118644067796,1.7265195415289034e-06
177.95632911392403,-24.65118644067796,2.418299791728589e-06
178.4626582278481,-24.65118644067796,3.3581222777900017e-06
178.96898734177213,-24.65118644067796,4.623071395393181e-06
179.4753164556962,-24.65118644067796,6.309753920603025e-06
179.98164556962024,-24.65118644067796,8.537721245077412e-06
180.48797468354428,-24.65118644067796,1.1452999642294138e-05
180.99430379746835,-24.65118644067796,1.523155525917568e-05
181.5006329113924,-24.65118644067796,2.0082463247674597e-05
182.00696202531645,-24.65118644067796,2.6250491448047186e-05
182.5132911392405,-24.65118644067796,3.401775298336093e-05
183.01962025316453,-24.65118644067796,4.370403498807298e-05
183.5259493670886,-24.65118644067796,5.566537951163739e-05
184.03227848101264,-24.65118644067796,7.02904851114585e-05
184.5386075949367,-24.65118644067796,8.799452151782635e-05
185.04493670886075,-24.65118644067796,0.00010921001198064784
185.55126582278479,-24.65118644067796,0.00013437454371809449
186.05759493670885,-24.65118644067796,0.00016391521873029878
186.5639240506329,-24.65118644067796,0.00019822995379664148
187.07025316455696,-24.65118644067796,0.00023766597382932113
187.576582278481,-24.65118644067796,0.00028249610589781214
188.08291139240504,-24.65118644067796,0.00033289375601474913
188.5892405063291,-24.65118644067796,0.00038890771641157597
189.09556962025314,-24.65118644067796,0.00045043818330226453
189.6018987341772,-24.65118644067796,0.0005172155381344384
190.10822784810125,-24.65118644067796,0.0005887835338137159
190.61455696202532,-24.65118644067796,0.0006644885094573736
191.12088607594936,-24.65118644067796,0.0007434761171214699
191.6272151898734,-24.65118644067796,0.0008246967746070564
192.13354430379746,-24.65118644067796,0.0009069206635922368
192.6398734177215,-24.65118644067796,0.000988762587575229
193.14620253164557,-24.65118644067796,0.0010687164169966273
193.6525316455696,-24.65118644067796,0.0011451982176493981
194.15886075949365,-24.65118644067796,0.0012165965293959322
194.66518987341772,-24.65118644067796,0.0012813276859936788
195.17151898734176,-24.65118644067796,0.0013378935940297392
195.67784810126582,-24.65118644067796,0.0013849390650306674
196.18417721518986,-24.65118644067796,0.0014213056553114074
196.69050632911393,-24.65118644067796,0.0014460790346453255
197.19683544303797,-24.65118644067796,0.0014586271821103254
197.703164556962,-24.65118644067796,0.0014586271821103254
198.20949367088608,-24.65118644067796,0.0014460790346453244
198.71582278481011,-24.65118644067796,0.0014213056553114074
199.22215189873418,-24.65118644067796,0.001384939065030665
199.72848101265822,-24.65118644067796,0.0013378935940297392
200.23481012658226,-24.65118644067796,0.0012813276859936788
200.74113924050633,-24.65118644067796,0.0012165965293959322
201.24746835443037,-24.65118644067796,0.0011451982176493981
201.75379746835443,-24.65118644067796,0.001068716416996623
202.26012658227847,-24.65118644067796,0.000988762587575229
202.7664556962025,-24.65118644067796,0.0009069206635922368
203.27278481012658,-24.65118644067796,0.0008246967746070564
203.77911392405062,-24.65118644067796,0.0007434761171214699
204.2854430379747,-24.65118644067796,0.0006644885094573693
204.79177215189873,-24.65118644067796,0.0005887835338137159
205.29810126582277,-24.65118644067796,0.0005172155381344384
205.80443037974683,-24.65118644067796,0.00045043818330226453
206.31075949367087,-24.65118644067796,0.00038890771641157597
206.81708860759494,-24.65118644067796,0.00033289375601474913
207.32341772151898,-24.65118644067796,0.00028249610589781214
207.82974683544302,-24.65118644067796,0.00023766597382932113
208.33607594936709,-24.65118644067796,0.00019822995379664148
208.84240506329112,-24.65118644067796,0.00016391521873029878
209.3487341772152,-24.65118644067796,0.00013437454371809449
209.85506329113923,-24.65118644067796,0.00010921001198064784
210.36139240506327,-24.65118644067796,8.799452151782635e-05
210.86772151898734,-24.65118644067796,7.02904851114585e-05
211.37405063291138,-24.65118644067796,5.566537951163739e-05
211.88037974683544,-24.65118644067796,4.370403498807298e-05
212.38670886075948,-24.65118644067796,3.401775298336093e-05
212.89303797468352,-24.65118644067796,2.6250491448047186e-05
213.3993670886076,-24.65118644067796,2.0082463247674597e-05
213.90569620253163,-24.65118644067796,1.523155525917568e-05
214.4120253164557,-24.65118644067796,1.1452999642294138e-05
214.91835443037974,-24.65118644067796,8.537721245077412e-06
215.42468354430378,-24.65118644067796,6.309753920603025e-06
215.93101265822784,-24.65118644067796,4.623071395393181e-06
216.43734177215188,-24.65118644067796,3.3581222777900017e-06
216.94367088607595,-24.65118644067796,2.418299791728589e-06
217.45,-24.65118644067796,1.7265195415289034e-06
177.45,-24.142711864406778,1.762602249533565e-06
177.95632911392403,-24.142711864406778,2.4688400857442603e-06
178.4626582278481,-24.142711864406778,3.4283040178044496e-06
178.96898734177213,-24.142711864406778,4.7196894360421485e-06
179.4753164556962,-24.142711864406778,6.441622111389191e-06
179.98164556962024,-24.142711864406778,8.716151952232061e-06
180.48797468354428,-24.142711864406778,1.1692357050032738e-05
180.99430379746835,-24.142711864406778,1.5549881086166906e-05
181.5006329113924,-24.142711864406778,2.0502168695513607e-05
182.00696202531645,-24.142711864406778,2.6799103146389147e-05
182.5132911392405,-24.142711864406778,3.472869347279574e-05
183.01962025316453,-24.142711864406778,4.461741007313207e-05
183.5259493670886,-24.142711864406778,5.68287359559603e-05
184.03227848101264,-24.142711864406778,7.175949312948347e-05
184.5386075949367,-24.142711864406778,8.983352799853258e-05
185.04493670886075,-24.142711864406778,0.00011149240316053207
185.55126582278479,-24.142711864406778,0.00013718285101356007
186.05759493670885,-24.142711864406778,0.0001673408996060147
186.5639240506329,-24.142711864406778,0.00020237278182063686
187.07025316455696,-24.142711864406778,0.0002426329792584822
187.576582278481,-24.142711864406778,0.0002884000208297786
188.08291139240504,-24.142711864406778,0.0003398509365771064
188.5892405063291,-24.142711864406778,0.0003970355384457313
189.09556962025314,-24.142711864406778,0.0004598519368401208
189.6018987341772,-24.142711864406778,0.0005280248784222709
190.10822784810125,-24.142711864406778,0.0006010885809432374
190.61455696202532,-24.142711864406778,0.0006783757225948343
191.12088607594936,-24.142711864406778,0.000759014100328296
191.6272151898734,-24.142711864406778,0.0008419321966192398
192.13354430379746,-24.142711864406778,0.000925874491047218
192.6398734177215,-24.142711864406778,0.0010094268377474661
193.14620253164557,-24.142711864406778,0.0010910516304052913
193.6525316455696,-24.142711864406778,0.0011691318320111036
194.15886075949365,-24.142711864406778,0.0012420223043575081
194.66518987341772,-24.142711864406778,0.0013081062839996162
195.17151898734176,-24.142711864406778,0.001365854368717486
195.67784810126582,-24.142711864406778,0.0014138830478155348
196.18417721518986,-24.142711864406778,0.0014510096671759708
196.69050632911393,-24.142711864406778,0.0014763007878914908
197.19683544303797,-24.142711864406778,0.0014891111803702819
197.703164556962,-24.142711864406778,0.0014891111803702819
198.20949367088608,-24.142711864406778,0.00147630078789149
198.71582278481011,-24.142711864406778,0.0014510096671759708
199.22215189873418,-24.142711864406778,0.0014138830478155325
199.72848101265822,-24.142711864406778,0.001365854368717486
200.23481012658226,-24.142711864406778,0.0013081062839996162
200.74113924050633,-24.142711864406778,0.0012420223043575081
201.24746835443037,-24.142711864406778,0.0011691318320111036
201.75379746835443,-24.142711864406778,0.001091051630405287
202.26012658227847,-24.142711864406778,0.0010094268377474661
202.7664556962025,-24.142711864406778,0.000925874491047218
203.27278481012658,-24.142711864406778,0.0008419321966192398
203.77911392405062,-24.142711864406778,0.000759014100328296
204.2854430379747,-24.142711864406778,0.0006783757225948298
204.79177215189873,-24.142711864406778,0.0006010885809432374
205.29810126582277,-24.142711864406778,0.0005280248784222709
205.80443037974683,-24.142711864406778,0.0004598519368401208
206.31075949367087,-24.142711864406778,0.0003970355384457313
206.81708860759494,-24.142711864406778,0.0003398509365771064
207.32341772151898,-24.142711864406778,0.0002884000208297786
207.82974683544302,-24.142711864406778,0.0002426329792584822
208.33607594936709,-24.142711864406778,0.00020237278182063686
208.84240506329112,-24.142711864406778,0.0001673408996060147
209.3487341772152,-24.142711864406778,0.00013718285101356007
209.85506329113923,-24.142711864406778,0.00011149240316053207
210.36139240506327,-24.142711864406778,8.983352799853258e-05
210.86772151898734,-24.142711864406778,7.175949312948347e-05
211.37405063291138,-24.142711864406778,5.68287359559603e-05
211.88037974683544,-24.142711864406778,4.461741007313207e-05
212.38670886075948,-24.142711864406778,3.472869347279574e-05
212.89303797468352,-24.142711864406778,2.6799103146389147e-05
213.3993670886076,-24.142711864406778,2.0502168695513607e-05
213.90569620253163,-24.142711864406778,1.5549881086166906e-05
214.4120253164557,-24.142711864406778,1.1692357050032738e-05
214.91835443037974,-24.142711864406778,8.716151952232061e-06
215.42468354430378,-24.142711864406778,6.441622111389191e-06
215.93101265822784,-24.142711864406778,4.7196894360421485e-06
216.43734177215188,-24.142711864406778,3.4283040178044496e-06
216.94367088607595,-24.142711864406778,2.4688400857442603e-06
217.45,-24.142711864406778,1.762602249533565e-06
177.45,-23.634237288135587,1.7809254122530865e-06
177.95632911392403,-23.634237288135587,2.494504956324983e-06
178.4626582278481,-23.634237288135587,3.463943012584377e-06
178.96898734177213,-23.634237288135587,4.768753050675049e-06
179.4753164556962,-23.634237288135587,6.508586107467085e-06
179.98164556962024,-23.634237288135587,8.806760863318537e-06
180.48797468354428,-23.634237288135587,1.1813905153616055e-05
180.99430379746835,-23.634237288135587,1.571153014878807e-05
181.5006329113924,-23.634237288135587,2.071529935117366e-05
182.00696202531645,-23.634237288135587,2.707769369500468e-05
182.5132911392405,-23.634237288135587,3.508971621726734e-05
183.01962025316453,-23.634237288135587,4.508123114513511e-05
183.5259493670886,-23.634237288135587,5.741950008118554e-05
184.03227848101264,-23.634237288135587,7.250547020379494e-05
184.5386075949367,-23.634237288135587,9.076739402055844e-05
185.04493670886075,-23.634237288135587,0.00011265142440065674
185.55126582278479,-23.634237288135587,0.0001386089377566778
186.05759493670885,-23.634237288135587,0.00016908049487427426
186.5639240506329,-23.634237288135587,0.0002044765516372719
187.07025316455696,-23.634237288135587,0.00024515527466645185
187.576582278481,-23.634237288135587,0.00029139808832423226
188.08291139240504,-23.634237288135587,0.00034338386297211814
188.5892405063291,-23.634237288135587,0.00040116292837632915
189.09556962025314,-23.634237288135587,0.00046463233574624854
189.6018987341772,-23.634237288135587,0.0005335139703429507
190.10822784810125,-23.634237288135587,0.0006073372078699213
190.61455696202532,-23.634237288135587,0.0006854277893633677
191.12088607594936,-23.634237288135587,0.0007669044447723741
191.6272151898734,-23.634237288135587,0.000850684517593266
192.13354430379746,-23.634237288135587,0.0009354994356209592
192.6398734177215,-23.634237288135587,0.001019920352212453
193.14620253164557,-23.634237288135587,0.0011023936768395368
193.6525316455696,-23.634237288135587,0.0011812855625559161
194.15886075949365,-23.634237288135587,0.001254933769090995
194.66518987341772,-23.634237288135587,0.001321704725907027
195.17151898734176,-23.634237288135587,0.0013800531318563635
195.67784810126582,-23.634237288135587,0.0014285810939336269
196.18417721518986,-23.634237288135587,0.00146609366371932
196.69050632911393,-23.634237288135587,0.0014916476987255442
197.19683544303797,-23.634237288135587,0.0015045912618649037
197.703164556962,-23.634237288135587,0.0015045912618649037
198.20949367088608,-23.634237288135587,0.0014916476987255432
198.71582278481011,-23.634237288135587,0.00146609366371932
199.22215189873418,-23.634237288135587,0.0014285810939336243
199.72848101265822,-23.634237288135587,0.0013800531318563635
200.23481012658226,-23.634237288135587,0.001321704725907027
200.74113924050633,-23.634237288135587,0.001254933769090995
201.24746835443037,-23.634237288135587,0.0011812855625559161
201.75379746835443,-23.634237288135587,0.0011023936768395322
202.26012658227847,-23.634237288135587,0.001019920352212453
202.7664556962025,-23.634237288135587,0.0009354994356209592
203.27278481012658,-23.634237288135587,0.000850684517593266
203.77911392405062,-23.634237288135587,0.0007669044447723741
204.2854430379747,-23.634237288135587,0.0006854277893633634
204.79177215189873,-23.634237288135587,0.0006073372078699213
205.29810126582277,-23.634237288135587,0.0005335139703429507
205.80443037974683,-23.634237288135587,0.00046463233574624854
206.31075949367087,-23.634237288135587,0.00040116292837632915
206.81708860759494,-23.634237288135587,0.00034338386297211814
207.32341772151898,-23.634237288135587,0.00029139808832423226
207.82974683544302,-23.634237288135587,0.00024515527466645185
208.33607594936709,-23.634237288135587,0.0002044765516372719
208.84240506329112,-23.634237288135587,0.00016908049487427426
209.3487341772152,-23.634237288135587,0.0001386089377566778
209.85506329113923,-23.634237288135587,0.00011265142440065674
210.36139240506327,-23.634237288135587,9.076739402055844e-05
210.86772151898734,-23.634237288135587,7.250547020379494e-05
211.37405063291138,-23.634237288135587,5.741950008118554e-05
211.88037974683544,-23.634237288135587,4.508123114513511e-05
212.38670886075948,-23.634237288135587,3.508971621726734e-05
212.89303797468352,-23.634237288135587,2.707769369500468e-05
213.3993670886076,-23.634237288135587,2.071529935117366e-05
213.90569620253163,-23.634237288135587,1.571153014878807e-05
214.4120253164557,-23.634237288135587,1.1813905153616055e-05
214.91835443037974,-23.634237288135587,8.806760863318537e-06
215.42468354430378,-23.634237288135587,6.508586107467085e-06
215.93101265822784,-23.634237288135587,4.768753050675049e-06
216.43734177215188,-23.634237288135587,3.463943012584377e-06
216.94367088607595,-23.634237288135587,2.494504956324983e-06
217.45,-23.634237288135587,1.7809254122530865e-06
177.45,-23.125762711864404,1.7809254122530865e-06
177.95632911392403,-23.125762711864404,2.494504956324983e-06
178.4626582278481,-23.125762711864404,3.463943012584377e-06
178.96898734177213,-23.125762711864404,4.768753050675049e-06
179.4753164556962,-23.125762711864404,6.508586107467085e-06
179.98164556962024,-23.125762711864404,8.806760863318537e-06
180.48797468354428,-23.125762711864404,1.1813905153616055e-05
180.99430379746835,-23.125762711864404,1.571153014878807e-05
181.5006329113924,-23.125762711864404,2.071529935117366e-05
182.00696202531645,-23.125762711864404,2.707769369500468e-05
182.5132911392405,-23.125762711864404,3.508971621726734e-05
183.01962025316453,-23.125762711864404,4.508123114513511e-05
183.5259493670886,-23.125762711864404,5.741950008118554e-05
184.03227848101264,-23.125762711864404,7.250547020379494e-05
184.5386075949367,-23.125762711864404,9.076739402055844e-05
185.04493670886075,-23.125762711864404,0.00011265142440065674
185.55126582278479,-23.125762711864404,0.00013860893775667776
186.05759493670885,-23.125762711864404,0.00016908049487427416
186.5639240506329,-23.125762711864404,0.00020447655163727182
187.07025316455696,-23.125762711864404,0.00024515527466645174
187.576582278481,-23.125762711864404,0.00029139808832423216
188.08291139240504,-23.125762711864404,0.00034338386297211803
188.5892405063291,-23.125762711864404,0.000401162928376329
189.09556962025314,-23.125762711864404,0.00046463233574624854
189.6018987341772,-23.125762711864404,0.0005335139703429507
190.10822784810125,-23.125762711864404,0.0006073372078699213
190.61455696202532,-23.125762711864404,0.0006854277893633677
191.12088607594936,-23.125762711864404,0.0007669044447723741
191.6272151898734,-23.125762711864404,0.0008506845175932659
192.13354430379746,-23.125762711864404,0.0009354994356209592
192.6398734177215,-23.125762711864404,0.001019920352212453
193.14620253164557,-23.125762711864404,0.0011023936768395368
193.6525316455696,-23.125762711864404,0.0011812855625559161
194.15886075949365,-23.125762711864404,0.001254933769090995
194.66518987341772,-23.125762711864404,0.0013217047259070267
195.17151898734176,-23.125762711864404,0.0013800531318563633
195.67784810126582,-23.125762711864404,0.0014285810939336267
196.18417721518986,-23.125762711864404,0.0014660936637193199
196.69050632911393,-23.125762711864404,0.001491647698725544
197.19683544303797,-23.125762711864404,0.0015045912618649037
197.703164556962,-23.125762711864404,0.0015045912618649037
198.20949367088608,-23.125762711864404,0.0014916476987255432
198.71582278481011,-23.125762711864404,0.0014660936637193199
199.22215189873418,-23.125762711864404,0.0014285810939336243
199.72848101265822,-23.125762711864404,0.0013800531318563633
200.23481012658226,-23.125762711864404,0.0013217047259070267
200.74113924050633,-23.125762711864404,0.001254933769090995
201.24746835443037,-23.125762711864404,0.0011812855625559161
201.75379746835443,-23.125762711864404,0.0011023936768395322
202.26012658227847,-23.125762711864404,0.001019920352212453
202.7664556962025,-23.125762711864404,0.0009354994356209592
203.27278481012658,-23.125762711864404,0.0008506845175932659
203.77911392405062,-23.125762711864404,0.0007669044447723741
204.2854430379747,-23.125762711864404,0.0006854277893633634
204.79177215189873,-23.125762711864404,0.0006073372078699213
205.29810126582277,-23.125762711864404,0.0005335139703429507
205.80443037974683,-23.125762711864404,0.00046463233574624854
206.31075949367087,-23.125762711864404,0.000401162928376329
206.81708860759494,-23.125762711864404,0.00034338386297211803
207.32341772151898,-23.125762711864404,0.00029139808832423216
207.82974683544302,-23.125762711864404,0.00024515527466645174
208.33607594936709,-23.125762711864404,0.00020447655163727182
208.84240506329112,-23.125762711864404,0.00016908049487427416
209.3487341772152,-23.125762711864404,0.00013860893775667776
209.85506329113923,-23.125762711864404,0.00011265142440065674
210.36139240506327,-23.125762711864404,9.076739402055844e-05
210.86772151898734,-23.125762711864404,7.250547020379494e-05
211.37405063291138,-23.125762711864404,5.741950008118554e-05
211.88037974683544,-23.125762711864404,4.508123114513511e-05
212.38670886075948,-23.125762711864404,3.508971621726734e-05
212.89303797468352,-23.125762711864404,2.707769369500468e-05
213.3993670886076,-23.125762711864404,2.071529935117366e-05
213.90569620253163,-23.125762711864404,1.571153014878807e-05
214.4120253164557,-23.125762711864404,1.1813905153616055e-05
214.91835443037974,-23.125762711864404,8.806760863318537e-06
215.42468354430378,-23.125762711864404,6.508586107467085e-06
215.93101265822784,-23.125762711864404,4.768753050675049e-06
216.43734177215188,-23.125762711864404,3.463943012584377e-06
216.94367088607595,-23.125762711864404,2.494504956324983e-06
217.45,-23.125762711864404,1.7809254122530865e-06
177.45,-22.617288135593217,1.762602249533565e-06
177.95632911392403,-22.617288135593217,2.4688400857442603e-06
178.4626582278481,-22.617288135593217,3.4283040178044496e-06
178.96898734177213,-22.617288135593217,4.7196894360421485e-06
179.4753164556962,-22.617288135593217,6.441622111389191e-06
179.98164556962024,-22.617288135593217,8.716151952232061e-06
180.48797468354428,-22.617288135593217,1.1692357050032738e-05
180.99430379746835,-22.617288135593217,1.5549881086166893e-05
181.5006329113924,-22.617288135593217,2.050216869551359e-05
182.00696202531645,-22.617288135593217,2.6799103146389147e-05
182.5132911392405,-22.617288135593217,3.4728693472795725e-05
183.01962025316453,-22.617288135593217,4.461741007313205e-05
183.5259493670886,-22.617288135593217,5.682873595596027e-05
184.03227848101264,-22.617288135593217,7.175949312948344e-05
184.5386075949367,-22.617288135593217,8.983352799853252e-05
185.04493670886075,-22.617288135593217,0.000111492403160532
185.55126582278479,-22.617288135593217,0.00013718285101356007
186.05759493670885,-22.617288135593217,0.0001673408996060147
186.5639240506329,-22.617288135593217,0.00020237278182063686
187.07025316455696,-22.617288135593217,0.0002426329792584822
187.576582278481,-22.617288135593217,0.0002884000208297786
188.08291139240504,-22.617288135593217,0.0003398509365771064
188.5892405063291,-22.617288135593217,0.0003970355384457313
189.09556962025314,-22.617288135593217,0.0004598519368401208
189.6018987341772,-22.617288135593217,0.0005280248784222709
190.10822784810125,-22.617288135593217,0.0006010885809432371
190.61455696202532,-22.617288135593217,0.0006783757225948342
191.12088607594936,-22.617288135593217,0.0007590141003282958
191.6272151898734,-22.617288135593217,0.0008419321966192396
192.13354430379746,-22.617288135593217,0.000925874491047218
192.6398734177215,-22.617288135593217,0.0010094268377474661
193.14620253164557,-22.617288135593217,0.0010910516304052913
193.6525316455696,-22.617288135593217,0.0011691318320111034
194.15886075949365,-22.617288135593217,0.001242022304357508
194.66518987341772,-22.617288135593217,0.0013081062839996162
195.17151898734176,-22.617288135593217,0.001365854368717486
195.67784810126582,-22.617288135593217,0.0014138830478155346
196.18417721518986,-22.617288135593217,0.0014510096671759706
196.69050632911393,-22.617288135593217,0.0014763007878914908
197.19683544303797,-22.617288135593217,0.0014891111803702819
197.703164556962,-22.617288135593217,0.0014891111803702819
198.20949367088608,-22.617288135593217,0.0014763007878914897
198.71582278481011,-22.617288135593217,0.0014510096671759706
199.22215189873418,-22.617288135593217,0.0014138830478155322
199.72848101265822,-22.617288135593217,0.001365854368717486
200.23481012658226,-22.617288135593217,0.0013081062839996162
200.74113924050633,-22.617288135593217,0.001242022304357508
201.24746835443037,-22.617288135593217,0.0011691318320111034
201.75379746835443,-22.617288135593217,0.0010910516304052868
202.26012658227847,-22.617288135593217,0.0010094268377474661
202.7664556962025,-22.617288135593217,0.000925874491047218
203.27278481012658,-22.617288135593217,0.0008419321966192396
203.77911392405062,-22.617288135593217,0.0007590141003282958
204.2854430379747,-22.617288135593217,0.0006783757225948298
204.79177215189873,-22.617288135593217,0.0006010885809432371
205.29810126582277,-22.617288135593217,0.0005280248784222709
205.80443037974683,-22.617288135593217,0.0004598519368401208
206.31075949367087,-22.617288135593217,0.0003970355384457313
206.81708860759494,-22.617288135593217,0.0003398509365771064
207.32341772151898,-22.617288135593217,0.0002884000208297786
207.82974683544302,-22.617288135593217,0.0002426329792584822
208.33607594936709,-22.617288135593217,0.00020237278182063686
208.84240506329112,-22.617288135593217,0.0001673408996060147
209.3487341772152,-22.617288135593217,0.00013718285101356007
209.85506329113923,-22.617288135593217,0.000111492403160532
210.36139240506327,-22.617288135593217,8.983352799853252e-05
210.86772151898734,-22.617288135593217,7.175949312948344e-05
211.37405063291138,-22.617288135593217,5.682873595596027e-05
211.88037974683544,-22.617288135593217,4.461741007313205e-05
212.38670886075948,-22.617288135593217,3.4728693472795725e-05
212.89303797468352,-22.617288135593217,2.6799103146389147e-05
213.3993670886076,-22.617288135593217,2.050216869551359e-05
213.90569620253163,-22.617288135593217,1.5549881086166893e-05
214.4120253164557,-22.617288135593217,1.1692357050032738e-05
214.91835443037974,-22.617288135593217,8.716151952232061e-06
215.42468354430378,-22.617288135593217,6.441622111389191e-06
215.93101265822784,-22.617288135593217,4.7196894360421485e-06
216.43734177215188,-22.617288135593217,3.4283040178044496e-06
216.94367088607595,-22.617288135593217,2.4688400857442603e-06
217.45,-22.617288135593217,1.762602249533565e-06
177.45,-22.10881355932203,1.7265195415289017e-06
177.95632911392403,-22.10881355932203,2.418299791728587e-06
178.4626582278481,-22.10881355932203,3.3581222777899987e-06
178.96898734177213,-22.10881355932203,4.623071395393177e-06
179.4753164556962,-22.10881355932203,6.309753920603013e-06
179.98164556962024,-22.10881355932203,8.537721245077405e-06
180.48797468354428,-22.10881355932203,1.1452999642294138e-05
180.99430379746835,-22.10881355932203,1.523155525917568e-05
181.5006329113924,-22.10881355932203,2.0082463247674597e-05
182.00696202531645,-22.10881355932203,2.6250491448047186e-05
182.5132911392405,-22.10881355932203,3.401775298336093e-05
183.01962025316453,-22.10881355932203,4.370403498807298e-05
183.5259493670886,-22.10881355932203,5.566537951163739e-05
184.03227848101264,-22.10881355932203,7.02904851114585e-05
184.5386075949367,-22.10881355932203,8.799452151782635e-05
185.04493670886075,-22.10881355932203,0.00010921001198064784
185.55126582278479,-22.10881355932203,0.00013437454371809435
186.05759493670885,-22.10881355932203,0.00016391521873029865
186.5639240506329,-22.10881355932203,0.0001982299537966414
187.07025316455696,-22.10881355932203,0.000237665973829321
187.576582278481,-22.10881355932203,0.0002824961058978119
188.08291139240504,-22.10881355932203,0.0003328937560147489
188.5892405063291,-22.10881355932203,0.0003889077164115757
189.09556962025314,-22.10881355932203,0.0004504381833022645
189.6018987341772,-22.10881355932203,0.0005172155381344383
190.10822784810125,-22.10881355932203,0.0005887835338137157
190.61455696202532,-22.10881355932203,0.0006644885094573734
191.12088607594936,-22.10881355932203,0.0007434761171214697
191.6272151898734,-22.10881355932203,0.0008246967746070561
192.13354430379746,-22.10881355932203,0.0009069206635922367
192.6398734177215,-22.10881355932203,0.0009887625875752285
193.14620253164557,-22.10881355932203,0.001068716416996627
193.6525316455696,-22.10881355932203,0.0011451982176493977
194.15886075949365,-22.10881355932203,0.0012165965293959315
194.66518987341772,-22.10881355932203,0.0012813276859936784
195.17151898734176,-22.10881355932203,0.001337893594029739
195.67784810126582,-22.10881355932203,0.001384939065030667
196.18417721518986,-22.10881355932203,0.001421305655311407
196.69050632911393,-22.10881355932203,0.0014460790346453249
197.19683544303797,-22.10881355932203,0.001458627182110325
197.703164556962,-22.10881355932203,0.001458627182110325
198.20949367088608,-22.10881355932203,0.001446079034645324
198.71582278481011,-22.10881355932203,0.001421305655311407
199.22215189873418,-22.10881355932203,0.0013849390650306646
199.72848101265822,-22.10881355932203,0.001337893594029739
200.23481012658226,-22.10881355932203,0.0012813276859936784
200.74113924050633,-22.10881355932203,0.0012165965293959315
201.24746835443037,-22.10881355932203,0.0011451982176493977
201.75379746835443,-22.10881355932203,0.0010687164169966227
202.26012658227847,-22.10881355932203,0.0009887625875752285
202.7664556962025,-22.10881355932203,0.0009069206635922367
203.27278481012658,-22.10881355932203,0.0008246967746070561
203.77911392405062,-22.10881355932203,0.0007434761171214697
204.2854430379747,-22.10881355932203,0.0006644885094573691
204.79177215189873,-22.10881355932203,0.0005887835338137157
205.29810126582277,-22.10881355932203,0.0005172155381344383
205.80443037974683,-22.10881355932203,0.0004504381833022645
206.31075949367087,-22.10881355932203,0.0003889077164115757
206.81708860759494,-22.10881355932203,0.0003328937560147489
207.32341772151898,-22.10881355932203,0.0002824961058978119
207.82974683544302,-22.10881355932203,0.000237665973829321
208.33607594936709,-22.10881355932203,0.0001982299537966414
208.84240506329112,-22.10881355932203,0.00016391521873029865
209.3487341772152,-22.10881355932203,0.00013437454371809435
209.85506329113923,-22.10881355932203,0.00010921001198064784
210.36139240506327,-22.10881355932203,8.799452151782635e-05
210.86772151898734,-22.10881355932203,7.02904851114585e-05
211.37405063291138,-22.10881355932203,5.566537951163739e-05
211.88037974683544,-22.10881355932203,4.370403498807298e-05
212.38670886075948,-22.10881355932203,3.401775298336093e-05
212.89303797468352,-22.10881355932203,2.6250491448047186e-05
213.3993670886076,-22.10881355932203,2.0082463247674597e-05
213.90569620253163,-22.10881355932203,1.523155525917568e-05
214.4120253164557,-22.10881355932203,1.1452999642294138e-05
214.91835443037974,-22.10881355932203,8.537721245077405e-06
215.42468354430378,-22.10881355932203,6.309753920603013e-06
215.93101265822784,-22.10881355932203,4.623071395393177e-06
216.43734177215188,-22.10881355932203,3.3581222777899987e-06
216.94367088607595,-22.10881355932203,2.418299791728587e-06
217.45,-22.10881355932203,1.7265195415289017e-06
177.45,-21.600338983050843,1.6737757273675e-06
177.95632911392403,-21.600338983050843,2.3444226349785726e-06
178.4626582278481,-21.600338983050843,3.2555342832201997e-06
178.96898734177213,-21.600338983050843,4.481840200107903e-06
179.4753164556962,-21.600338983050843,6.116995900674809e-06
179.98164556962024,-21.600338983050843,8.27690057558562e-06
180.48797468354428,-21.600338983050843,1.1103119510506665e-05
180.99430379746835,-21.600338983050843,1.476624322496164e-05
181.5006329113924,-21.600338983050843,1.9468959789439437e-05
182.00696202531645,-21.600338983050843,2.5448559579175762e-05
182.5132911392405,-21.600338983050843,3.297853738319804e-05
183.01962025316453,-21.600338983050843,4.23689110905044e-05
183.5259493670886,-21.600338983050843,5.3964845945949596e-05
184.03227848101264,-21.600338983050843,6.814316607170374e-05
184.5386075949367,-21.600338983050843,8.530635808930938e-05
185.04493670886075,-21.600338983050843,0.00010587373200354948
185.55126582278479,-21.600338983050843,0.0001302695070872236
186.05759493670885,-21.600338983050843,0.00015890773771025726
186.5639240506329,-21.600338983050843,0.00019217418460736548
187.07025316455696,-21.600338983050843,0.00023040546524275625
187.576582278481,-21.600338983050843,0.0002738660720334981
188.08291139240504,-21.600338983050843,0.000322724113574916
188.5892405063291,-21.600338983050843,0.0003770268915341562
189.09556962025314,-21.600338983050843,0.0004366776510523624
189.6018987341772,-21.600338983050843,0.0005014150102118899
190.10822784810125,-21.600338983050843,0.0005707966599082722
190.61455696202532,-21.600338983050843,0.000644188908084677
191.12088607594936,-21.600338983050843,0.000720763506454943
191.6272151898734,-21.600338983050843,0.0007995029367308487
192.13354430379746,-21.600338983050843,0.0008792149505730338
192.6398734177215,-21.600338983050843,0.0009585566681434486
193.14620253164557,-21.600338983050843,0.0010360679709562224
193.6525316455696,-21.600338983050843,0.0011102133127486508
194.15886075949365,-21.600338983050843,0.0011794304622229858
194.66518987341772,-21.600338983050843,0.0012421841328949025
195.17151898734176,-21.600338983050843,0.0012970219969270804
195.67784810126582,-21.600338983050843,0.0013426302657881407
196.18417721518986,-21.600338983050843,0.0013778858853365412
196.69050632911393,-21.600338983050843,0.00140190245741499
197.19683544303797,-21.600338983050843,0.001414067268843505
197.703164556962,-21.600338983050843,0.001414067268843505
198.20949367088608,-21.600338983050843,0.0014019024574149891
198.71582278481011,-21.600338983050843,0.0013778858853365412
199.22215189873418,-21.600338983050843,0.0013426302657881385
199.72848101265822,-21.600338983050843,0.0012970219969270804
200.23481012658226,-21.600338983050843,0.0012421841328949025
200.74113924050633,-21.600338983050843,0.0011794304622229858
201.24746835443037,-21.600338983050843,0.0011102133127486508
201.75379746835443,-21.600338983050843,0.001036067970956218
202.26012658227847,-21.600338983050843,0.0009585566681434486
202.7664556962025,-21.600338983050843,0.0008792149505730338
203.27278481012658,-21.600338983050843,0.0007995029367308487
203.77911392405062,-21.600338983050843,0.000720763506454943
204.2854430379747,-21.600338983050843,0.0006441889080846727
204.79177215189873,-21.600338983050843,0.0005707966599082722
205.29810126582277,-21.600338983050843,0.0005014150102118899
205.80443037974683,-21.600338983050843,0.0004366776510523624
206.31075949367087,-21.600338983050843,0.0003770268915341562
206.81708860759494,-21.600338983050843,0.000322724113574916
207.32341772151898,-21.600338983050843,0.0002738660720334981
207.82974683544302,-21.600338983050843,0.00023040546524275625
208.33607594936709,-21.600338983050843,0.00019217418460736548
208.84240506329112,-21.600338983050843,0.00015890773771025726
209.3487341772152,-21.600338983050843,0.0001302695070872236
209.85506329113923,-21.600338983050843,0.00010587373200354948
210.36139240506327,-21.600338983050843,8.530635808930938e-05
210.86772151898734,-21.600338983050843,6.814316607170374e-05
211.37405063291138,-21.600338983050843,5.3964845945949596e-05
211.88037974683544,-21.600338983050843,4.23689110905044e-05
212.38670886075948,-21.600338983050843,3.297853738319804e-05
212.89303797468352,-21.600338983050843,2.5448559579175762e-05
213.3993670886076,-21.600338983050843,1.9468959789439437e-05
213.90569620253163,-21.600338983050843,1.476624322496164e-05
214.4120253164557,-21.600338983050843,1.1103119510506665e-05
214.91835443037974,-21.600338983050843,8.27690057558562e-06
215.42468354430378,-21.600338983050843,6.116995900674809e-06
215.93101265822784,-21.600338983050843,4.481840200107903e-06
216.43734177215188,-21.600338983050843,3.2555342832201997e-06
216.94367088607595,-21.600338983050843,2.3444226349785726e-06
217.45,-21.600338983050843,1.6737757273675e-06
177.45,-21.091864406779656,1.605948529038141e-06
177.95632911392403,-21.091864406779656,2.249418497667639e-06
178.4626582278481,-21.091864406779656,3.1236087415329013e-06
178.96898734177213,-21.091864406779656,4.300220488958593e-06
179.4753164556962,-21.091864406779656,5.869114008644092e-06
179.98164556962024,-21.091864406779656,7.941491854026731e-06
180.48797468354428,-21.091864406779656,1.065318259434756e-05
180.99430379746835,-21.091864406779656,1.4167863829548704e-05
181.5006329113924,-21.091864406779656,1.8680010006435053e-05
182.00696202531645,-21.091864406779656,2.441729567114429e-05
182.5132911392405,-21.091864406779656,3.1642132655176076e-05
183.01962025316453,-21.091864406779656,4.065197584730164e-05
183.5259493670886,-21.091864406779656,5.1778003199373246e-05
184.03227848101264,-21.091864406779656,6.538176861303393e-05
184.5386075949367,-21.091864406779656,8.184944855580865e-05
185.04493670886075,-21.091864406779656,0.0001015833611366183
185.55126582278479,-21.091864406779656,0.0001249905347918314
186.05759493670885,-21.091864406779656,0.00015246824497206632
186.5639240506329,-21.091864406779656,0.00018438662004897186
187.07025316455696,-21.091864406779656,0.00022106863657947535
187.576582278481,-21.091864406779656,0.000262768068830456
188.08291139240504,-21.091864406779656,0.0003096462130538349
188.5892405063291,-21.091864406779656,0.0003617484540891292
189.09556962025314,-21.091864406779656,0.00041898195791997904
189.6018987341772,-21.091864406779656,0.0004810959347307027
190.10822784810125,-21.091864406779656,0.0005476659993159925
190.61455696202532,-21.091864406779656,0.000618084139019258
191.12088607594936,-21.091864406779656,0.0006915556690478534
191.6272151898734,-21.091864406779656,0.0007671043044840797
192.13354430379746,-21.091864406779656,0.0008435861110268617
192.6398734177215,-21.091864406779656,0.0009197126269872587
193.14620253164557,-21.091864406779656,0.0009940829029451877
193.6525316455696,-21.091864406779656,0.001065223618298886
194.15886075949365,-21.091864406779656,0.0011316358487817306
194.66518987341772,-21.091864406779656,0.0011918465230432178
195.17151898734176,-21.091864406779656,0.0012444621666077116
195.67784810126582,-21.091864406779656,0.001288222230212287
196.18417721518986,-21.091864406779656,0.0013220491697647748
196.69050632911393,-21.091864406779656,0.0013450925070358829
197.19683544303797,-21.091864406779656,0.0013567643581090109
197.703164556962,-21.091864406779656,0.0013567643581090109
198.20949367088608,-21.091864406779656,0.001345092507035882
198.71582278481011,-21.091864406779656,0.0013220491697647748
199.22215189873418,-21.091864406779656,0.0012882222302122849
199.72848101265822,-21.091864406779656,0.0012444621666077116
200.23481012658226,-21.091864406779656,0.0011918465230432178
200.74113924050633,-21.091864406779656,0.0011316358487817306
201.24746835443037,-21.091864406779656,0.001065223618298886
201.75379746835443,-21.091864406779656,0.0009940829029451835
202.26012658227847,-21.091864406779656,0.0009197126269872587
202.7664556962025,-21.091864406779656,0.0008435861110268617
203.27278481012658,-21.091864406779656,0.0007671043044840797
203.77911392405062,-21.091864406779656,0.0006915556690478534
204.2854430379747,-21.091864406779656,0.000618084139019254
204.79177215189873,-21.091864406779656,0.0005476659993159925
205.29810126582277,-21.091864406779656,0.0004810959347307027
205.80443037974683,-21.091864406779656,0.00041898195791997904
206.31075949367087,-21.091864406779656,0.0003617484540891292
206.81708860759494,-21.091864406779656,0.0003096462130538349
207.32341772151898,-21.091864406779656,0.000262768068830456
207.82974683544302,-21.091864406779656,0.00022106863657947535
208.33607594936709,-21.091864406779656,0.00018438662004897186
208.84240506329112,-21.091864406779656,0.00015246824497206632
209.3487341772152,-21.091864406779656,0.0001249905347918314
209.85506329113923,-21.091864406779656,0.0001015833611366183
210.36139240506327,-21.091864406779656,8.184944855580865e-05
210.86772151898734,-21.091864406779656,6.538176861303393e-05
211.37405063291138,-21.091864406779656,5.1778003199373246e-05
211.88037974683544,-21.091864406779656,4.065197584730164e-05
212.38670886075948,-21.091864406779656,3.1642132655176076e-05
212.89303797468352,-21.091864406779656,2.441729567114429e-05
213.3993670886076,-21.091864406779656,1.8680010006435053e-05
213.90569620253163,-21.091864406779656,1.4167863829548704e-05
214.4120253164557,-21.091864406779656,1.065318259434756e-05
214.91835443037974,-21.091864406779656,7.941491854026731e-06
215.42468354430378,-21.091864406779656,5.869114008644092e-06
215.93101265822784,-21.091864406779656,4.300220488958593e-06
216.43734177215188,-21.091864406779656,3.1236087415329013e-06
216.94367088607595,-21.091864406779656,2.249418497667639e-06
217.45,-21.091864406779656,1.605948529038141e-06
177.45,-20.58338983050847,1.5250165872742442e-06
177.95632911392403,-20.58338983050847,2.1360588204649693e-06
178.4626582278481,-20.58338983050847,2.966194156823673e-06
178.96898734177213,-20.58338983050847,4.083510433878087e-06
179.4753164556962,-20.58338983050847,5.573339402818002e-06
179.98164556962024,-20.58338983050847,7.541279552930447e-06
180.48797468354428,-20.58338983050847,1.0116314358699747e-05
180.99430379746835,-20.58338983050847,1.3453872870536694e-05
181.5006329113924,-20.58338983050847,1.7738628975440675e-05
182.00696202531645,-20.58338983050847,2.3186783537313636e-05
182.5132911392405,-20.58338983050847,3.004752411634077e-05
183.01962025316453,-20.58338983050847,3.8603315331493145e-05
183.5259493670886,-20.58338983050847,4.9168645387580584e-05
184.03227848101264,-20.58338983050847,6.208684764008097e-05
184.5386075949367,-20.58338983050847,7.772463715360677e-05
185.04493670886075,-20.58338983050847,9.646405717448337e-05
185.55126582278479,-20.58338983050847,0.0001186916238990461
186.05759493670885,-20.58338983050847,0.00014478459204060314
186.5639240506329,-20.58338983050847,0.00017509443731333774
187.07025316455696,-20.58338983050847,0.00020992785983727798
187.576582278481,-20.58338983050847,0.0002495258448989485
188.08291139240504,-20.58338983050847,0.0002940415602090181
188.5892405063291,-20.58338983050847,0.00034351810343333564
189.09556962025314,-20.58338983050847,0.0003978673189353706
189.6018987341772,-20.58338983050847,0.00045685105547807
190.10822784810125,-20.58338983050847,0.00052006631479232
190.61455696202532,-20.58338983050847,0.0005869357250820718
191.12088607594936,-20.58338983050847,0.0006567046497767714
191.6272151898734,-20.58338983050847,0.0007284460039378447
192.13354430379746,-20.58338983050847,0.0008010735019513082
192.6398734177215,-20.58338983050847,0.0008733636142879321
193.14620253164557,-20.58338983050847,0.0009439859925181568
193.6525316455696,-20.58338983050847,0.0010115415641839087
194.15886075949365,-20.58338983050847,0.001074606943461586
194.66518987341772,-20.58338983050847,0.001131783294583331
195.17151898734176,-20.58338983050847,0.0011817473673634347
195.67784810126582,-20.58338983050847,0.001223302138049095
196.18417721518986,-20.58338983050847,0.0012554243654938093
196.69050632911393,-20.58338983050847,0.0012773064314063713
197.19683544303797,-20.58338983050847,0.001288390078340794
197.703164556962,-20.58338983050847,0.001288390078340794
198.20949367088608,-20.58338983050847,0.0012773064314063705
198.71582278481011,-20.58338983050847,0.0012554243654938093
199.22215189873418,-20.58338983050847,0.001223302138049093
199.72848101265822,-20.58338983050847,0.0011817473673634347
200.23481012658226,-20.58338983050847,0.001131783294583331
200.74113924050633,-20.58338983050847,0.001074606943461586
201.24746835443037,-20.58338983050847,0.0010115415641839087
201.75379746835443,-20.58338983050847,0.0009439859925181528
202.26012658227847,-20.58338983050847,0.0008733636142879321
202.7664556962025,-20.58338983050847,0.0008010735019513082
203.27278481012658,-20.58338983050847,0.0007284460039378447
203.77911392405062,-20.58338983050847,0.0006567046497767714
204.2854430379747,-20.58338983050847,0.0005869357250820681
204.79177215189873,-20.58338983050847,0.00052006631479232
205.29810126582277,-20.58338983050847,0.00045685105547807
205.80443037974683,-20.58338983050847,0.0003978673189353706
206.31075949367087,-20.58338983050847,0.00034351810343333564
206.81708860759494,-20.58338983050847,0.0002940415602090181
207.32341772151898,-20.58338983050847,0.0002495258448989485
207.82974683544302,-20.58338983050847,0.00020992785983727798
208.33607594936709,-20.58338983050847,0.00017509443731333774
208.84240506329112,-20.58338983050847,0.00014478459204060314
209.3487341772152,-20.58338983050847,0.0001186916238990461
209.85506329113923,-20.58338983050847,9.646405717448337e-05
210.36139240506327,-20.58338983050847,7.772463715360677e-05
210.86772151898734,-20.58338983050847,6.208684764008097e-05
211.37405063291138,-20.58338983050847,4.9168645387580584e-05
211.88037974683544,-20.58338983050847,3.8603315331493145e-05
212.38670886075948,-20.58338983050847,3.004752411634077e-05
212.89303797468352,-20.58338983050847,2.3186783537313636e-05
213.3993670886076,-20.58338983050847,1.7738628975440675e-05
213.90569620253163,-20.58338983050847,1.3453872870536694e-05
214.4120253164557,-20.58338983050847,1.0116314358699747e-05
214.91835443037974,-20.58338983050847,7.541279552930447e-06
215.42468354430378,-20.58338983050847,5.573339402818002e-06
215.93101265822784,-20.58338983050847,4.083510433878087e-06
216.43734177215188,-20.58338983050847,2.966194156823673e-06
216.94367088607595,-20.58338983050847,2.1360588204649693e-06
217.45,-20.58338983050847,1.5250165872742442e-06
177.45,-20.074915254237283,1.4332637010233832e-06
177.95632911392403,-20.074915254237283,2.007542472764399e-06
178.4626582278481,-20.074915254237283,2.7877325732972555e-06
178.96898734177213,-20.074915254237283,3.837825323650202e-06
179.4753164556962,-20.074915254237283,5.238018475471098e-06
179.98164556962024,-20.074915254237283,7.08755716670859e-06
180.48797468354428,-20.074915254237283,9.507664558837062e-06
180.99430379746835,-20.074915254237283,1.2644418286616206e-05
181.5006329113924,-20.074915254237283,1.6671381300752156e-05
182.00696202531645,-20.074915254237283,2.1791746702845465e-05
182.5132911392405,-20.074915254237283,2.8239709640503284e-05
183.01962025316453,-20.074915254237283,3.6280740200131824e-05
183.5259493670886,-20.074915254237283,4.6210405349405605e-05
184.03227848101264,-20.074915254237283,5.8351381733197364e-05
184.5386075949367,-20.074915254237283,7.304832094094782e-05
185.04493670886075,-20.074915254237283,9.066028052111151e-05
185.55126582278479,-20.074915254237283,0.00011155052185634363
186.05759493670885,-20.074915254237283,0.0001360736020649971
186.5639240506329,-20.074915254237283,0.0001645598502642329
187.07025316455696,-20.074915254237283,0.0001972975139084092
187.576582278481,-20.074915254237283,0.00023451307936268347
188.08291139240504,-20.074915254237283,0.00027635049897596924
188.5892405063291,-20.074915254237283,0.0003228502774356093
189.09556962025314,-20.074915254237283,0.000373929563004164
189.6018987341772,-20.074915254237283,0.00042936453285487205
190.10822784810125,-20.074915254237283,0.0004887764351790542
190.61455696202532,-20.074915254237283,0.0005516226358544476
191.12088607594936,-20.074915254237283,0.0006171939011500455
191.6272151898734,-20.074915254237283,0.0006846189243526543
192.13354430379746,-20.074915254237283,0.0007528767764097913
192.6398734177215,-20.074915254237283,0.0008208175416575813
193.14620253164557,-20.074915254237283,0.0008871909123094
193.6525316455696,-20.074915254237283,0.0009506819913431483
194.15886075949365,-20.074915254237283,0.001009953031189033
194.66518987341772,-20.074915254237283,0.0010636893572746637
195.17151898734176,-20.074915254237283,0.0011106473329901994
195.67784810126582,-20.074915254237283,0.0011497019537235786
196.18417721518986,-20.074915254237283,0.0011798915418085286
196.69050632911393,-20.074915254237283,0.001200457069447761
197.19683544303797,-20.074915254237283,0.0012108738668509035
197.703164556962,-20.074915254237283,0.0012108738668509035
198.20949367088608,-20.074915254237283,0.00120045706944776
198.71582278481011,-20.074915254237283,0.0011798915418085286
199.22215189873418,-20.074915254237283,0.0011497019537235764
199.72848101265822,-20.074915254237283,0.0011106473329901994
200.23481012658226,-20.074915254237283,0.0010636893572746637
200.74113924050633,-20.074915254237283,0.001009953031189033
201.24746835443037,-20.074915254237283,0.0009506819913431483
201.75379746835443,-20.074915254237283,0.0008871909123093962
202.26012658227847,-20.074915254237283,0.0008208175416575813
202.7664556962025,-20.074915254237283,0.0007528767764097913
203.27278481012658,-20.074915254237283,0.0006846189243526543
203.77911392405062,-20.074915254237283,0.0006171939011500455
204.2854430379747,-20.074915254237283,0.0005516226358544441
204.79177215189873,-20.074915254237283,0.0004887764351790542
205.29810126582277,-20.074915254237283,0.00042936453285487205
205.80443037974683,-20.074915254237283,0.000373929563004164
206.31075949367087,-20.074915254237283,0.0003228502774356093
206.81708860759494,-20.074915254237283,0.00027635049897596924
207.32341772151898,-20.074915254237283,0.00023451307936268347
207.82974683544302,-20.074915254237283,0.0001972975139084092
208.33607594936709,-20.074915254237283,0.0001645598502642329
208.84240506329112,-20.074915254237283,0.0001360736020649971
209.3487341772152,-20.074915254237283,0.00011155052185634363
209.85506329113923,-20.074915254237283,9.066028052111151e-05
210.36139240506327,-20.074915254237283,7.304832094094782e-05
210.86772151898734,-20.074915254237283,5.8351381733197364e-05
211.37405063291138,-20.074915254237283,4.6210405349405605e-05
211.88037974683544,-20.074915254237283,3.6280740200131824e-05
212.38670886075948,-20.074915254237283,2.8239709640503284e-05
212.89303797468352,-20.074915254237283,2.1791746702845465e-05
213.3993670886076,-20.074915254237283,1.6671381300752156e-05
213.90569620253163,-20.074915254237283,1.2644418286616206e-05
214.4120253164557,-20.074915254237283,9.507664558837062e-06
214.91835443037974,-20.074915254237283,7.08755716670859e-06
215.42468354430378,-20.074915254237283,5.238018475471098e-06
215.93101265822784,-20.074915254237283,3.837825323650202e-06
216.43734177215188,-20.074915254237283,2.7877325732972555e-06
216.94367088607595,-20.074915254237283,2.007542472764399e-06
217.45,-20.074915254237283,1.4332637010233832e-06
177.45,-19.5664406779661,1.333172128676848e-06
177.95632911392403,-19.5664406779661,1.8673463019495218e-06
178.4626582278481,-19.5664406779661,2.59305204357775e-06
178.96898734177213,-19.5664406779661,3.5698118584649653e-06
179.4753164556962,-19.5664406779661,4.872222910554644e-06
179.98164556962024,-19.5664406779661,6.592599581160811e-06
180.48797468354428,-19.5664406779661,8.843699445956638e-06
180.99430379746835,-19.5664406779661,1.1761398848664199e-05
181.5006329113924,-19.5664406779661,1.5507140019549387e-05
182.00696202531645,-19.5664406779661,2.0269926126417162e-05
182.5132911392405,-19.5664406779661,2.6267597363809678e-05
183.01962025316453,-19.5664406779661,3.374708478840657e-05
183.5259493670886,-19.5664406779661,4.298331453081436e-05
184.03227848101264,-19.5664406779661,5.427642920206281e-05
184.5386075949367,-19.5664406779661,6.794701174360117e-05
185.04493670886075,-19.5664406779661,8.432904501974736e-05
185.55126582278479,-19.5664406779661,0.00010376042215542638
186.05759493670885,-19.5664406779661,0.0001265709398711404
186.5639240506329,-19.5664406779661,0.00015306785884193117
187.07025316455696,-19.5664406779661,0.00018351929684126773
187.576582278481,-19.5664406779661,0.0002181359236219232
188.08291139240504,-19.5664406779661,0.0002570516386605202
188.5892405063291,-19.5664406779661,0.00030030411801081443
189.09556962025314,-19.5664406779661,0.00034781629586343133
189.6018987341772,-19.5664406779661,0.0003993799799965299
190.10822784810125,-19.5664406779661,0.0004546428686287583
190.61455696202532,-19.5664406779661,0.0005131002223410183
191.12088607594936,-19.5664406779661,0.000574092336542856
191.6272151898734,-19.5664406779661,0.000636808751983312
192.13354430379746,-19.5664406779661,0.0007002998359066311
192.6398734177215,-19.5664406779661,0.0007634959766898356
193.14620253164557,-19.5664406779661,0.0008252341814431973
193.6525316455696,-19.5664406779661,0.0008842913786128278
194.15886075949365,-19.5664406779661,0.000939423241858794
194.66518987341772,-19.5664406779661,0.0009894069065422026
195.17151898734176,-19.5664406779661,0.0010330855850703314
195.67784810126582,-19.5664406779661,0.001069412837215634
196.18417721518986,-19.5664406779661,0.0010974941438044719
196.69050632911393,-19.5664406779661,0.0011166234835348935
197.19683544303797,-19.5664406779661,0.0011263128267855647
197.703164556962,-19.5664406779661,0.0011263128267855647
198.20949367088608,-19.5664406779661,0.0011166234835348926
198.71582278481011,-19.5664406779661,0.0010974941438044719
199.22215189873418,-19.5664406779661,0.0010694128372156322
199.72848101265822,-19.5664406779661,0.0010330855850703314
200.23481012658226,-19.5664406779661,0.0009894069065422026
200.74113924050633,-19.5664406779661,0.000939423241858794
201.24746835443037,-19.5664406779661,0.0008842913786128278
201.75379746835443,-19.5664406779661,0.0008252341814431939
202.26012658227847,-19.5664406779661,0.0007634959766898356
202.7664556962025,-19.5664406779661,0.0007002998359066311
203.27278481012658,-19.5664406779661,0.000636808751983312
203.77911392405062,-19.5664406779661,0.000574092336542856
204.2854430379747,-19.5664406779661,0.0005131002223410149
204.79177215189873,-19.5664406779661,0.0004546428686287583
205.29810126582277,-19.5664406779661,0.0003993799799965299
205.80443037974683,-19.5664406779661,0.00034781629586343133
206.31075949367087,-19.5664406779661,0.00030030411801081443
206.81708860759494,-19.5664406779661,0.0002570516386605202
207.32341772151898,-19.5664406779661,0.0002181359236219232
207.82974683544302,-19.5664406779661,0.00018351929684126773
208.33607594936709,-19.5664406779661,0.00015306785884193117
208.84240506329112,-19.5664406779661,0.0001265709398711404
209.3487341772152,-19.5664406779661,0.00010376042215542638
209.85506329113923,-19.5664406779661,8.432904501974736e-05
210.36139240506327,-19.5664406779661,6.794701174360117e-05
210.86772151898734,-19.5664406779661,5.427642920206281e-05
211.37405063291138,-19.5664406779661,4.298331453081436e-05
211.88037974683544,-19.5664406779661,3.374708478840657e-05
212.38670886075948,-19.5664406779661,2.6267597363809678e-05
212.89303797468352,-19.5664406779661,2.0269926126417162e-05
213.3993670886076,-19.5664406779661,1.5507140019549387e-05
213.90569620253163,-19.5664406779661,1.1761398848664199e-05
214.4120253164557,-19.5664406779661,8.843699445956638e-06
214.91835443037974,-19.5664406779661,6.592599581160811e-06
215.42468354430378,-19.5664406779661,4.872222910554644e-06
215.93101265822784,-19.5664406779661,3.5698118584649653e-06
216.43734177215188,-19.5664406779661,2.59305204357775e-06
216.94367088607595,-19.5664406779661,1.8673463019495218e-06
217.45,-19.5664406779661,1.333172128676848e-06
177.45,-19.057966101694912,1.227311881205341e-06
177.95632911392403,-19.057966101694912,1.719070068605541e-06
178.4626582278481,-19.057966101694912,2.387151301179185e-06
178.96898734177213,-19.057966101694912,3.2863517120704534e-06
179.4753164556962,-19.057966101694912,4.485345093389684e-06
179.98164556962024,-19.057966101694912,6.069115622765366e-06
180.48797468354428,-19.057966101694912,8.141467384713531e-06
180.99430379746835,-19.057966101694912,1.0827487490971476e-05
181.5006329113924,-19.057966101694912,1.4275798886072448e-05
182.00696202531645,-19.057966101694912,1.8660396981743743e-05
182.5132911392405,-19.057966101694912,2.418182441851521e-05
183.01962025316453,-19.057966101694912,3.106740474537395e-05
183.5259493670886,-19.057966101694912,3.957023364238201e-05
184.03227848101264,-19.057966101694912,4.9966620960794946e-05
184.5386075949367,-19.057966101694912,6.25516938222268e-05
185.04493670886075,-19.057966101694912,7.76329152531535e-05
185.55126582278479,-19.057966101694912,9.552134804725173e-05
186.05759493670885,-19.057966101694912,0.00011652060148703518
186.5639240506329,-19.057966101694912,0.00014091353827942236
187.07025316455696,-19.057966101694912,0.00016894698636347888
187.576582278481,-19.057966101694912,0.00020081488730535918
188.08291139240504,-19.057966101694912,0.00023664050832240978
188.5892405063291,-19.057966101694912,0.0002764585338094039
189.09556962025314,-19.057966101694912,0.0003201980173510616
189.6018987341772,-19.057966101694912,0.0003676672981843476
190.10822784810125,-19.057966101694912,0.0004185420489754377
190.61455696202532,-19.057966101694912,0.00047235760903075174
191.12088607594936,-19.057966101694912,0.0005285066574616112
191.6272151898734,-19.057966101694912,0.0005862430893603756
192.13354430379746,-19.057966101694912,0.0006446926773569629
192.6398734177215,-19.057966101694912,0.0007028707421103349
193.14620253164557,-19.057966101694912,0.000759706637932198
193.6525316455696,-19.057966101694912,0.0008140744110035648
194.15886075949365,-19.057966101694912,0.0008648285404511388
194.66518987341772,-19.057966101694912,0.0009108432629408861
195.17151898734176,-19.057966101694912,0.0009510536453512397
195.67784810126582,-19.057966101694912,0.0009844963398168984
196.18417721518986,-19.057966101694912,0.0010103478562677084
196.69050632911393,-19.057966101694912,0.0010279582348720535
197.19683544303797,-19.057966101694912,0.001036878197896204
197.703164556962,-19.057966101694912,0.001036878197896204
198.20949367088608,-19.057966101694912,0.0010279582348720528
198.71582278481011,-19.057966101694912,0.0010103478562677084
199.22215189873418,-19.057966101694912,0.000984496339816897
199.72848101265822,-19.057966101694912,0.0009510536453512397
200.23481012658226,-19.057966101694912,0.0009108432629408861
200.74113924050633,-19.057966101694912,0.0008648285404511388
201.24746835443037,-19.057966101694912,0.0008140744110035648
201.75379746835443,-19.057966101694912,0.0007597066379321948
202.26012658227847,-19.057966101694912,0.0007028707421103349
202.7664556962025,-19.057966101694912,0.0006446926773569629
203.27278481012658,-19.057966101694912,0.0005862430893603756
203.77911392405062,-19.057966101694912,0.0005285066574616112
204.2854430379747,-19.057966101694912,0.00047235760903074865
204.79177215189873,-19.057966101694912,0.0004185420489754377
205.29810126582277,-19.057966101694912,0.0003676672981843476
205.80443037974683,-19.057966101694912,0.0003201980173510616
206.31075949367087,-19.057966101694912,0.0002764585338094039
206.81708860759494,-19.057966101694912,0.00023664050832240978
207.32341772151898,-19.057966101694912,0.00020081488730535918
207.82974683544302,-19.057966101694912,0.00016894698636347888
208.33607594936709,-19.057966101694912,0.00014091353827942236
208.84240506329112,-19.057966101694912,0.00011652060148703518
209.3487341772152,-19.057966101694912,9.552134804725173e-05
209.85506329113923,-19.057966101694912,7.76329152531535e-05
210.36139240506327,-19.057966101694912,6.25516938222268e-05
210.86772151898734,-19.057966101694912,4.9966620960794946e-05
211.37405063291138,-19.057966101694912,3.957023364238201e-05
211.88037974683544,-19.057966101694912,3.106740474537395e-05
212.38670886075948,-19.057966101694912,2.418182441851521e-05
212.89303797468352,-19.057966101694912,1.8660396981743743e-05
213.3993670886076,-19.057966101694912,1.4275798886072448e-05
213.90569620253163,-19.057966101694912,1.0827487490971476e-05
214.4120253164557,-19.057966101694912,8.141467384713531e-06
214.91835443037974,-19.057966101694912,6.069115622765366e-06
215.42468354430378,-19.057966101694912,4.485345093389684e-06
215.93101265822784,-19.057966101694912,3.2863517120704534e-06
216.43734177215188,-19.057966101694912,2.387151301179185e-06
216.94367088607595,-19.057966101694912,1.719070068605541e-06
217.45,-19.057966101694912,1.227311881205341e-06
177.45,-18.549491525423726,1.118232834897571e-06
177.95632911392403,-18.549491525423726,1.5662853310899479e-06
178.4626582278481,-18.549491525423726,2.174989917172006e-06
178.96898734177213,-18.549491525423726,2.9942726439264214e-06
179.4753164556962,-18.549491525423726,4.086703824906495e-06
179.98164556962024,-18.549491525423726,5.529714551040486e-06
180.48797468354428,-18.549491525423726,7.417883174807396e-06
180.99430379746835,-18.549491525423726,9.865179517333539e-06
181.5006329113924,-18.549491525423726,1.3007017452745987e-05
182.00696202531645,-18.549491525423726,1.7001928309140335e-05
182.5132911392405,-18.549491525423726,2.2032631221621286e-05
183.01962025316453,-18.549491525423726,2.8306246043353758e-05
183.5259493670886,-18.549491525423726,3.6053374224670114e-05
184.03227848101264,-18.549491525423726,4.552576819542234e-05
184.5386075949367,-18.549491525423726,5.699232524480927e-05
185.04493670886075,-18.549491525423726,7.073318219623123e-05
185.55126582278479,-18.549491525423726,8.703175570598476e-05
186.05759493670885,-18.549491525423726,0.0001061646713603495
186.5639240506329,-18.549491525423726,0.00012838965205070165
187.07025316455696,-18.549491525423726,0.0001539315885405543
187.576582278481,-18.549491525423726,0.00018296718557028063
188.08291139240504,-18.549491525423726,0.00021560875481225548
188.5892405063291,-18.549491525423726,0.00025188789803754245
189.09556962025314,-18.549491525423726,0.0002917399742919566
189.6018987341772,-18.549491525423726,0.0003349903569287016
190.10822784810125,-18.549491525423726,0.0003813435436557432
190.61455696202532,-18.549491525423726,0.0004303761711433491
191.12088607594936,-18.549491525423726,0.000481534894989465
191.6272151898734,-18.549491525423726,0.0005341399213953194
192.13354430379746,-18.549491525423726,0.0005873947211613159
192.6398734177215,-18.549491525423726,0.0006404021296890695
193.14620253164557,-18.549491525423726,0.0006921866564113294
193.6525316455696,-18.549491525423726,0.0007417224182170041
194.15886075949365,-18.549491525423726,0.000787965703989794
194.66518987341772,-18.549491525423726,0.0008298908041739468
195.17151898734176,-18.549491525423726,0.0008665274330566442
195.67784810126582,-18.549491525423726,0.0008969978616507352
196.18417721518986,-18.549491525423726,0.0009205517887086235
196.69050632911393,-18.549491525423726,0.0009365970204805317
197.19683544303797,-18.549491525423726,0.0009447242094146771
197.703164556962,-18.549491525423726,0.0009447242094146771
198.20949367088608,-18.549491525423726,0.0009365970204805311
198.71582278481011,-18.549491525423726,0.0009205517887086235
199.22215189873418,-18.549491525423726,0.0008969978616507338
199.72848101265822,-18.549491525423726,0.0008665274330566442
200.23481012658226,-18.549491525423726,0.0008298908041739468
200.74113924050633,-18.549491525423726,0.000787965703989794
201.24746835443037,-18.549491525423726,0.0007417224182170041
201.75379746835443,-18.549491525423726,0.0006921866564113266
202.26012658227847,-18.549491525423726,0.0006404021296890695
202.7664556962025,-18.549491525423726,0.0005873947211613159
203.27278481012658,-18.549491525423726,0.0005341399213953194
203.77911392405062,-18.549491525423726,0.000481534894989465
204.2854430379747,-18.549491525423726,0.00043037617114334646
204.79177215189873,-18.549491525423726,0.0003813435436557432
205.29810126582277,-18.549491525423726,0.0003349903569287016
205.80443037974683,-18.549491525423726,0.0002917399742919566
206.31075949367087,-18.549491525423726,0.00025188789803754245
206.81708860759494,-18.549491525423726,0.00021560875481225548
207.32341772151898,-18.549491525423726,0.00018296718557028063
207.82974683544302,-18.549491525423726,0.0001539315885405543
208.33607594936709,-18.549491525423726,0.00012838965205070165
208.84240506329112,-18.549491525423726,0.0001061646713603495
209.3487341772152,-18.549491525423726,8.703175570598476e-05
209.85506329113923,-18.549491525423726,7.073318219623123e-05
210.36139240506327,-18.549491525423726,5.699232524480927e-05
210.86772151898734,-18.549491525423726,4.552576819542234e-05
211.37405063291138,-18.549491525423726,3.6053374224670114e-05
211.88037974683544,-18.549491525423726,2.8306246043353758e-05
212.38670886075948,-18.549491525423726,2.2032631221621286e-05
212.89303797468352,-18.549491525423726,1.7001928309140335e-05
213.3993670886076,-18.549491525423726,1.3007017452745987e-05
213.90569620253163,-18.549491525423726,9.865179517333539e-06
214.4120253164557,-18.549491525423726,7.417883174807396e-06
214.91835443037974,-18.549491525423726,5.529714551040486e-06
215.42468354430378,-18.549491525423726,4.086703824906495e-06
215.93101265822784,-18.549491525423726,2.9942726439264214e-06
216.43734177215188,-18.549491525423726,2.174989917172006e-06
216.94367088607595,-18.549491525423726,1.5662853310899479e-06
217.45,-18.549491525423726,1.118232834897571e-06
177.45,-18.04101694915254,1.0083658551729972e-06
177.95632911392403,-18.04101694915254,1.4123969517261642e-06
178.4626582278481,-18.04101694915254,1.9612959836067514e-06
178.96898734177213,-18.04101694915254,2.7000837401546586e-06
179.4753164556962,-18.04101694915254,3.6851829678369855e-06
179.98164556962024,-18.04101694915254,4.986417111095888e-06
180.48797468354428,-18.04101694915254,6.689072148219658e-06
180.99430379746835,-18.04101694915254,8.895920303880516e-06
181.5006329113924,-18.04101694915254,1.1729070965967202e-05
182.00696202531645,-18.04101694915254,1.5331479674004272e-05
182.5132911392405,-18.04101694915254,1.986791330942851e-05
183.01962025316453,-18.04101694915254,2.552514208801444e-05
183.5259493670886,-18.04101694915254,3.2511110743105354e-05
184.03227848101264,-18.04101694915254,4.1052836892407736e-05
184.5386075949367,-18.04101694915254,5.139279852128809e-05
185.04493670886075,-18.04101694915254,6.378360885901137e-05
185.55126582278479,-18.04101694915254,7.848083872238592e-05
186.05759493670885,-18.04101694915254,9.573393508449875e-05
186.5639240506329,-18.04101694915254,0.00011577529942351228
187.07025316455696,-18.04101694915254,0.00013880772686401387
187.576582278481,-18.04101694915254,0.000164990560810238
188.08291139240504,-18.04101694915254,0.00019442507825211534
188.5892405063291,-18.04101694915254,0.000227139776069642
189.09556962025314,-18.04101694915254,0.00026307636431727893
189.6018987341772,-18.04101694915254,0.00030207737351055266
190.10822784810125,-18.04101694915254,0.00034387633461715306
190.61455696202532,-18.04101694915254,0.00038809147998305316
191.12088607594936,-18.04101694915254,0.0004342238315924324
191.6272151898734,-18.04101694915254,0.00048166038575424655
192.13354430379746,-18.04101694915254,0.000529682872692778
192.6398734177215,-18.04101694915254,0.0005774822747157824
193.14620253164557,-18.04101694915254,0.0006241789437308749
193.6525316455696,-18.04101694915254,0.0006688477901964686
194.15886075949365,-18.04101694915254,0.0007105476481769041
194.66518987341772,-18.04101694915254,0.0007483535846340278
195.17151898734176,-18.04101694915254,0.0007813906449501298
195.67784810126582,-18.04101694915254,0.0008088673374849031
196.18417721518986,-18.04101694915254,0.0008301070784933895
196.69050632911393,-18.04101694915254,0.0008445758575814325
197.19683544303797,-18.04101694915254,0.0008519045458152052
197.703164556962,-18.04101694915254,0.0008519045458152052
198.20949367088608,-18.04101694915254,0.000844575857581432
198.71582278481011,-18.04101694915254,0.0008301070784933895
199.22215189873418,-18.04101694915254,0.0008088673374849016
199.72848101265822,-18.04101694915254,0.0007813906449501298
200.23481012658226,-18.04101694915254,0.0007483535846340278
200.74113924050633,-18.04101694915254,0.0007105476481769041
201.24746835443037,-18.04101694915254,0.0006688477901964686
201.75379746835443,-18.04101694915254,0.0006241789437308723
202.26012658227847,-18.04101694915254,0.0005774822747157824
202.7664556962025,-18.04101694915254,0.000529682872692778
203.27278481012658,-18.04101694915254,0.00048166038575424655
203.77911392405062,-18.04101694915254,0.0004342238315924324
204.2854430379747,-18.04101694915254,0.00038809147998305067
204.79177215189873,-18.04101694915254,0.00034387633461715306
205.29810126582277,-18.04101694915254,0.00030207737351055266
205.80443037974683,-18.04101694915254,0.00026307636431727893
206.31075949367087,-18.04101694915254,0.000227139776069642
206.81708860759494,-18.04101694915254,0.00019442507825211534
207.32341772151898,-18.04101694915254,0.000164990560810238
207.82974683544302,-18.04101694915254,0.00013880772686401387
208.33607594936709,-18.04101694915254,0.00011577529942351228
208.84240506329112,-18.04101694915254,9.573393508449875e-05
209.3487341772152,-18.04101694915254,7.848083872238592e-05
209.85506329113923,-18.04101694915254,6.378360885901137e-05
210.36139240506327,-18.04101694915254,5.139279852128809e-05
210.86772151898734,-18.04101694915254,4.1052836892407736e-05
211.37405063291138,-18.04101694915254,3.2511110743105354e-05
211.88037974683544,-18.04101694915254,2.552514208801444e-05
212.38670886075948,-18.04101694915254,1.986791330942851e-05
212.89303797468352,-18.04101694915254,1.5331479674004272e-05
213.3993670886076,-18.04101694915254,1.1729070965967202e-05
213.90569620253163,-18.04101694915254,8.895920303880516e-06
214.4120253164557,-18.04101694915254,6.689072148219658e-06
214.91835443037974,-18.04101694915254,4.986417111095888e-06
215.42468354430378,-18.04101694915254,3.6851829678369855e-06
215.93101265822784,-18.04101694915254,2.7000837401546586e-06
216.43734177215188,-18.04101694915254,1.9612959836067514e-06
216.94367088607595,-18.04101694915254,1.4123969517261642e-06
217.45,-18.04101694915254,1.0083658551729972e-06
177.45,-17.532542372881352,8.999380437407115e-07
177.95632911392403,-17.532542372881352,1.2605243852725664e-06
178.4626582278481,-17.532542372881352,1.7504012671876502e-06
178.96898734177213,-17.532542372881352,2.4097484723280364e-06
179.4753164556962,-17.532542372881352,3.288921708215548e-06
179.98164556962024,-17.532542372881352,4.450236426802611e-06
180.48797468354428,-17.532542372881352,5.969807954749233e-06
180.99430379746835,-17.532542372881352,7.939357599701764e-06
181.5006329113924,-17.532542372881352,1.0467864541285561e-05
182.00696202531645,-17.532542372881352,1.3682912560646725e-05
182.5132911392405,-17.532542372881352,1.7731551445511437e-05
183.01962025316453,-17.532542372881352,2.2780468338002632e-05
183.5259493670886,-17.532542372881352,2.9015248039084286e-05
184.03227848101264,-17.532542372881352,3.6638497360287514e-05
184.5386075949367,-17.532542372881352,4.586662105459108e-05
185.04493670886075,-17.532542372881352,5.692506929387602e-05
185.55126582278479,-17.532542372881352,7.00419318133667e-05
186.05759493670885,-17.532542372881352,8.543983299073846e-05
186.5639240506329,-17.532542372881352,0.00010332618458090855
187.07025316455696,-17.532542372881352,0.00012388197550448036
187.576582278481,-17.532542372881352,0.0001472494152489671
188.08291139240504,-17.532542372881352,0.0001735188906672422
188.5892405063291,-17.532542372881352,0.0002027158344197877
189.09556962025314,-17.532542372881352,0.00023478822437665044
189.6018987341772,-17.532542372881352,0.00026959552347077413
190.10822784810125,-17.532542372881352,0.00030689991561742646
190.61455696202532,-17.532542372881352,0.0003463606839686841
191.12088607594936,-17.532542372881352,0.0003875325047394111
191.6272151898734,-17.532542372881352,0.0004298682894500698
192.13354430379746,-17.532542372881352,0.0004727270026138664
192.6398734177215,-17.532542372881352,0.0005153866187917449
193.14620253164557,-17.532542372881352,0.0005570620769075297
193.6525316455696,-17.532542372881352,0.0005969277606751578
194.15886075949365,-17.532542372881352,0.0006341437060809453
194.66518987341772,-17.532542372881352,0.0006678844365137234
195.17151898734176,-17.532542372881352,0.0006973690796908923
195.67784810126582,-17.532542372881352,0.0007218912516797154
196.18417721518986,-17.532542372881352,0.0007408471205983999
196.69050632911393,-17.532542372881352,0.0007537600972536598
197.19683544303797,-17.532542372881352,0.0007603007444983599
197.703164556962,-17.532542372881352,0.0007603007444983599
198.20949367088608,-17.532542372881352,0.0007537600972536592
198.71582278481011,-17.532542372881352,0.0007408471205983999
199.22215189873418,-17.532542372881352,0.0007218912516797141
199.72848101265822,-17.532542372881352,0.0006973690796908923
200.23481012658226,-17.532542372881352,0.0006678844365137234
200.74113924050633,-17.532542372881352,0.0006341437060809453
201.24746835443037,-17.532542372881352,0.0005969277606751578
201.75379746835443,-17.532542372881352,0.0005570620769075273
202.26012658227847,-17.532542372881352,0.0005153866187917449
202.7664556962025,-17.532542372881352,0.0004727270026138664
203.27278481012658,-17.532542372881352,0.0004298682894500698
203.77911392405062,-17.532542372881352,0.0003875325047394111
204.2854430379747,-17.532542372881352,0.0003463606839686818
204.79177215189873,-17.532542372881352,0.00030689991561742646
205.29810126582277,-17.532542372881352,0.00026959552347077413
205.80443037974683,-17.532542372881352,0.00023478822437665044
206.31075949367087,-17.532542372881352,0.0002027158344197877
206.81708860759494,-17.532542372881352,0.0001735188906672422
207.32341772151898,-17.532542372881352,0.0001472494152489671
207.82974683544302,-17.532542372881352,0.00012388197550448036
208.33607594936709,-17.532542372881352,0.00010332618458090855
208.84240506329112,-17.532542372881352,8.543983299073846e-05
209.3487341772152,-17.532542372881352,7.00419318133667e-05
209.85506329113923,-17.532542372881352,5.692506929387602e-05
210.36139240506327,-17.532542372881352,4.586662105459108e-05
210.86772151898734,-17.532542372881352,3.6638497360287514e-05
211.37405063291138,-17.532542372881352,2.9015248039084286e-05
211.88037974683544,-17.532542372881352,2.2780468338002632e-05
212.38670886075948,-17.532542372881352,1.7731551445511437e-05
212.89303797468352,-17.532542372881352,1.3682912560646725e-05
213.3993670886076,-17.532542372881352,1.0467864541285561e-05
213.90569620253163,-17.532542372881352,7.939357599701764e-06
214.4120253164557,-17.532542372881352,5.969807954749233e-06
214.91835443037974,-17.532542372881352,4.450236426802611e-06
215.42468354430378,-17.532542372881352,3.288921708215548e-06
215.93101265822784,-17.532542372881352,2.4097484723280364e-06
216.43734177215188,-17.532542372881352,1.7504012671876502e-06
216.94367088607595,-17.532542372881352,1.2605243852725664e-06
217.45,-17.532542372881352,8.999380437407115e-07
177.45,-17.024067796610165,7.949058271349678e-07
177.95632911392403,-17.024067796610165,1.1134079574344355e-06
178.4626582278481,-17.024067796610165,1.5461110648554658e-06
178.96898734177213,-17.024067796610165,2.1285055298040516e-06
179.4753164556962,-17.024067796610165,2.9050700201362804e-06
179.98164556962024,-17.024067796610165,3.930847120419015e-06
180.48797468354428,-17.024067796610165,5.27306869968718e-06
180.99430379746835,-17.024067796610165,7.012751226160582e-06
181.5006329113924,-17.024067796610165,9.246154865217398e-06
182.00696202531645,-17.024067796610165,1.2085973031461364e-05
182.5132911392405,-17.024067796610165,1.56620932587683e-05
183.01962025316453,-17.024067796610165,2.012174855001383e-05
183.5259493670886,-17.024067796610165,2.5628864011753954e-05
184.03227848101264,-17.024067796610165,3.236240011379374e-05
184.5386075949367,-17.024067796610165,4.051350490277816e-05
185.04493670886075,-17.024067796610165,5.0281316148916225e-05
185.55126582278479,-17.024067796610165,6.186730312100999e-05
186.05759493670885,-17.024067796610165,7.546810759490967e-05
186.5639240506329,-17.024067796610165,9.126693419647458e-05
187.07025316455696,-17.024067796610165,0.00010942364853938235
187.576582278481,-17.024067796610165,0.0001300638627711406
188.08291139240504,-17.024067796610165,0.00015326741465007657
188.5892405063291,-17.024067796610165,0.00017905676857822006
189.09556962025314,-17.024067796610165,0.00020738597395427455
189.6018987341772,-17.024067796610165,0.00023813089586216583
190.10822784810125,-17.024067796610165,0.0002710814738506719
190.61455696202532,-17.024067796610165,0.00030593675630462204
191.12088607594936,-17.024067796610165,0.00034230339339929395
191.6272151898734,-17.024067796610165,0.00037969814762365265
192.13354430379746,-17.024067796610165,0.0004175547990613419
192.6398734177215,-17.024067796610165,0.00045523559022134653
193.14620253164557,-17.024067796610165,0.000492047084896086
193.6525316455696,-17.024067796610165,0.0005272600248868059
194.15886075949365,-17.024067796610165,0.0005601324787975565
194.66518987341772,-17.024067796610165,0.0005899353118029503
195.17151898734176,-17.024067796610165,0.0006159787876128024
195.67784810126582,-17.024067796610165,0.000637638964714436
196.18417721518986,-17.024067796610165,0.0006543824847452552
196.69050632911393,-17.024067796610165,0.0006657883814737208
197.19683544303797,-17.024067796610165,0.000671565666525962
197.703164556962,-17.024067796610165,0.000671565666525962
198.20949367088608,-17.024067796610165,0.0006657883814737204
198.71582278481011,-17.024067796610165,0.0006543824847452552
199.22215189873418,-17.024067796610165,0.0006376389647144348
199.72848101265822,-17.024067796610165,0.0006159787876128024
200.23481012658226,-17.024067796610165,0.0005899353118029503
200.74113924050633,-17.024067796610165,0.0005601324787975565
201.24746835443037,-17.024067796610165,0.0005272600248868059
201.75379746835443,-17.024067796610165,0.000492047084896084
202.26012658227847,-17.024067796610165,0.00045523559022134653
202.7664556962025,-17.024067796610165,0.0004175547990613419
203.27278481012658,-17.024067796610165,0.00037969814762365265
203.77911392405062,-17.024067796610165,0.00034230339339929395
204.2854430379747,-17.024067796610165,0.00030593675630462
204.79177215189873,-17.024067796610165,0.0002710814738506719
205.29810126582277,-17.024067796610165,0.00023813089586216583
205.80443037974683,-17.024067796610165,0.00020738597395427455
206.31075949367087,-17.024067796610165,0.00017905676857822006
206.81708860759494,-17.024067796610165,0.00015326741465007657
207.32341772151898,-17.024067796610165,0.0001300638627711406
207.82974683544302,-17.024067796610165,0.00010942364853938235
208.33607594936709,-17.024067796610165,9.126693419647458e-05
208.84240506329112,-17.024067796610165,7.546810759490967e-05
209.3487341772152,-17.024067796610165,6.186730312100999e-05
209.85506329113923,-17.024067796610165,5.0281316148916225e-05
210.36139240506327,-17.024067796610165,4.051350490277816e-05
210.86772151898734,-17.024067796610165,3.236240011379374e-05
211.37405063291138,-17.024067796610165,2.5628864011753954e-05
211.88037974683544,-17.024067796610165,2.012174855001383e-05
212.38670886075948,-17.024067796610165,1.56620932587683e-05
212.89303797468352,-17.024067796610165,1.2085973031461364e-05
213.3993670886076,-17.024067796610165,9.246154865217398e-06
213.90569620253163,-17.024067796610165,7.012751226160582e-06
214.4120253164557,-17.024067796610165,5.27306869968718e-06
214.91835443037974,-17.024067796610165,3.930847120419015e-06
215.42468354430378,-17.024067796610165,2.9050700201362804e-06
215.93101265822784,-17.024067796610165,2.1285055298040516e-06
216.43734177215188,-17.024067796610165,1.5461110648554658e-06
216.94367088607595,-17.024067796610165,1.1134079574344355e-06
217.45,-17.024067796610165,7.949058271349678e-07
177.45,-16.515593220338978,6.949080439533494e-07
177.95632911392403,-16.515593220338978,9.73343155140171e-07
178.4626582278481,-16.515593220338978,1.3516129573307515e-06
178.96898734177213,-16.515593220338978,1.860743202237063e-06
179.4753164556962,-16.515593220338978,2.5396172179495823e-06
179.98164556962024,-16.515593220338978,3.4363533267522946e-06
180.48797468354428,-16.515593220338978,4.609725744417117e-06
180.99430379746835,-16.515593220338978,6.1305592070785896e-06
181.5006329113924,-16.515593220338978,8.083004517196749e-06
182.00696202531645,-16.515593220338978,1.0565578452024258e-05
182.5132911392405,-16.515593220338978,1.3691828917512319e-05
183.01962025316453,-16.515593220338978,1.759046725850342e-05
183.5259493670886,-16.515593220338978,2.2404797085643174e-05
184.03227848101264,-16.515593220338978,2.8291265950040162e-05
184.5386075949367,-16.515593220338978,3.541697580347943e-05
185.04493670886075,-16.515593220338978,4.395601322785453e-05
185.55126582278479,-16.515593220338978,5.408450300514688e-05
186.05759493670885,-16.515593220338978,6.597434971468024e-05
186.5639240506329,-16.515593220338978,7.978571115609974e-05
187.07025316455696,-16.515593220338978,9.565834212438103e-05
187.576582278481,-16.515593220338978,0.00011370205297534444
188.08291139240504,-16.515593220338978,0.00013398663801490485
188.5892405063291,-16.515593220338978,0.00015653173566203027
189.09556962025314,-16.515593220338978,0.00018129717582187967
189.6018987341772,-16.515593220338978,0.00020817443953689792
190.10822784810125,-16.515593220338978,0.00023697989159862654
190.61455696202532,-16.515593220338978,0.00026745043958644913
191.12088607594936,-16.515593220338978,0.00029924221640572875
191.6272151898734,-16.515593220338978,0.0003319327749915487
192.13354430379746,-16.515593220338978,0.00036502712491725604
192.6398734177215,-16.515593220338978,0.0003979677374851488
193.14620253164557,-16.515593220338978,0.0004301484095675527
193.6525316455696,-16.515593220338978,0.0004609316223903756
194.15886075949365,-16.515593220338978,0.0004896687782486979
194.66518987341772,-16.515593220338978,0.0005157224662216383
195.17151898734176,-16.515593220338978,0.0005384897176556851
195.67784810126582,-16.515593220338978,0.0005574250818052092
196.18417721518986,-16.515593220338978,0.0005720622958704858
196.69050632911393,-16.515593220338978,0.0005820333504464465
197.19683544303797,-16.515593220338978,0.0005870838629951892
197.703164556962,-16.515593220338978,0.0005870838629951892
198.20949367088608,-16.515593220338978,0.0005820333504464461
198.71582278481011,-16.515593220338978,0.0005720622958704858
199.22215189873418,-16.515593220338978,0.0005574250818052083
199.72848101265822,-16.515593220338978,0.0005384897176556851
200.23481012658226,-16.515593220338978,0.0005157224662216383
200.74113924050633,-16.515593220338978,0.0004896687782486979
201.24746835443037,-16.515593220338978,0.0004609316223903756
201.75379746835443,-16.515593220338978,0.00043014840956755087
202.26012658227847,-16.515593220338978,0.0003979677374851488
202.7664556962025,-16.515593220338978,0.00036502712491725604
203.27278481012658,-16.515593220338978,0.0003319327749915487
203.77911392405062,-16.515593220338978,0.00029924221640572875
204.2854430379747,-16.515593220338978,0.00026745043958644745
204.79177215189873,-16.515593220338978,0.00023697989159862654
205.29810126582277,-16.515593220338978,0.00020817443953689792
205.80443037974683,-16.515593220338978,0.00018129717582187967
206.31075949367087,-16.515593220338978,0.00015653173566203027
206.81708860759494,-16.515593220338978,0.00013398663801490485
207.32341772151898,-16.515593220338978,0.00011370205297534444
207.82974683544302,-16.515593220338978,9.565834212438103e-05
208.33607594936709,-16.515593220338978,7.978571115609974e-05
208.84240506329112,-16.515593220338978,6.597434971468024e-05
209.3487341772152,-16.515593220338978,5.408450300514688e-05
209.85506329113923,-16.515593220338978,4.395601322785453e-05
210.36139240506327,-16.515593220338978,3.541697580347943e-05
210.86772151898734,-16.515593220338978,2.8291265950040162e-05
211.37405063291138,-16.515593220338978,2.2404797085643174e-05
211.88037974683544,-16.515593220338978,1.759046725850342e-05
212.38670886075948,-16.515593220338978,1.3691828917512319e-05
212.89303797468352,-16.515593220338978,1.0565578452024258e-05
213.3993670886076,-16.515593220338978,8.083004517196749e-06
213.90569620253163,-16.515593220338978,6.1305592070785896e-06
214.4120253164557,-16.515593220338978,4.609725744417117e-06
214.91835443037974,-16.515593220338978,3.4363533267522946e-06
215.42468354430378,-16.515593220338978,2.5396172179495823e-06
215.93101265822784,-16.515593220338978,1.860743202237063e-06
216.43734177215188,-16.515593220338978,1.3516129573307515e-06
216.94367088607595,-16.515593220338978,9.73343155140171e-07
217.45,-16.515593220338978,6.949080439533494e-07
177.45,-16.007118644067795,6.012396125896229e-07
177.95632911392403,-16.007118644067795,8.421437434857565e-07
178.4626582278481,-16.007118644067795,1.1694255922172212e-06
178.96898734177213,-16.007118644067795,1.6099288701238436e-06
179.4753164556962,-16.007118644067795,2.1972957221206802e-06
179.98164556962024,-16.007118644067795,2.9731584788451713e-06
180.48797468354428,-16.007118644067795,3.988369029303999e-06
180.99430379746835,-16.007118644067795,5.3042054624268035e-06
181.5006329113924,-16.007118644067795,6.993475678928527e-06
182.00696202531645,-16.007118644067795,9.141417127856403e-06
182.5132911392405,-16.007118644067795,1.184627230270073e-05
183.01962025316453,-16.007118644067795,1.5219403217158684e-05
183.5259493670886,-16.007118644067795,1.9384797221926443e-05
184.03227848101264,-16.007118644067795,2.4477813902833533e-05
184.5386075949367,-16.007118644067795,3.064303111248709e-05
185.04493670886075,-16.007118644067795,3.8031069857458416e-05
185.55126582278479,-16.007118644067795,4.6794314610207345e-05
186.05759493670885,-16.007118644067795,5.708149849243873e-05
186.5639240506329,-16.007118644067795,6.903119122463538e-05
187.07025316455696,-16.007118644067795,8.27643096957581e-05
187.576582278481,-16.007118644067795,9.837586264310131e-05
188.08291139240504,-16.007118644067795,0.00011592623661969801
188.5892405063291,-16.007118644067795,0.00013543242293182956
189.09556962025314,-16.007118644067795,0.0001568596661144095
189.6018987341772,-16.007118644067795,0.00018011407475753563
190.10822784810125,-16.007118644067795,0.00020503676631185207
190.61455696202532,-16.007118644067795,0.00023140011125655655
191.12088607594936,-16.007118644067795,0.0002589065932215899
191.6272151898734,-16.007118644067795,0.0002871907078616506
192.13354430379746,-16.007118644067795,0.00031582418577484253
192.6398734177215,-16.007118644067795,0.0003443246489816179
193.14620253164557,-16.007118644067795,0.0003721676060232796
193.6525316455696,-16.007118644067795,0.0003988014709107329
194.15886075949365,-16.007118644067795,0.0004236650720814588
194.66518987341772,-16.007118644067795,0.00044620691686176353
195.17151898734176,-16.007118644067795,0.00046590531228407324
195.67784810126582,-16.007118644067795,0.00048228833030288263
196.18417721518986,-16.007118644067795,0.0004949525568729655
196.69050632911393,-16.007118644067795,0.0005035795875175597
197.19683544303797,-16.007118644067795,0.0005079493285712249
197.703164556962,-16.007118644067795,0.0005079493285712249
198.20949367088608,-16.007118644067795,0.0005035795875175593
198.71582278481011,-16.007118644067795,0.0004949525568729655
199.22215189873418,-16.007118644067795,0.00048228833030288177
199.72848101265822,-16.007118644067795,0.00046590531228407324
200.23481012658226,-16.007118644067795,0.00044620691686176353
200.74113924050633,-16.007118644067795,0.0004236650720814588
201.24746835443037,-16.007118644067795,0.0003988014709107329
201.75379746835443,-16.007118644067795,0.000372167606023278
202.26012658227847,-16.007118644067795,0.0003443246489816179
202.7664556962025,-16.007118644067795,0.00031582418577484253
203.27278481012658,-16.007118644067795,0.0002871907078616506
203.77911392405062,-16.007118644067795,0.0002589065932215899
204.2854430379747,-16.007118644067795,0.00023140011125655514
204.79177215189873,-16.007118644067795,0.00020503676631185207
205.29810126582277,-16.007118644067795,0.00018011407475753563
205.80443037974683,-16.007118644067795,0.0001568596661144095
206.31075949367087,-16.007118644067795,0.00013543242293182956
206.81708860759494,-16.007118644067795,0.00011592623661969801
207.32341772151898,-16.007118644067795,9.837586264310131e-05
207.82974683544302,-16.007118644067795,8.27643096957581e-05
208.33607594936709,-16.007118644067795,6.903119122463538e-05
208.84240506329112,-16.007118644067795,5.708149849243873e-05
209.3487341772152,-16.007118644067795,4.6794314610207345e-05
209.85506329113923,-16.007118644067795,3.8031069857458416e-05
210.36139240506327,-16.007118644067795,3.064303111248709e-05
210.86772151898734,-16.007118644067795,2.4477813902833533e-05
211.37405063291138,-16.007118644067795,1.9384797221926443e-05
211.88037974683544,-16.007118644067795,1.5219403217158684e-05
212.38670886075948,-16.007118644067795,1.184627230270073e-05
212.89303797468352,-16.007118644067795,9.141417127856403e-06
213.3993670886076,-16.007118644067795,6.993475678928527e-06
213.90569620253163,-16.007118644067795,5.3042054624268035e-06
214.4120253164557,-16.007118644067795,3.988369029303999e-06
214.91835443037974,-16.007118644067795,2.9731584788451713e-06
215.42468354430378,-16.007118644067795,2.1972957221206802e-06
215.93101265822784,-16.007118644067795,1.6099288701238436e-06
216.43734177215188,-16.007118644067795,1.1694255922172212e-06
216.94367088607595,-16.007118644067795,8.421437434857565e-07
217.45,-16.007118644067795,6.012396125896229e-07
177.45,-15.498644067796608,5.14844909178721e-07
177.95632911392403,-15.498644067796608,7.211324903608575e-07
178.4626582278481,-15.498644067796608,1.001385803944513e-06
178.96898734177213,-15.498644067796608,1.3785912730418403e-06
179.4753164556962,-15.498644067796608,1.881556858207479e-06
179.98164556962024,-15.498644067796608,2.545932561598829e-06
180.48797468354428,-15.498644067796608,3.4152631457847516e-06
180.99430379746835,-15.498644067796608,4.5420213877895995e-06
181.5006329113924,-15.498644067796608,5.98855310822495e-06
182.00696202531645,-15.498644067796608,7.827847620826012e-06
182.5132911392405,-15.498644067796608,1.0144030533053436e-05
183.01962025316453,-15.498644067796608,1.30324617723427e-05
183.5259493670886,-15.498644067796608,1.6599312414204835e-05
184.03227848101264,-15.498644067796608,2.0960491643952372e-05
184.5386075949367,-15.498644067796608,2.623980230131202e-05
185.04493670886075,-15.498644067796608,3.256622201321454e-05
185.55126582278479,-15.498644067796608,4.007023847248832e-05
186.05759493670885,-15.498644067796608,4.88792126994863e-05
186.5639240506329,-15.498644067796608,5.911180273613214e-05
187.07025316455696,-15.498644067796608,7.087155040404194e-05
187.576582278481,-15.498644067796608,8.42398122268033e-05
188.08291139240504,-15.498644067796608,9.926829755416787e-05
188.5892405063291,-15.498644067796608,0.00011597155613860718
189.09556962025314,-15.498644067796608,0.0001343198266771544
189.6018987341772,-15.498644067796608,0.00015423270942004002
190.10822784810125,-15.498644067796608,0.00017557415233413048
190.61455696202532,-15.498644067796608,0.0001981492349625733
191.12088607594936,-15.498644067796608,0.00022170319234092676
191.6272151898734,-15.498644067796608,0.0002459230410138082
192.13354430379746,-15.498644067796608,0.0002704420514499191
192.6398734177215,-15.498644067796608,0.0002948471606343319
193.14620253164557,-15.498644067796608,0.00031868924353974673
193.6525316455696,-15.498644067796608,0.00034149597393796243
194.15886075949365,-15.498644067796608,0.0003627868174195872
194.66518987341772,-15.498644067796608,0.00038208952766292936
195.17151898734176,-15.498644067796608,0.00039895737600459836
195.67784810126582,-15.498644067796608,0.0004129862477677839
196.18417721518986,-15.498644067796608,0.00042383069720485617
196.69050632911393,-15.498644067796608,0.000431218072746477
197.19683544303797,-15.498644067796608,0.0004349599069317177
197.703164556962,-15.498644067796608,0.0004349599069317177
198.20949367088608,-15.498644067796608,0.0004312180727464768
198.71582278481011,-15.498644067796608,0.00042383069720485617
199.22215189873418,-15.498644067796608,0.00041298624776778324
199.72848101265822,-15.498644067796608,0.00039895737600459836
200.23481012658226,-15.498644067796608,0.00038208952766292936
200.74113924050633,-15.498644067796608,0.0003627868174195872
201.24746835443037,-15.498644067796608,0.00034149597393796243
201.75379746835443,-15.498644067796608,0.00031868924353974543
202.26012658227847,-15.498644067796608,0.0002948471606343319
202.7664556962025,-15.498644067796608,0.0002704420514499191
203.27278481012658,-15.498644067796608,0.0002459230410138082
203.77911392405062,-15.498644067796608,0.00022170319234092676
204.2854430379747,-15.498644067796608,0.00019814923496257208
204.79177215189873,-15.498644067796608,0.00017557415233413048
205.29810126582277,-15.498644067796608,0.00015423270942004002
205.80443037974683,-15.498644067796608,0.0001343198266771544
206.31075949367087,-15.498644067796608,0.00011597155613860718
206.81708860759494,-15.498644067796608,9.926829755416787e-05
207.32341772151898,-15.498644067796608,8.42398122268033e-05
207.82974683544302,-15.498644067796608,7.087155040404194e-05
208.33607594936709,-15.498644067796608,5.911180273613214e-05
208.84240506329112,-15.498644067796608,4.88792126994863e-05
209.3487341772152,-15.498644067796608,4.007023847248832e-05
209.85506329113923,-15.498644067796608,3.256622201321454e-05
210.36139240506327,-15.498644067796608,2.623980230131202e-05
210.86772151898734,-15.498644067796608,2.0960491643952372e-05
211.37405063291138,-15.498644067796608,1.6599312414204835e-05
211.88037974683544,-15.498644067796608,1.30324617723427e-05
212.38670886075948,-15.498644067796608,1.0144030533053436e-05
212.89303797468352,-15.498644067796608,7.827847620826012e-06
213.3993670886076,-15.498644067796608,5.98855310822495e-06
213.90569620253163,-15.498644067796608,4.5420213877895995e-06
214.4120253164557,-15.498644067796608,3.4152631457847516e-06
214.91835443037974,-15.498644067796608,2.545932561598829e-06
215.42468354430378,-15.498644067796608,1.881556858207479e-06
215.93101265822784,-15.498644067796608,1.3785912730418403e-06
216.43734177215188,-15.498644067796608,1.001385803944513e-06
216.94367088607595,-15.498644067796608,7.211324903608575e-07
217.45,-15.498644067796608,5.14844909178721e-07
177.45,-14.990169491525421,4.3632876853612497e-07
177.95632911392403,-14.990169491525421,6.111565752344184e-07
178.4626582278481,-14.990169491525421,8.486700108614483e-07
178.96898734177213,-14.990169491525421,1.1683499666735285e-06
179.4753164556962,-14.990169491525421,1.5946110609930877e-06
179.98164556962024,-14.990169491525421,2.1576665119414046e-06
180.48797468354428,-14.990169491525421,2.894420311942486e-06
180.99430379746835,-14.990169491525421,3.849342905925518e-06
181.5006329113924,-14.990169491525421,5.075272099306936e-06
182.00696202531645,-14.990169491525421,6.634066010542616e-06
182.5132911392405,-14.990169491525421,8.597020717444042e-06
183.01962025316453,-14.990169491525421,1.1044953333988294e-05
183.5259493670886,-14.990169491525421,1.406784337401731e-05
184.03227848101264,-14.990169491525421,1.7763923356077507e-05
184.5386075949367,-14.990169491525421,2.223811563569029e-05
185.04493670886075,-14.990169491525421,2.7599728177495316e-05
185.55126582278479,-14.990169491525421,3.3959348720257916e-05
186.05759493670885,-14.990169491525421,4.1424915161739855e-05
186.5639240506329,-14.990169491525421,5.009698966422822e-05
187.07025316455696,-14.990169491525421,6.006332346059378e-05
187.576582278481,-14.990169491525421,7.139286584239313e-05
188.08291139240504,-14.990169491525421,8.412944025334052e-05
188.5892405063291,-14.990169491525421,9.828537754388271e-05
189.09556962025314,-14.990169491525421,0.00011383545514224712
189.6018987341772,-14.990169491525421,0.00013071153461842862
190.10822784810125,-14.990169491525421,0.00014879831248002466
190.61455696202532,-14.990169491525421,0.00016793059450760197
191.12088607594936,-14.990169491525421,0.00018789246852796206
191.6272151898734,-14.990169491525421,0.0002084186824560116
192.13354430379746,-14.990169491525421,0.00022919843464658607
192.6398734177215,-14.990169491525421,0.0002498816560334135
193.14620253164557,-14.990169491525421,0.0002700877151552773
193.6525316455696,-14.990169491525421,0.0002894163176364848
194.15886075949365,-14.990169491525421,0.00030746021270432525
194.66518987341772,-14.990169491525421,0.00032381917370351716
195.17151898734176,-14.990169491525421,0.0003381146000805887
195.67784810126582,-14.990169491525421,0.0003500040064459864
196.18417721518986,-14.990169491525421,0.0003591946290664528
196.69050632911393,-14.990169491525421,0.000365455396950768
197.19683544303797,-14.990169491525421,0.0003686265847648166
197.703164556962,-14.990169491525421,0.0003686265847648166
198.20949367088608,-14.990169491525421,0.0003654553969507678
198.71582278481011,-14.990169491525421,0.0003591946290664528
199.22215189873418,-14.990169491525421,0.00035000400644598573
199.72848101265822,-14.990169491525421,0.0003381146000805887
200.23481012658226,-14.990169491525421,0.00032381917370351716
200.74113924050633,-14.990169491525421,0.00030746021270432525
201.24746835443037,-14.990169491525421,0.0002894163176364848
201.75379746835443,-14.990169491525421,0.00027008771515527616
202.26012658227847,-14.990169491525421,0.0002498816560334135
202.7664556962025,-14.990169491525421,0.00022919843464658607
203.27278481012658,-14.990169491525421,0.0002084186824560116
203.77911392405062,-14.990169491525421,0.00018789246852796206
204.2854430379747,-14.990169491525421,0.00016793059450760086
204.79177215189873,-14.990169491525421,0.00014879831248002466
205.29810126582277,-14.990169491525421,0.00013071153461842862
205.80443037974683,-14.990169491525421,0.00011383545514224712
206.31075949367087,-14.990169491525421,9.828537754388271e-05
206.81708860759494,-14.990169491525421,8.412944025334052e-05
207.32341772151898,-14.990169491525421,7.139286584239313e-05
207.82974683544302,-14.990169491525421,6.006332346059378e-05
208.33607594936709,-14.990169491525421,5.009698966422822e-05
208.84240506329112,-14.990169491525421,4.1424915161739855e-05
209.3487341772152,-14.990169491525421,3.3959348720257916e-05
209.85506329113923,-14.990169491525421,2.7599728177495316e-05
210.36139240506327,-14.990169491525421,2.223811563569029e-05
210.86772151898734,-14.990169491525421,1.7763923356077507e-05
211.37405063291138,-14.990169491525421,1.406784337401731e-05
211.88037974683544,-14.990169491525421,1.1044953333988294e-05
212.38670886075948,-14.990169491525421,8.597020717444042e-06
212.89303797468352,-14.990169491525421,6.634066010542616e-06
213.3993670886076,-14.990169491525421,5.075272099306936e-06
213.90569620253163,-14.990169491525421,3.849342905925518e-06
214.4120253164557,-14.990169491525421,2.894420311942486e-06
214.91835443037974,-14.990169491525421,2.1576665119414046e-06
215.42468354430378,-14.990169491525421,1.5946110609930877e-06
215.93101265822784,-14.990169491525421,1.1683499666735285e-06
216.43734177215188,-14.990169491525421,8.486700108614483e-07
216.94367088607595,-14.990169491525421,6.111565752344184e-07
217.45,-14.990169491525421,4.3632876853612497e-07
177.45,-14.481694915254234,3.659821153565265e-07
177.95632911392403,-14.481694915254234,5.126234902382424e-07
178.4626582278481,-14.481694915254234,7.118440685375164e-07
178.96898734177213,-14.481694915254234,9.799839550219895e-07
179.4753164556962,-14.481694915254234,1.3375215464960743e-06
179.98164556962024,-14.481694915254234,1.809798966324345e-06
180.48797468354428,-14.481694915254234,2.427770399026316e-06
180.99430379746835,-14.481694915254234,3.2287365881688897e-06
181.5006329113924,-14.481694915254234,4.257016618789666e-06
182.00696202531645,-14.481694915254234,5.564495598351096e-06
182.5132911392405,-14.481694915254234,7.210974968462481e-06
183.01962025316453,-14.481694915254234,9.264242187717423e-06
183.5259493670886,-14.481694915254234,1.1799769916158746e-05
184.03227848101264,-14.481694915254234,1.4899953236409619e-05
184.5386075949367,-14.481694915254234,1.8652798506040186e-05
185.04493670886075,-14.481694915254234,2.314999062645711e-05
185.55126582278479,-14.481694915254234,2.8484287942936673e-05
186.05759493670885,-14.481694915254234,3.474622617761912e-05
186.5639240506329,-14.481694915254234,4.202015446247231e-05
187.07025316455696,-14.481694915254234,5.0379676428856565e-05
187.576582278481,-14.481694915254234,5.988262509030621e-05
188.08291139240504,-14.481694915254234,7.056575850127314e-05
188.5892405063291,-14.481694915254234,8.243941948362943e-05
189.09556962025314,-14.481694915254234,9.548245194857763e-05
189.6018987341772,-14.481694915254234,0.00010963770301382215
190.10822784810125,-14.481694915254234,0.00012480845887293863
190.61455696202532,-14.481694915254234,0.00014085615857319496
191.12088607594936,-14.481694915254234,0.00015759970015758867
191.6272151898734,-14.481694915254234,0.00017481659653334578
192.13354430379746,-14.481694915254234,0.0001922461547282032
192.6398734177215,-14.481694915254234,0.0002095947451980331
193.14620253164557,-14.481694915254234,0.00022654310339419116
193.6525316455696,-14.481694915254234,0.00024275547198655007
194.15886075949365,-14.481694915254234,0.0002578902587858594
194.66518987341772,-14.481694915254234,0.0002716117632642502
195.17151898734176,-14.481694915254234,0.00028360242434982794
195.67784810126582,-14.481694915254234,0.0002935749735047693
196.18417721518986,-14.481694915254234,0.00030128384752507915
196.69050632911393,-14.481694915254234,0.00030653522960044687
197.19683544303797,-14.481694915254234,0.0003091951459480947
197.703164556962,-14.481694915254234,0.0003091951459480947
198.20949367088608,-14.481694915254234,0.0003065352296004466
198.71582278481011,-14.481694915254234,0.00030128384752507915
199.22215189873418,-14.481694915254234,0.0002935749735047689
199.72848101265822,-14.481694915254234,0.00028360242434982794
200.23481012658226,-14.481694915254234,0.0002716117632642502
200.74113924050633,-14.481694915254234,0.0002578902587858594
201.24746835443037,-14.481694915254234,0.00024275547198655007
201.75379746835443,-14.481694915254234,0.00022654310339419024
202.26012658227847,-14.481694915254234,0.0002095947451980331
202.7664556962025,-14.481694915254234,0.0001922461547282032
203.27278481012658,-14.481694915254234,0.00017481659653334578
203.77911392405062,-14.481694915254234,0.00015759970015758867
204.2854430379747,-14.481694915254234,0.0001408561585731941
204.79177215189873,-14.481694915254234,0.00012480845887293863
205.29810126582277,-14.481694915254234,0.00010963770301382215
205.80443037974683,-14.481694915254234,9.548245194857763e-05
206.31075949367087,-14.481694915254234,8.243941948362943e-05
206.81708860759494,-14.481694915254234,7.056575850127314e-05
207.32341772151898,-14.481694915254234,5.988262509030621e-05
207.82974683544302,-14.481694915254234,5.0379676428856565e-05
208.33607594936709,-14.481694915254234,4.202015446247231e-05
208.84240506329112,-14.481694915254234,3.474622617761912e-05
209.3487341772152,-14.481694915254234,2.8484287942936673e-05
209.85506329113923,-14.481694915254234,2.314999062645711e-05
210.36139240506327,-14.481694915254234,1.8652798506040186e-05
210.86772151898734,-14.481694915254234,1.4899953236409619e-05
211.37405063291138,-14.481694915254234,1.1799769916158746e-05
211.88037974683544,-14.481694915254234,9.264242187717423e-06
212.38670886075948,-14.481694915254234,7.210974968462481e-06
212.89303797468352,-14.481694915254234,5.564495598351096e-06
213.3993670886076,-14.481694915254234,4.257016618789666e-06
213.90569620253163,-14.481694915254234,3.2287365881688897e-06
214.4120253164557,-14.481694915254234,2.427770399026316e-06
214.91835443037974,-14.481694915254234,1.809798966324345e-06
215.42468354430378,-14.481694915254234,1.3375215464960743e-06
215.93101265822784,-14.481694915254234,9.799839550219895e-07
216.43734177215188,-14.481694915254234,7.118440685375164e-07
216.94367088607595,-14.481694915254234,5.126234902382424e-07
217.45,-14.481694915254234,3.659821153565265e-07
177.45,-13.973220338983047,3.0381867598194316e-07
177.95632911392403,-13.973220338983047,4.2555246157234856e-07
178.4626582278481,-13.973220338983047,5.909346750400186e-07
178.96898734177213,-13.973220338983047,8.135299928748799e-07
179.4753164556962,-13.973220338983047,1.1103384791300328e-06
179.98164556962024,-13.973220338983047,1.5023978021617427e-06
180.48797468354428,-13.973220338983047,2.0154044617775434e-06
180.99430379746835,-13.973220338983047,2.6803235298979575e-06
181.5006329113924,-13.973220338983047,3.533946328207477e-06
182.00696202531645,-13.973220338983047,4.6193450834379085e-06
182.5132911392405,-13.973220338983047,5.986163737326271e-06
183.01962025316453,-13.973220338983047,7.690675793560112e-06
183.5259493670886,-13.973220338983047,9.7955345968929e-06
184.03227848101264,-13.973220338983047,1.2369140115136243e-05
184.5386075949367,-13.973220338983047,1.548455049488533e-05
185.04493670886075,-13.973220338983047,1.9217877612060097e-05
185.55126582278479,-13.973220338983047,2.364612445796966e-05
186.05759493670885,-13.973220338983047,2.8844448921689902e-05
186.5639240506329,-13.973220338983047,3.4882873117743445e-05
187.07025316455696,-13.973220338983047,4.1822498823755475e-05
187.576582278481,-13.973220338983047,4.971133589830333e-05
188.08291139240504,-13.973220338983047,5.8579898901980556e-05
188.5892405063291,-13.973220338983047,6.84367738894474e-05
189.09556962025314,-13.973220338983047,7.926439821319264e-05
189.6018987341772,-13.973220338983047,9.101532662302768e-05
190.10822784810125,-13.973220338983047,0.0001036092725164548
190.61455696202532,-13.973220338983047,0.00011693121003992658
191.12088607594936,-13.973220338983047,0.00013083079808527
191.6272151898734,-13.973220338983047,0.00014512333982957126
192.13354430379746,-13.973220338983047,0.0001595924219828158
192.6398734177215,-13.973220338983047,0.0001739942890837861
193.14620253164557,-13.973220338983047,0.00018806390486872206
193.6525316455696,-13.973220338983047,0.00020152254165337307
194.15886075949365,-13.973220338983047,0.00021408662796714201
194.66518987341772,-13.973220338983047,0.0002254774832799592
195.17151898734176,-13.973220338983047,0.00023543148546287888
195.67784810126582,-13.973220338983047,0.0002437101596201327
196.18417721518986,-13.973220338983047,0.00025010965238190467
196.69050632911393,-13.973220338983047,0.0002544690674523906
197.19683544303797,-13.973220338983047,0.00025667718699992056
197.703164556962,-13.973220338983047,0.00025667718699992056
198.20949367088608,-13.973220338983047,0.0002544690674523903
198.71582278481011,-13.973220338983047,0.00025010965238190467
199.22215189873418,-13.973220338983047,0.00024371015962013225
199.72848101265822,-13.973220338983047,0.00023543148546287888
200.23481012658226,-13.973220338983047,0.0002254774832799592
200.74113924050633,-13.973220338983047,0.00021408662796714201
201.24746835443037,-13.973220338983047,0.00020152254165337307
201.75379746835443,-13.973220338983047,0.0001880639048687213
202.26012658227847,-13.973220338983047,0.0001739942890837861
202.7664556962025,-13.973220338983047,0.0001595924219828158
203.27278481012658,-13.973220338983047,0.00014512333982957126
203.77911392405062,-13.973220338983047,0.00013083079808527
204.2854430379747,-13.973220338983047,0.00011693121003992585
204.79177215189873,-13.973220338983047,0.0001036092725164548
205.29810126582277,-13.973220338983047,9.101532662302768e-05
205.80443037974683,-13.973220338983047,7.926439821319264e-05
206.31075949367087,-13.973220338983047,6.84367738894474e-05
206.81708860759494,-13.973220338983047,5.8579898901980556e-05
207.32341772151898,-13.973220338983047,4.971133589830333e-05
207.82974683544302,-13.973220338983047,4.1822498823755475e-05
208.33607594936709,-13.973220338983047,3.4882873117743445e-05
208.84240506329112,-13.973220338983047,2.8844448921689902e-05
209.3487341772152,-13.973220338983047,2.364612445796966e-05
209.85506329113923,-13.973220338983047,1.9217877612060097e-05
210.36139240506327,-13.973220338983047,1.548455049488533e-05
210.86772151898734,-13.973220338983047,1.2369140115136243e-05
211.37405063291138,-13.973220338983047,9.7955345968929e-06
211.88037974683544,-13.973220338983047,7.690675793560112e-06
212.38670886075948,-13.973220338983047,5.986163737326271e-06
212.89303797468352,-13.973220338983047,4.6193450834379085e-06
213.3993670886076,-13.973220338983047,3.533946328207477e-06
213.90569620253163,-13.973220338983047,2.6803235298979575e-06
214.4120253164557,-13.973220338983047,2.0154044617775434e-06
214.91835443037974,-13.973220338983047,1.5023978021617427e-06
215.42468354430378,-13.973220338983047,1.1103384791300328e-06
215.93101265822784,-13.973220338983047,8.135299928748799e-07
216.43734177215188,-13.973220338983047,5.909346750400186e-07
216.94367088607595,-13.973220338983047,4.2555246157234856e-07
217.45,-13.973220338983047,3.0381867598194316e-07
177.45,-13.46474576271186,2.4961901185474004e-07
177.95632911392403,-13.46474576271186,3.496361262411512e-07
178.4626582278481,-13.46474576271186,4.855150170655025e-07
178.96898734177213,-13.46474576271186,6.684004934169703e-07
179.4753164556962,-13.46474576271186,9.122598967589677e-07
179.98164556962024,-13.46474576271186,1.2343778853497356e-06
180.48797468354428,-13.46474576271186,1.655866837713575e-06
180.99430379746835,-13.46474576271186,2.202167818754835e-06
181.5006329113924,-13.46474576271186,2.9035087706302375e-06
182.00696202531645,-13.46474576271186,3.7952780599055575e-06
182.5132911392405,-13.46474576271186,4.918263408536718e-06
183.01962025316453,-13.46474576271186,6.3186994212223534e-06
183.5259493670886,-13.46474576271186,8.048062413420078e-06
184.03227848101264,-13.46474576271186,1.0162550156122202e-05
184.5386075949367,-13.46474576271186,1.2722187604351981e-05
185.04493670886075,-13.46474576271186,1.5789508673103697e-05
185.55126582278479,-13.46474576271186,1.9427779422432203e-05
186.05759493670885,-13.46474576271186,2.369874996675546e-05
186.5639240506329,-13.46474576271186,2.865995084128043e-05
187.07025316455696,-13.46474576271186,3.436158358580416e-05
187.576582278481,-13.46474576271186,4.084309335101919e-05
188.08291139240504,-13.46474576271186,4.812955105936953e-05
188.5892405063291,-13.46474576271186,5.622801105823215e-05
189.09556962025314,-13.46474576271186,6.51240437846346e-05
189.6018987341772,-13.46474576271186,7.477866797308695e-05
190.10822784810125,-13.46474576271186,8.512591973142247e-05
190.61455696202532,-13.46474576271186,9.607129321727512e-05
191.12088607594936,-13.46474576271186,0.00010749126739053104
191.6272151898734,-13.46474576271186,0.00011923409437631234
192.13354430379746,-13.46474576271186,0.00013112196788463024
192.6398734177215,-13.46474576271186,0.0001429546171547533
193.14620253164557,-13.46474576271186,0.00015451428700737383
193.6525316455696,-13.46474576271186,0.0001655719733205619
194.15886075949365,-13.46474576271186,0.00017589469229221285
194.66518987341772,-13.46474576271186,0.00018525347854251803
195.17151898734176,-13.46474576271186,0.0001934317387527232
195.67784810126582,-13.46474576271186,0.00020023354070226464
196.18417721518986,-13.46474576271186,0.00020549139739722315
196.69050632911393,-13.46474576271186,0.00020907311560016873
197.19683544303797,-13.46474576271186,0.00021088731815940937
197.703164556962,-13.46474576271186,0.00021088731815940937
198.20949367088608,-13.46474576271186,0.0002090731156001685
198.71582278481011,-13.46474576271186,0.00020549139739722315
199.22215189873418,-13.46474576271186,0.00020023354070226426
199.72848101265822,-13.46474576271186,0.0001934317387527232
200.23481012658226,-13.46474576271186,0.00018525347854251803
200.74113924050633,-13.46474576271186,0.00017589469229221285
201.24746835443037,-13.46474576271186,0.0001655719733205619
201.75379746835443,-13.46474576271186,0.0001545142870073732
202.26012658227847,-13.46474576271186,0.0001429546171547533
202.7664556962025,-13.46474576271186,0.00013112196788463024
203.27278481012658,-13.46474576271186,0.00011923409437631234
203.77911392405062,-13.46474576271186,0.00010749126739053104
204.2854430379747,-13.46474576271186,9.607129321727451e-05
204.79177215189873,-13.46474576271186,8.512591973142247e-05
205.29810126582277,-13.46474576271186,7.477866797308695e-05
205.80443037974683,-13.46474576271186,6.51240437846346e-05
206.31075949367087,-13.46474576271186,5.622801105823215e-05
206.81708860759494,-13.46474576271186,4.812955105936953e-05
207.32341772151898,-13.46474576271186,4.084309335101919e-05
207.82974683544302,-13.46474576271186,3.436158358580416e-05
208.33607594936709,-13.46474576271186,2.865995084128043e-05
208.84240506329112,-13.46474576271186,2.369874996675546e-05
209.3487341772152,-13.46474576271186,1.9427779422432203e-05
209.85506329113923,-13.46474576271186,1.5789508673103697e-05
210.36139240506327,-13.46474576271186,1.2722187604351981e-05
210.86772151898734,-13.46474576271186,1.0162550156122202e-05
211.37405063291138,-13.46474576271186,8.048062413420078e-06
211.88037974683544,-13.46474576271186,6.3186994212223534e-06
212.38670886075948,-13.46474576271186,4.918263408536718e-06
212.89303797468352,-13.46474576271186,3.7952780599055575e-06
213.3993670886076,-13.46474576271186,2.9035087706302375e-06
213.90569620253163,-13.46474576271186,2.202167818754835e-06
214.4120253164557,-13.46474576271186,1.655866837713575e-06
214.91835443037974,-13.46474576271186,1.2343778853497356e-06
215.42468354430378,-13.46474576271186,9.122598967589677e-07
215.93101265822784,-13.46474576271186,6.684004934169703e-07
216.43734177215188,-13.46474576271186,4.855150170655025e-07
216.94367088607595,-13.46474576271186,3.496361262411512e-07
217.45,-13.46474576271186,2.4961901185474004e-07
177.45,-12.956271186440674,2.029782209068442e-07
177.95632911392403,-12.956271186440674,2.843073463910999e-07
178.4626582278481,-12.956271186440674,3.9479755029580876e-07
178.96898734177213,-12.956271186440674,5.435112574116911e-07
179.4753164556962,-12.956271186440674,7.418060406254293e-07
179.98164556962024,-12.956271186440674,1.0037369559048052e-06
180.48797468354428,-12.956271186440674,1.3464715779474843e-06
180.99430379746835,-12.956271186440674,1.7906973618230616e-06
181.5006329113924,-12.956271186440674,2.360994221837968e-06
182.00696202531645,-12.956271186440674,3.086138282186221e-06
182.5132911392405,-12.956271186440674,3.999296164175796e-06
183.01962025316453,-12.956271186440674,5.138063633194636e-06
183.5259493670886,-12.956271186440674,6.5442987626834825e-06
184.03227848101264,-12.956271186440674,8.263698887513595e-06
184.5386075949367,-12.956271186440674,1.0345073425245337e-05
185.04493670886075,-12.956271186440674,1.2839271959480435e-05
185.55126582278479,-12.956271186440674,1.57977394191059e-05
186.05759493670885,-12.956271186440674,1.927068803864755e-05
186.5639240506329,-12.956271186440674,2.3304898892981726e-05
187.07025316455696,-12.956271186440674,2.794119346905788e-05
187.576582278481,-12.956271186440674,3.32116466735569e-05
188.08291139240504,-12.956271186440674,3.913664497943343e-05
188.5892405063291,-12.956271186440674,4.572192464399264e-05
189.09556962025314,-12.956271186440674,5.295575223796223e-05
189.6018987341772,-12.956271186440674,6.080643006388286e-05
190.10822784810125,-12.956271186440674,6.922031944505056e-05
190.61455696202532,-12.956271186440674,7.81205727583365e-05
191.12088607594936,-12.956271186440674,8.740674861195496e-05
191.6272151898734,-12.956271186440674,9.69554529044702e-05
192.13354430379746,-12.956271186440674,0.0001066221020797668
192.6398734177215,-12.956271186440674,0.00011624384555042001
193.14620253164557,-12.956271186440674,0.00012564361523751747
193.6525316455696,-12.956271186440674,0.00013463519596095607
194.15886075949365,-12.956271186440674,0.00014302913645538576
194.66518987341772,-12.956271186440674,0.00015063925304394048
195.17151898734176,-12.956271186440674,0.0001572894224170437
195.67784810126582,-12.956271186440674,0.0001628203218802706
196.18417721518986,-12.956271186440674,0.00016709575903466045
196.69050632911393,-12.956271186440674,0.00017000824067306468
197.19683544303797,-12.956271186440674,0.00017148346327371182
197.703164556962,-12.956271186440674,0.00017148346327371182
198.20949367088608,-12.956271186440674,0.00017000824067306454
198.71582278481011,-12.956271186440674,0.00016709575903466045
199.22215189873418,-12.956271186440674,0.00016282032188027037
199.72848101265822,-12.956271186440674,0.0001572894224170437
200.23481012658226,-12.956271186440674,0.00015063925304394048
200.74113924050633,-12.956271186440674,0.00014302913645538576
201.24746835443037,-12.956271186440674,0.00013463519596095607
201.75379746835443,-12.956271186440674,0.00012564361523751695
202.26012658227847,-12.956271186440674,0.00011624384555042001
202.7664556962025,-12.956271186440674,0.0001066221020797668
203.27278481012658,-12.956271186440674,9.69554529044702e-05
203.77911392405062,-12.956271186440674,8.740674861195496e-05
204.2854430379747,-12.956271186440674,7.812057275833602e-05
204.79177215189873,-12.956271186440674,6.922031944505056e-05
205.29810126582277,-12.956271186440674,6.080643006388286e-05
205.80443037974683,-12.956271186440674,5.295575223796223e-05
206.31075949367087,-12.956271186440674,4.572192464399264e-05
206.81708860759494,-12.956271186440674,3.913664497943343e-05
207.32341772151898,-12.956271186440674,3.32116466735569e-05
207.82974683544302,-12.956271186440674,2.794119346905788e-05
208.33607594936709,-12.956271186440674,2.3304898892981726e-05
208.84240506329112,-12.956271186440674,1.927068803864755e-05
209.3487341772152,-12.956271186440674,1.57977394191059e-05
209.85506329113923,-12.956271186440674,1.2839271959480435e-05
210.36139240506327,-12.956271186440674,1.0345073425245337e-05
210.86772151898734,-12.956271186440674,8.263698887513595e-06
211.37405063291138,-12.956271186440674,6.5442987626834825e-06
211.88037974683544,-12.956271186440674,5.138063633194636e-06
212.38670886075948,-12.956271186440674,3.999296164175796e-06
212.89303797468352,-12.956271186440674,3.086138282186221e-06
213.3993670886076,-12.956271186440674,2.360994221837968e-06
213.90569620253163,-12.956271186440674,1.7906973618230616e-06
214.4120253164557,-12.956271186440674,1.3464715779474843e-06
214.91835443037974,-12.956271186440674,1.0037369559048052e-06
215.42468354430378,-12.956271186440674,7.418060406254293e-07
215.93101265822784,-12.956271186440674,5.435112574116911e-07
216.43734177215188,-12.956271186440674,3.9479755029580876e-07
216.94367088607595,-12.956271186440674,2.843073463910999e-07
217.45,-12.956271186440674,2.029782209068442e-07
177.45,-12.447796610169487,1.6335401478495104e-07
177.95632911392403,-12.447796610169487,2.2880655007394402e-07
178.4626582278481,-12.447796610169487,3.1772751076423187e-07
178.96898734177213,-12.447796610169487,4.374102087522183e-07
179.4753164556962,-12.447796610169487,5.969950588122742e-07
179.98164556962024,-12.447796610169487,8.077933721289526e-07
180.48797468354428,-12.447796610169487,1.0836213711445184e-06
180.99430379746835,-12.447796610169487,1.441128028473884e-06
181.5006329113924,-12.447796610169487,1.9000949131301522e-06
182.00696202531645,-12.447796610169487,2.4836806447723277e-06
182.5132911392405,-12.447796610169487,3.218577253330047e-06
183.01962025316453,-12.447796610169487,4.135041281537776e-06
183.5259493670886,-12.447796610169487,5.266759517648755e-06
184.03227848101264,-12.447796610169487,6.6505085334687764e-06
184.5386075949367,-12.447796610169487,8.325569461141864e-06
185.04493670886075,-12.447796610169487,1.033286532972194e-05
185.55126582278479,-12.447796610169487,1.2713798293767636e-05
186.05759493670885,-12.447796610169487,1.5508778452768786e-05
186.5639240506329,-12.447796610169487,1.8755454557231047e-05
187.07025316455696,-12.447796610169487,2.2486679165191918e-05
187.576582278481,-12.447796610169487,2.6728265710017583e-05
188.08291139240504,-12.447796610169487,3.149662093815392e-05
188.5892405063291,-12.447796610169487,3.679636130872867e-05
189.09556962025314,-12.447796610169487,4.261804392303938e-05
189.6018987341772,-12.447796610169487,4.893615892039122e-05
190.10822784810125,-12.447796610169487,5.570753864886465e-05
190.61455696202532,-12.447796610169487,6.287033722317857e-05
191.12088607594936,-12.447796610169487,7.034372082517513e-05
191.6272151898734,-12.447796610169487,7.802838361908411e-05
192.13354430379746,-12.447796610169487,8.580796679430091e-05
192.6398734177215,-12.447796610169487,9.355141049057534e-05
193.14620253164557,-12.447796610169487,0.00010111621281065256
193.6525316455696,-12.447796610169487,0.00010835251039900703
194.15886075949365,-12.447796610169487,0.00011510783554426172
194.66518987341772,-12.447796610169487,0.0001212323502442526
195.17151898734176,-12.447796610169487,0.00012658431293878665
195.67784810126582,-12.447796610169487,0.00013103550296623644
196.18417721518986,-12.447796610169487,0.00013447631460115003
196.69050632911393,-12.447796610169487,0.0001368202388236366
197.19683544303797,-12.447796610169487,0.00013800747720537314
197.703164556962,-12.447796610169487,0.00013800747720537314
198.20949367088608,-12.447796610169487,0.00013682023882363647
198.71582278481011,-12.447796610169487,0.00013447631460115003
199.22215189873418,-12.447796610169487,0.00013103550296623628
199.72848101265822,-12.447796610169487,0.00012658431293878665
200.23481012658226,-12.447796610169487,0.0001212323502442526
200.74113924050633,-12.447796610169487,0.00011510783554426172
201.24746835443037,-12.447796610169487,0.00010835251039900703
201.75379746835443,-12.447796610169487,0.00010111621281065214
202.26012658227847,-12.447796610169487,9.355141049057534e-05
202.7664556962025,-12.447796610169487,8.580796679430091e-05
203.27278481012658,-12.447796610169487,7.802838361908411e-05
203.77911392405062,-12.447796610169487,7.034372082517513e-05
204.2854430379747,-12.447796610169487,6.287033722317817e-05
204.79177215189873,-12.447796610169487,5.570753864886465e-05
205.29810126582277,-12.447796610169487,4.893615892039122e-05
205.80443037974683,-12.447796610169487,4.261804392303938e-05
206.31075949367087,-12.447796610169487,3.679636130872867e-05
206.81708860759494,-12.447796610169487,3.149662093815392e-05
207.32341772151898,-12.447796610169487,2.6728265710017583e-05
207.82974683544302,-12.447796610169487,2.2486679165191918e-05
208.33607594936709,-12.447796610169487,1.8755454557231047e-05
208.84240506329112,-12.447796610169487,1.5508778452768786e-05
209.3487341772152,-12.447796610169487,1.2713798293767636e-05
209.85506329113923,-12.447796610169487,1.033286532972194e-05
210.36139240506327,-12.447796610169487,8.325569461141864e-06
210.86772151898734,-12.447796610169487,6.6505085334687764e-06
211.37405063291138,-12.447796610169487,5.266759517648755e-06
211.88037974683544,-12.447796610169487,4.135041281537776e-06
212.38670886075948,-12.447796610169487,3.218577253330047e-06
212.89303797468352,-12.447796610169487,2.4836806447723277e-06
213.3993670886076,-12.447796610169487,1.9000949131301522e-06
213.90569620253163,-12.447796610169487,1.441128028473884e-06
214.4120253164557,-12.447796610169487,1.0836213711445184e-06
214.91835443037974,-12.447796610169487,8.077933721289526e-07
215.42468354430378,-12.447796610169487,5.969950588122742e-07
215.93101265822784,-12.447796610169487,4.374102087522183e-07
216.43734177215188,-12.447796610169487,3.1772751076423187e-07
216.94367088607595,-12.447796610169487,2.2880655007394402e-07
217.45,-12.447796610169487,1.6335401478495104e-07
177.45,-11.9393220338983,1.301124254928009e-07
177.95632911392403,-11.9393220338983,1.8224575158408335e-07
178.4626582278481,-11.9393220338983,2.530718153805222e-07
178.96898734177213,-11.9393220338983,3.4839978234380413e-07
179.4753164556962,-11.9393220338983,4.7551004615062735e-07
179.98164556962024,-11.9393220338983,6.434121321295461e-07
180.48797468354428,-11.9393220338983,8.631107420350772e-07
180.99430379746835,-11.9393220338983,1.1478668796554704e-06
181.5006329113924,-11.9393220338983,1.513436680080131e-06
182.00696202531645,-11.9393220338983,1.978266118933628e-06
182.5132911392405,-11.9393220338983,2.563615553728707e-06
183.01962025316453,-11.9393220338983,3.293584497216196e-06
183.5259493670886,-11.9393220338983,4.195004672708573e-06
184.03227848101264,-11.9393220338983,5.297168834138197e-06
184.5386075949367,-11.9393220338983,6.631364632354018e-06
185.04493670886075,-11.9393220338983,8.230187498669595e-06
185.55126582278479,-11.9393220338983,1.0126614490657356e-05
186.05759493670885,-11.9393220338983,1.2352832488241569e-05
186.5639240506329,-11.9393220338983,1.493882894077576e-05
187.07025316455696,-11.9393220338983,1.79107711023402e-05
187.576582278481,-11.9393220338983,2.128921952316064e-05
188.08291139240504,-11.9393220338983,2.5087242272468996e-05
188.5892405063291,-11.9393220338983,2.9308516386884694e-05
189.09556962025314,-11.9393220338983,3.39455205425182e-05
189.6018987341772,-11.9393220338983,3.897793598654699e-05
190.10822784810125,-11.9393220338983,4.437137943245379e-05
190.61455696202532,-11.9393220338983,5.007659027191353e-05
191.12088607594936,-11.9393220338983,5.602918389732271e-05
191.6272151898734,-11.9393220338983,6.215006263131687e-05
192.13354430379746,-11.9393220338983,6.834654600261936e-05
192.6398734177215,-11.9393220338983,7.451424406817077e-05
193.14620253164557,-11.9393220338983,8.053965323570536e-05
193.6525316455696,-11.9393220338983,8.630340646851071e-05
194.15886075949365,-11.9393220338983,9.168406234525e-05
194.66518987341772,-11.9393220338983,9.656227402331122e-05
195.17151898734176,-11.9393220338983,0.00010082514352333263
195.67784810126582,-11.9393220338983,0.00010437054234051681
196.18417721518986,-11.9393220338983,0.00010711116887529667
196.69050632911393,-11.9393220338983,0.00010897811818878944
197.19683544303797,-11.9393220338983,0.00010992376048407831
197.703164556962,-11.9393220338983,0.00010992376048407831
198.20949367088608,-11.9393220338983,0.0001089781181887894
198.71582278481011,-11.9393220338983,0.00010711116887529667
199.22215189873418,-11.9393220338983,0.00010437054234051662
199.72848101265822,-11.9393220338983,0.00010082514352333263
200.23481012658226,-11.9393220338983,9.656227402331122e-05
200.74113924050633,-11.9393220338983,9.168406234525e-05
201.24746835443037,-11.9393220338983,8.630340646851071e-05
201.75379746835443,-11.9393220338983,8.053965323570501e-05
202.26012658227847,-11.9393220338983,7.451424406817077e-05
202.7664556962025,-11.9393220338983,6.834654600261936e-05
203.27278481012658,-11.9393220338983,6.215006263131687e-05
203.77911392405062,-11.9393220338983,5.602918389732271e-05
204.2854430379747,-11.9393220338983,5.007659027191321e-05
204.79177215189873,-11.9393220338983,4.437137943245379e-05
205.29810126582277,-11.9393220338983,3.897793598654699e-05
205.80443037974683,-11.9393220338983,3.39455205425182e-05
206.31075949367087,-11.9393220338983,2.9308516386884694e-05
206.81708860759494,-11.9393220338983,2.5087242272468996e-05
207.32341772151898,-11.9393220338983,2.128921952316064e-05
207.82974683544302,-11.9393220338983,1.79107711023402e-05
208.33607594936709,-11.9393220338983,1.493882894077576e-05
208.84240506329112,-11.9393220338983,1.2352832488241569e-05
209.3487341772152,-11.9393220338983,1.0126614490657356e-05
209.85506329113923,-11.9393220338983,8.230187498669595e-06
210.36139240506327,-11.9393220338983,6.631364632354018e-06
210.86772151898734,-11.9393220338983,5.297168834138197e-06
211.37405063291138,-11.9393220338983,4.195004672708573e-06
211.88037974683544,-11.9393220338983,3.293584497216196e-06
212.38670886075948,-11.9393220338983,2.563615553728707e-06
212.89303797468352,-11.9393220338983,1.978266118933628e-06
213.3993670886076,-11.9393220338983,1.513436680080131e-06
213.90569620253163,-11.9393220338983,1.1478668796554704e-06
214.4120253164557,-11.9393220338983,8.631107420350772e-07
214.91835443037974,-11.9393220338983,6.434121321295461e-07
215.42468354430378,-11.9393220338983,4.7551004615062735e-07
215.93101265822784,-11.9393220338983,3.4839978234380413e-07
216.43734177215188,-11.9393220338983,2.530718153805222e-07
216.94367088607595,-11.9393220338983,1.8224575158408335e-07
217.45,-11.9393220338983,1.301124254928009e-07
177.45,-11.430847457627117,1.0256904741101925e-07
177.95632911392403,-11.430847457627117,1.436663182927054e-07
178.4626582278481,-11.430847457627117,1.994992786572387e-07
178.96898734177213,-11.430847457627117,2.746473571441311e-07
179.4753164556962,-11.430847457627117,3.748497676783239e-07
179.98164556962024,-11.430847457627117,5.072088175688631e-07
180.48797468354428,-11.430847457627117,6.803996335127425e-07
180.99430379746835,-11.430847457627117,9.048760097661469e-07
181.5006329113924,-11.430847457627117,1.1930586798668474e-06
182.00696202531645,-11.430847457627117,1.5594888080519495e-06
182.5132911392405,-11.430847457627117,2.0209261665679655e-06
183.01962025316453,-11.430847457627117,2.5963686647733517e-06
183.5259493670886,-11.430847457627117,3.3069680434809805e-06
184.03227848101264,-11.430847457627117,4.1758161008454645e-06
184.5386075949367,-11.430847457627117,5.22757723406908e-06
185.04493670886075,-11.430847457627117,6.487946777991066e-06
185.55126582278479,-11.430847457627117,7.98292090760247e-06
186.05759493670885,-11.430847457627117,9.737872892216057e-06
186.5639240506329,-11.430847457627117,1.1776442165981415e-05
187.07025316455696,-11.430847457627117,1.4119256661351606e-05
187.576582278481,-11.430847457627117,1.6782524484838518e-05
188.08291139240504,-11.430847457627117,1.9776547338278387e-05
188.5892405063291,-11.430847457627117,2.310422386983586e-05
189.09556962025314,-11.430847457627117,2.6759624937665336e-05
189.6018987341772,-11.430847457627117,3.0726733046791254e-05
190.10822784810125,-11.430847457627117,3.497844347657241e-05
190.61455696202532,-11.430847457627117,3.94759235509469e-05
191.12088607594936,-11.430847457627117,4.416841817988537e-05
191.6272151898734,-11.430847457627117,4.8993573799621956e-05
192.13354430379746,-11.430847457627117,5.387832938146211e-05
192.6398734177215,-11.430847457627117,5.8740393192096344e-05
193.14620253164557,-11.430847457627117,6.349028910891514e-05
193.6525316455696,-11.430847457627117,6.803391879195212e-05
194.15886075949365,-11.430847457627117,7.227554864116423e-05
194.66518987341772,-11.430847457627117,7.612109623581524e-05
195.17151898734176,-11.430847457627117,7.948156286456836e-05
195.67784810126582,-11.430847457627117,8.227643951061824e-05
196.18417721518986,-11.430847457627117,8.443690536864104e-05
196.69050632911393,-11.430847457627117,8.590864192204353e-05
197.19683544303797,-11.430847457627117,8.665410208122497e-05
197.703164556962,-11.430847457627117,8.665410208122497e-05
198.20949367088608,-11.430847457627117,8.590864192204349e-05
198.71582278481011,-11.430847457627117,8.443690536864104e-05
199.22215189873418,-11.430847457627117,8.22764395106181e-05
199.72848101265822,-11.430847457627117,7.948156286456836e-05
200.23481012658226,-11.430847457627117,7.612109623581524e-05
200.74113924050633,-11.430847457627117,7.227554864116423e-05
201.24746835443037,-11.430847457627117,6.803391879195212e-05
201.75379746835443,-11.430847457627117,6.349028910891487e-05
202.26012658227847,-11.430847457627117,5.8740393192096344e-05
202.7664556962025,-11.430847457627117,5.387832938146211e-05
203.27278481012658,-11.430847457627117,4.8993573799621956e-05
203.77911392405062,-11.430847457627117,4.416841817988537e-05
204.2854430379747,-11.430847457627117,3.9475923550946626e-05
204.79177215189873,-11.430847457627117,3.497844347657241e-05
205.29810126582277,-11.430847457627117,3.0726733046791254e-05
205.80443037974683,-11.430847457627117,2.6759624937665336e-05
206.31075949367087,-11.430847457627117,2.310422386983586e-05
206.81708860759494,-11.430847457627117,1.9776547338278387e-05
207.32341772151898,-11.430847457627117,1.6782524484838518e-05
207.82974683544302,-11.430847457627117,1.4119256661351606e-05
208.33607594936709,-11.430847457627117,1.1776442165981415e-05
208.84240506329112,-11.430847457627117,9.737872892216057e-06
209.3487341772152,-11.430847457627117,7.98292090760247e-06
209.85506329113923,-11.430847457627117,6.487946777991066e-06
210.36139240506327,-11.430847457627117,5.22757723406908e-06
210.86772151898734,-11.430847457627117,4.1758161008454645e-06
211.37405063291138,-11.430847457627117,3.3069680434809805e-06
211.88037974683544,-11.430847457627117,2.5963686647733517e-06
212.38670886075948,-11.430847457627117,2.0209261665679655e-06
212.89303797468352,-11.430847457627117,1.5594888080519495e-06
213.3993670886076,-11.430847457627117,1.1930586798668474e-06
213.90569620253163,-11.430847457627117,9.048760097661469e-07
214.4120253164557,-11.430847457627117,6.803996335127425e-07
214.91835443037974,-11.430847457627117,5.072088175688631e-07
215.42468354430378,-11.430847457627117,3.748497676783239e-07
215.93101265822784,-11.430847457627117,2.746473571441311e-07
216.43734177215188,-11.430847457627117,1.994992786572387e-07
216.94367088607595,-11.430847457627117,1.436663182927054e-07
217.45,-11.430847457627117,1.0256904741101925e-07
177.45,-10.92237288135593,8.002440623959967e-08
177.95632911392403,-10.92237288135593,1.120885111853732e-07
178.4626582278481,-10.92237288135593,1.5564940615855642e-07
178.96898734177213,-10.92237288135593,2.1427996296642177e-07
179.4753164556962,-10.92237288135593,2.9245791829677343e-07
179.98164556962024,-10.92237288135593,3.9572449476680145e-07
180.48797468354428,-10.92237288135593,5.30848029223765e-07
180.99430379746835,-10.92237288135593,7.059845755593378e-07
181.5006329113924,-10.92237288135593,9.308247943724987e-07
182.00696202531645,-10.92237288135593,1.216713707026698e-06
182.5132911392405,-10.92237288135593,1.57672729362111e-06
183.01962025316453,-10.92237288135593,2.0256877296031927e-06
183.5259493670886,-10.92237288135593,2.580097610465528e-06
184.03227848101264,-10.92237288135593,3.2579731651092473e-06
184.5386075949367,-10.92237288135593,4.078557564755975e-06
185.04493670886075,-10.92237288135593,5.061898318528012e-06
185.55126582278479,-10.92237288135593,6.228277651138084e-06
186.05759493670885,-10.92237288135593,7.5974917960734056e-06
186.5639240506329,-10.92237288135593,9.187984248027666e-06
187.07025316455696,-10.92237288135593,1.1015848927030088e-05
187.576582278481,-10.92237288135593,1.3093731403383042e-05
188.08291139240504,-10.92237288135593,1.5429669068419575e-05
188.5892405063291,-10.92237288135593,1.8025923448439557e-05
189.09556962025314,-10.92237288135593,2.0877868624925866e-05
189.6018987341772,-10.92237288135593,2.3973007742762678e-05
190.10822784810125,-10.92237288135593,2.729019368953786e-05
190.61455696202532,-10.92237288135593,3.0799129197966705e-05
191.12088607594936,-10.92237288135593,3.446021512926657e-05
191.6272151898734,-10.92237288135593,3.822480321143693e-05
192.13354430379746,-10.92237288135593,4.2035891204639166e-05
192.6398734177215,-10.92237288135593,4.5829275070103954e-05
193.14620253164557,-10.92237288135593,4.953514550604687e-05
193.6525316455696,-10.92237288135593,5.308008695510425e-05
194.15886075949365,-10.92237288135593,5.6389408029435446e-05
194.66518987341772,-10.92237288135593,5.938970559186561e-05
195.17151898734176,-10.92237288135593,6.201154281705048e-05
195.67784810126582,-10.92237288135593,6.419210654225318e-05
196.18417721518986,-10.92237288135593,6.58777027513745e-05
196.69050632911393,-10.92237288135593,6.702595211899509e-05
197.19683544303797,-10.92237288135593,6.760756039283158e-05
197.703164556962,-10.92237288135593,6.760756039283158e-05
198.20949367088608,-10.92237288135593,6.702595211899506e-05
198.71582278481011,-10.92237288135593,6.58777027513745e-05
199.22215189873418,-10.92237288135593,6.419210654225307e-05
199.72848101265822,-10.92237288135593,6.201154281705048e-05
200.23481012658226,-10.92237288135593,5.938970559186561e-05
200.74113924050633,-10.92237288135593,5.6389408029435446e-05
201.24746835443037,-10.92237288135593,5.308008695510425e-05
201.75379746835443,-10.92237288135593,4.953514550604662e-05
202.26012658227847,-10.92237288135593,4.5829275070103954e-05
202.7664556962025,-10.92237288135593,4.2035891204639166e-05
203.27278481012658,-10.92237288135593,3.822480321143693e-05
203.77911392405062,-10.92237288135593,3.446021512926657e-05
204.2854430379747,-10.92237288135593,3.079912919796651e-05
204.79177215189873,-10.92237288135593,2.729019368953786e-05
205.29810126582277,-10.92237288135593,2.3973007742762678e-05
205.80443037974683,-10.92237288135593,2.0877868624925866e-05
206.31075949367087,-10.92237288135593,1.8025923448439557e-05
206.81708860759494,-10.92237288135593,1.5429669068419575e-05
207.32341772151898,-10.92237288135593,1.3093731403383042e-05
207.82974683544302,-10.92237288135593,1.1015848927030088e-05
208.33607594936709,-10.92237288135593,9.187984248027666e-06
208.84240506329112,-10.92237288135593,7.5974917960734056e-06
209.3487341772152,-10.92237288135593,6.228277651138084e-06
209.85506329113923,-10.92237288135593,5.061898318528012e-06
210.36139240506327,-10.92237288135593,4.078557564755975e-06
210.86772151898734,-10.92237288135593,3.2579731651092473e-06
211.37405063291138,-10.92237288135593,2.580097610465528e-06
211.88037974683544,-10.92237288135593,2.0256877296031927e-06
212.38670886075948,-10.92237288135593,1.57672729362111e-06
212.89303797468352,-10.92237288135593,1.216713707026698e-06
213.3993670886076,-10.92237288135593,9.308247943724987e-07
213.90569620253163,-10.92237288135593,7.059845755593378e-07
214.4120253164557,-10.92237288135593,5.30848029223765e-07
214.91835443037974,-10.92237288135593,3.9572449476680145e-07
215.42468354430378,-10.92237288135593,2.9245791829677343e-07
215.93101265822784,-10.92237288135593,2.1427996296642177e-07
216.43734177215188,-10.92237288135593,1.5564940615855642e-07
216.94367088607595,-10.92237288135593,1.120885111853732e-07
217.45,-10.92237288135593,8.002440623959967e-08
177.45,-10.413898305084743,6.179270228130345e-08
177.95632911392403,-10.413898305084743,8.655174497758282e-08
178.4626582278481,-10.413898305084743,1.2018830088186196e-07
178.96898734177213,-10.413898305084743,1.6546124587027073e-07
179.4753164556962,-10.413898305084743,2.258281682342501e-07
179.98164556962024,-10.413898305084743,3.0556785160429966e-07
180.48797468354428,-10.413898305084743,4.0990662433942074e-07
180.99430379746835,-10.413898305084743,5.45142372717076e-07
181.5006329113924,-10.413898305084743,7.187579651950324e-07
182.00696202531645,-10.413898305084743,9.395137232855515e-07
182.5132911392405,-10.413898305084743,1.2175065684563834e-06
183.01962025316453,-10.413898305084743,1.5641817874347254e-06
183.5259493670886,-10.413898305084743,1.9922822422805446e-06
184.03227848101264,-10.413898305084743,2.515719582214781e-06
184.5386075949367,-10.413898305084743,3.149352868442911e-06
185.04493670886075,-10.413898305084743,3.9086622503454484e-06
185.55126582278479,-10.413898305084743,4.80930911839274e-06
186.05759493670885,-10.413898305084743,5.866579593652707e-06
186.5639240506329,-10.413898305084743,7.094715248542898e-06
187.07025316455696,-10.413898305084743,8.506143376880761e-06
187.576582278481,-10.413898305084743,1.0110628549221578e-05
188.08291139240504,-10.413898305084743,1.1914377023794547e-05
188.5892405063291,-10.413898305084743,1.391913509061188e-05
189.09556962025314,-10.413898305084743,1.6121330739344004e-05
189.6018987341772,-10.413898305084743,1.8511314233317914e-05
190.10822784810125,-10.413898305084743,2.107275633895606e-05
190.61455696202532,-10.413898305084743,2.3782262318262432e-05
191.12088607594936,-10.413898305084743,2.6609254777309688e-05
191.6272151898734,-10.413898305084743,2.9516168823966898e-05
192.13354430379746,-10.413898305084743,3.2458988855979346e-05
192.6398734177215,-10.413898305084743,3.538813823492684e-05
193.14620253164557,-10.413898305084743,3.824971208847938e-05
193.6525316455696,-10.413898305084743,4.0987020890376606e-05
194.15886075949365,-10.413898305084743,4.354238995224912e-05
194.66518987341772,-10.413898305084743,4.585913933837359e-05
195.17151898734176,-10.413898305084743,4.788365179274675e-05
195.67784810126582,-10.413898305084743,4.9567424674152826e-05
196.18417721518986,-10.413898305084743,5.0868996902066304e-05
196.69050632911393,-10.413898305084743,5.1755644296932736e-05
197.19683544303797,-10.413898305084743,5.220474662206482e-05
197.703164556962,-10.413898305084743,5.220474662206482e-05
198.20949367088608,-10.413898305084743,5.175564429693268e-05
198.71582278481011,-10.413898305084743,5.0868996902066304e-05
199.22215189873418,-10.413898305084743,4.956742467415274e-05
199.72848101265822,-10.413898305084743,4.788365179274675e-05
200.23481012658226,-10.413898305084743,4.585913933837359e-05
200.74113924050633,-10.413898305084743,4.354238995224912e-05
201.24746835443037,-10.413898305084743,4.0987020890376606e-05
201.75379746835443,-10.413898305084743,3.824971208847921e-05
202.26012658227847,-10.413898305084743,3.538813823492684e-05
202.7664556962025,-10.413898305084743,3.2458988855979346e-05
203.27278481012658,-10.413898305084743,2.9516168823966898e-05
203.77911392405062,-10.413898305084743,2.6609254777309688e-05
204.2854430379747,-10.413898305084743,2.3782262318262286e-05
204.79177215189873,-10.413898305084743,2.107275633895606e-05
205.29810126582277,-10.413898305084743,1.8511314233317914e-05
205.80443037974683,-10.413898305084743,1.6121330739344004e-05
206.31075949367087,-10.413898305084743,1.391913509061188e-05
206.81708860759494,-10.413898305084743,1.1914377023794547e-05
207.32341772151898,-10.413898305084743,1.0110628549221578e-05
207.82974683544302,-10.413898305084743,8.506143376880761e-06
208.33607594936709,-10.413898305084743,7.094715248542898e-06
208.84240506329112,-10.413898305084743,5.866579593652707e-06
209.3487341772152,-10.413898305084743,4.80930911839274e-06
209.85506329113923,-10.413898305084743,3.9086622503454484e-06
210.36139240506327,-10.413898305084743,3.149352868442911e-06
210.86772151898734,-10.413898305084743,2.515719582214781e-06
211.37405063291138,-10.413898305084743,1.9922822422805446e-06
211.88037974683544,-10.413898305084743,1.5641817874347254e-06
212.38670886075948,-10.413898305084743,1.2175065684563834e-06
212.89303797468352,-10.413898305084743,9.395137232855515e-07
213.3993670886076,-10.413898305084743,7.187579651950324e-07
213.90569620253163,-10.413898305084743,5.45142372717076e-07
214.4120253164557,-10.413898305084743,4.0990662433942074e-07
214.91835443037974,-10.413898305084743,3.0556785160429966e-07
215.42468354430378,-10.413898305084743,2.258281682342501e-07
215.93101265822784,-10.413898305084743,1.6546124587027073e-07
216.43734177215188,-10.413898305084743,1.2018830088186196e-07
216.94367088607595,-10.413898305084743,8.655174497758282e-08
217.45,-10.413898305084743,6.179270228130345e-08
177.45,-9.905423728813556,4.722375363240985e-08
177.95632911392403,-9.905423728813556,6.614532348285437e-08
178.4626582278481,-9.905423728813556,9.18513432946319e-08
178.96898734177213,-9.905423728813556,1.2645022506247352e-07
179.4753164556962,-9.905423728813556,1.725843568291294e-07
179.98164556962024,-9.905423728813556,2.3352370764520375e-07
180.48797468354428,-9.905423728813556,3.1326238739286327e-07
180.99430379746835,-9.905423728813556,4.1661342121896087e-07
181.5006329113924,-9.905423728813556,5.492954316058823e-07
182.00696202531645,-9.905423728813556,7.180033072631795e-07
182.5132911392405,-9.905423728813556,9.304534048840466e-07
183.01962025316453,-9.905423728813556,1.1953925405277132e-06
183.5259493670886,-9.905423728813556,1.5225591745021958e-06
184.03227848101264,-9.905423728813556,1.9225849877532472e-06
184.5386075949367,-9.905423728813556,2.4068257006114214e-06
185.04493670886075,-9.905423728813556,2.987111686786721e-06
185.55126582278479,-9.905423728813556,3.6754118296230923e-06
186.05759493670885,-9.905423728813556,4.483408220834555e-06
186.5639240506329,-9.905423728813556,5.4219846781270054e-06
187.07025316455696,-9.905423728813556,6.50063849551553e-06
187.576582278481,-9.905423728813556,7.726832037603145e-06
188.08291139240504,-9.905423728813556,9.105308304756816e-06
188.5892405063291,-9.905423728813556,1.0637401861840391e-05
189.09556962025314,-9.905423728813556,1.2320382876211015e-05
189.6018987341772,-9.905423728813556,1.4146876742608878e-05
190.10822784810125,-9.905423728813556,1.610440419285175e-05
190.61455696202532,-9.905423728813556,1.8175086297832617e-05
191.12088607594936,-9.905423728813556,2.0335554936976777e-05
191.6272151898734,-9.905423728813556,2.2557101943369247e-05
192.13354430379746,-9.905423728813556,2.4806089332586016e-05
192.6398734177215,-9.905423728813556,2.7044629217024686e-05
193.14620253164557,-9.905423728813556,2.9231525948711997e-05
193.6525316455696,-9.905423728813556,3.132345576735232e-05
194.15886075949365,-9.905423728813556,3.32763420235383e-05
194.66518987341772,-9.905423728813556,3.504686828633748e-05
195.17151898734176,-9.905423728813556,3.659405871241455e-05
195.67784810126582,-9.905423728813556,3.788084619360408e-05
196.18417721518986,-9.905423728813556,3.887554498418229e-05
196.69050632911393,-9.905423728813556,3.955314632848633e-05
197.19683544303797,-9.905423728813556,3.989636319350112e-05
197.703164556962,-9.905423728813556,3.989636319350112e-05
198.20949367088608,-9.905423728813556,3.955314632848631e-05
198.71582278481011,-9.905423728813556,3.887554498418229e-05
199.22215189873418,-9.905423728813556,3.788084619360402e-05
199.72848101265822,-9.905423728813556,3.659405871241455e-05
200.23481012658226,-9.905423728813556,3.504686828633748e-05
200.74113924050633,-9.905423728813556,3.32763420235383e-05
201.24746835443037,-9.905423728813556,3.132345576735232e-05
201.75379746835443,-9.905423728813556,2.923152594871187e-05
202.26012658227847,-9.905423728813556,2.7044629217024686e-05
202.7664556962025,-9.905423728813556,2.4806089332586016e-05
203.27278481012658,-9.905423728813556,2.2557101943369247e-05
203.77911392405062,-9.905423728813556,2.0335554936976777e-05
204.2854430379747,-9.905423728813556,1.81750862978325e-05
204.79177215189873,-9.905423728813556,1.610440419285175e-05
205.29810126582277,-9.905423728813556,1.4146876742608878e-05
205.80443037974683,-9.905423728813556,1.2320382876211015e-05
206.31075949367087,-9.905423728813556,1.0637401861840391e-05
206.81708860759494,-9.905423728813556,9.105308304756816e-06
207.32341772151898,-9.905423728813556,7.726832037603145e-06
207.82974683544302,-9.905423728813556,6.50063849551553e-06
208.33607594936709,-9.905423728813556,5.4219846781270054e-06
208.84240506329112,-9.905423728813556,4.483408220834555e-06
209.3487341772152,-9.905423728813556,3.6754118296230923e-06
209.85506329113923,-9.905423728813556,2.987111686786721e-06
210.36139240506327,-9.905423728813556,2.4068257006114214e-06
210.86772151898734,-9.905423728813556,1.9225849877532472e-06
211.37405063291138,-9.905423728813556,1.5225591745021958e-06
211.88037974683544,-9.905423728813556,1.1953925405277132e-06
212.38670886075948,-9.905423728813556,9.304534048840466e-07
212.89303797468352,-9.905423728813556,7.180033072631795e-07
213.3993670886076,-9.905423728813556,5.492954316058823e-07
213.90569620253163,-9.905423728813556,4.1661342121896087e-07
214.4120253164557,-9.905423728813556,3.1326238739286327e-07
214.91835443037974,-9.905423728813556,2.3352370764520375e-07
215.42468354430378,-9.905423728813556,1.725843568291294e-07
215.93101265822784,-9.905423728813556,1.2645022506247352e-07
216.43734177215188,-9.905423728813556,9.18513432946319e-08
216.94367088607595,-9.905423728813556,6.614532348285437e-08
217.45,-9.905423728813556,4.722375363240985e-08
177.45,-9.39694915254237,3.571843402043266e-08
177.95632911392403,-9.39694915254237,5.0030063068960415e-08
178.4626582278481,-9.39694915254237,6.947321830227846e-08
178.96898734177213,-9.39694915254237,9.564263052700381e-08
179.4753164556962,-9.39694915254237,1.3053691179113266e-07
179.98164556962024,-9.39694915254237,1.7662935497798898e-07
180.48797468354428,-9.39694915254237,2.3694096835826288e-07
180.99430379746835,-9.39694915254237,3.15112159733602e-07
181.5006329113924,-9.39694915254237,4.1546829979382654e-07
182.00696202531645,-9.39694915254237,5.430731736524104e-07
182.5132911392405,-9.39694915254237,7.037631699109345e-07
183.01962025316453,-9.39694915254237,9.04154081433565e-07
183.5259493670886,-9.39694915254237,1.1516117469183474e-06
184.03227848101264,-9.39694915254237,1.4541776066400834e-06
184.5386075949367,-9.39694915254237,1.8204407395300872e-06
185.04493670886075,-9.39694915254237,2.2593492361210736e-06
185.55126582278479,-9.39694915254237,2.7799559509012114e-06
186.05759493670885,-9.39694915254237,3.391096818966963e-06
186.5639240506329,-9.39694915254237,4.101003988225187e-06
187.07025316455696,-9.39694915254237,4.91686088742852e-06
187.576582278481,-9.39694915254237,5.844311794238238e-06
188.08291139240504,-9.39694915254237,6.886944152104618e-06
188.5892405063291,-9.39694915254237,8.045767380300151e-06
189.09556962025314,-9.39694915254237,9.318716726668542e-06
189.6018987341772,-9.39694915254237,1.0700214291717732e-05
190.10822784810125,-9.39694915254237,1.2180821183303316e-05
190.61455696202532,-9.39694915254237,1.37470143902171e-05
191.12088607594936,-9.39694915254237,1.538111906434286e-05
191.6272151898734,-9.39694915254237,1.7061421328935853e-05
192.13354430379746,-9.39694915254237,1.8762478561696623e-05
192.6398734177215,-9.39694915254237,2.0455633658744114e-05
193.14620253164557,-9.39694915254237,2.2109727639250256e-05
193.6525316455696,-9.39694915254237,2.3691991890925468e-05
194.15886075949365,-9.39694915254237,2.5169088341875867e-05
194.66518987341772,-9.39694915254237,2.6508253923491846e-05
195.17151898734176,-9.39694915254237,2.7678495907664642e-05
195.67784810126582,-9.39694915254237,2.865177800004036e-05
196.18417721518986,-9.39694915254237,2.9404134184981335e-05
196.69050632911393,-9.39694915254237,2.9916648694036997e-05
197.19683544303797,-9.39694915254237,3.0176246205983112e-05
197.703164556962,-9.39694915254237,3.0176246205983112e-05
198.20949367088608,-9.39694915254237,2.9916648694036986e-05
198.71582278481011,-9.39694915254237,2.9404134184981335e-05
199.22215189873418,-9.39694915254237,2.8651778000040318e-05
199.72848101265822,-9.39694915254237,2.7678495907664642e-05
200.23481012658226,-9.39694915254237,2.6508253923491846e-05
200.74113924050633,-9.39694915254237,2.5169088341875867e-05
201.24746835443037,-9.39694915254237,2.3691991890925468e-05
201.75379746835443,-9.39694915254237,2.2109727639250154e-05
202.26012658227847,-9.39694915254237,2.0455633658744114e-05
202.7664556962025,-9.39694915254237,1.8762478561696623e-05
203.27278481012658,-9.39694915254237,1.7061421328935853e-05
203.77911392405062,-9.39694915254237,1.538111906434286e-05
204.2854430379747,-9.39694915254237,1.3747014390217002e-05
204.79177215189873,-9.39694915254237,1.2180821183303316e-05
205.29810126582277,-9.39694915254237,1.0700214291717732e-05
205.80443037974683,-9.39694915254237,9.318716726668542e-06
206.31075949367087,-9.39694915254237,8.045767380300151e-06
206.81708860759494,-9.39694915254237,6.886944152104618e-06
207.32341772151898,-9.39694915254237,5.844311794238238e-06
207.82974683544302,-9.39694915254237,4.91686088742852e-06
208.33607594936709,-9.39694915254237,4.101003988225187e-06
208.84240506329112,-9.39694915254237,3.391096818966963e-06
209.3487341772152,-9.39694915254237,2.7799559509012114e-06
209.85506329113923,-9.39694915254237,2.2593492361210736e-06
210.36139240506327,-9.39694915254237,1.8204407395300872e-06
210.86772151898734,-9.39694915254237,1.4541776066400834e-06
211.37405063291138,-9.39694915254237,1.1516117469183474e-06
211.88037974683544,-9.39694915254237,9.04154081433565e-07
212.38670886075948,-9.39694915254237,7.037631699109345e-07
212.89303797468352,-9.39694915254237,5.430731736524104e-07
213.3993670886076,-9.39694915254237,4.1546829979382654e-07
213.90569620253163,-9.39694915254237,3.15112159733602e-07
214.4120253164557,-9.39694915254237,2.3694096835826288e-07
214.91835443037974,-9.39694915254237,1.7662935497798898e-07
215.42468354430378,-9.39694915254237,1.3053691179113266e-07
215.93101265822784,-9.39694915254237,9.564263052700381e-08
216.43734177215188,-9.39694915254237,6.947321830227846e-08
216.94367088607595,-9.39694915254237,5.0030063068960415e-08
217.45,-9.39694915254237,3.571843402043266e-08
177.45,-8.888474576271182,2.6738245402304836e-08
177.95632911392403,-8.888474576271182,3.745170079588068e-08
178.4626582278481,-8.888474576271182,5.200653418320585e-08
178.96898734177213,-8.888474576271182,7.15965354049421e-08
179.4753164556962,-8.888474576271182,9.771783330516906e-08
179.98164556962024,-8.888474576271182,1.3222189516904993e-07
180.48797468354428,-8.888474576271182,1.773701992141879e-07
180.99430379746835,-8.888474576271182,2.3588789618793154e-07
181.5006329113924,-8.888474576271182,3.1101288904241515e-07
182.00696202531645,-8.888474576271182,4.0653584589458834e-07
182.5132911392405,-8.888474576271182,5.268257934101483e-07
183.01962025316453,-8.888474576271182,6.768352077539733e-07
183.5259493670886,-8.888474576271182,8.620780373424305e-07
184.03227848101264,-8.888474576271182,1.088573975069465e-06
184.5386075949367,-8.888474576271182,1.3627526673219767e-06
185.04493670886075,-8.888474576271182,1.6913125107992438e-06
185.55126582278479,-8.888474576271182,2.081030326813125e-06
186.05759493670885,-8.888474576271182,2.538520554306638e-06
186.5639240506329,-8.888474576271182,3.0699456468407473e-06
187.07025316455696,-8.888474576271182,3.680683003679599e-06
187.576582278481,-8.888474576271182,4.374957840327887e-06
188.08291139240504,-8.888474576271182,5.155455659271102e-06
188.5892405063291,-8.888474576271182,6.022932095546507e-06
189.09556962025314,-8.888474576271182,6.9758415088884025e-06
189.6018987341772,-8.888474576271182,8.010008373422294e-06
190.10822784810125,-8.888474576271182,9.118366886253865e-06
190.61455696202532,-8.888474576271182,1.0290793938624843e-05
191.12088607594936,-8.888474576271182,1.1514058423423734e-05
191.6272151898734,-8.888474576271182,1.277190568164997e-05
192.13354430379746,-8.888474576271182,1.4045289775334042e-05
192.6398734177215,-8.888474576271182,1.53127584572791e-05
193.14620253164557,-8.888474576271182,1.6550986615432608e-05
193.6525316455696,-8.888474576271182,1.773544419351076e-05
194.15886075949365,-8.888474576271182,1.884117484692609e-05
194.66518987341772,-8.888474576271182,1.9843652669304442e-05
195.17151898734176,-8.888474576271182,2.0719677002705882e-05
195.67784810126582,-8.888474576271182,2.144826032796375e-05
196.18417721518986,-8.888474576271182,2.2011462071113678e-05
196.69050632911393,-8.888474576271182,2.2395122192034223e-05
197.19683544303797,-8.888474576271182,2.2589452715490895e-05
197.703164556962,-8.888474576271182,2.2589452715490895e-05
198.20949367088608,-8.888474576271182,2.2395122192034223e-05
198.71582278481011,-8.888474576271182,2.2011462071113678e-05
199.22215189873418,-8.888474576271182,2.1448260327963713e-05
199.72848101265822,-8.888474576271182,2.0719677002705882e-05
200.23481012658226,-8.888474576271182,1.9843652669304442e-05
200.74113924050633,-8.888474576271182,1.884117484692609e-05
201.24746835443037,-8.888474576271182,1.773544419351076e-05
201.75379746835443,-8.888474576271182,1.6550986615432536e-05
202.26012658227847,-8.888474576271182,1.53127584572791e-05
202.7664556962025,-8.888474576271182,1.4045289775334042e-05
203.27278481012658,-8.888474576271182,1.277190568164997e-05
203.77911392405062,-8.888474576271182,1.1514058423423734e-05
204.2854430379747,-8.888474576271182,1.0290793938624779e-05
204.79177215189873,-8.888474576271182,9.118366886253865e-06
205.29810126582277,-8.888474576271182,8.010008373422294e-06
205.80443037974683,-8.888474576271182,6.9758415088884025e-06
206.31075949367087,-8.888474576271182,6.022932095546507e-06
206.81708860759494,-8.888474576271182,5.155455659271102e-06
207.32341772151898,-8.888474576271182,4.374957840327887e-06
207.82974683544302,-8.888474576271182,3.680683003679599e-06
208.33607594936709,-8.888474576271182,3.0699456468407473e-06
208.84240506329112,-8.888474576271182,2.538520554306638e-06
209.3487341772152,-8.888474576271182,2.081030326813125e-06
209.85506329113923,-8.888474576271182,1.6913125107992438e-06
210.36139240506327,-8.888474576271182,1.3627526673219767e-06
210.86772151898734,-8.888474576271182,1.088573975069465e-06
211.37405063291138,-8.888474576271182,8.620780373424305e-07
211.88037974683544,-8.888474576271182,6.768352077539733e-07
212.38670886075948,-8.888474576271182,5.268257934101483e-07
212.89303797468352,-8.888474576271182,4.0653584589458834e-07
213.3993670886076,-8.888474576271182,3.1101288904241515e-07
213.90569620253163,-8.888474576271182,2.3588789618793154e-07
214.4120253164557,-8.888474576271182,1.773701992141879e-07
214.91835443037974,-8.888474576271182,1.3222189516904993e-07
215.42468354430378,-8.888474576271182,9.771783330516906e-08
215.93101265822784,-8.888474576271182,7.15965354049421e-08
216.43734177215188,-8.888474576271182,5.200653418320585e-08
216.94367088607595,-8.888474576271182,3.745170079588068e-08
217.45,-8.888474576271182,2.6738245402304836e-08
177.45,-8.379999999999999,1.9809886567771717e-08
177.95632911392403,-8.379999999999999,2.7747293562971427e-08
178.4626582278481,-8.379999999999999,3.8530708632939813e-08
178.96898734177213,-8.379999999999999,5.304458926445116e-08
179.4753164556962,-8.379999999999999,7.239739049058783e-08
179.98164556962024,-8.379999999999999,9.796083122376098e-08
180.48797468354428,-8.379999999999999,1.314104001242079e-07
180.99430379746835,-8.379999999999999,1.747651125152156e-07
181.5006329113924,-8.379999999999999,2.304238726342955e-07
182.00696202531645,-8.379999999999999,3.011951185177885e-07
182.5132911392405,-8.379999999999999,3.903157836800985e-07
183.01962025316453,-8.379999999999999,5.01455068907576e-07
183.5259493670886,-8.379999999999999,6.386981597097899e-07
184.03227848101264,-8.379999999999999,8.06504938611104e-07
184.5386075949367,-8.379999999999999,1.009639015327824e-06
185.04493670886075,-8.379999999999999,1.2530631118636594e-06
185.55126582278479,-8.379999999999999,1.5417980536115294e-06
186.05759493670885,-8.379999999999999,1.8807443597790007e-06
186.5639240506329,-8.379999999999999,2.2744676817087484e-06
187.07025316455696,-8.379999999999999,2.7269520380919693e-06
187.576582278481,-8.379999999999999,3.24132781533258e-06
188.08291139240504,-8.379999999999999,3.81958465406762e-06
188.5892405063291,-8.379999999999999,4.462282390746676e-06
189.09556962025314,-8.379999999999999,5.168275888212208e-06
189.6018987341772,-8.379999999999999,5.934471574216304e-06
190.10822784810125,-8.379999999999999,6.755634522093382e-06
190.61455696202532,-8.379999999999999,7.6242647020846974e-06
191.12088607594936,-8.379999999999999,8.530559424181944e-06
191.6272151898734,-8.379999999999999,9.462475902998341e-06
192.13354430379746,-8.379999999999999,1.0405903344610194e-05
192.6398734177215,-8.379999999999999,1.1344948163735468e-05
193.14620253164557,-8.379999999999999,1.2262329203103436e-05
193.6525316455696,-8.379999999999999,1.313987258386855e-05
194.15886075949365,-8.379999999999999,1.3959088597825013e-05
194.66518987341772,-8.379999999999999,1.4701806440720948e-05
195.17151898734176,-8.379999999999999,1.5350837161105992e-05
195.67784810126582,-8.379999999999999,1.5890631482362547e-05
196.18417721518986,-8.379999999999999,1.630789755493775e-05
196.69050632911393,-8.379999999999999,1.6592144459013158e-05
197.19683544303797,-8.379999999999999,1.6736120459248408e-05
197.703164556962,-8.379999999999999,1.6736120459248408e-05
198.20949367088608,-8.379999999999999,1.6592144459013145e-05
198.71582278481011,-8.379999999999999,1.630789755493775e-05
199.22215189873418,-8.379999999999999,1.5890631482362517e-05
199.72848101265822,-8.379999999999999,1.5350837161105992e-05
200.23481012658226,-8.379999999999999,1.4701806440720948e-05
200.74113924050633,-8.379999999999999,1.3959088597825013e-05
201.24746835443037,-8.379999999999999,1.313987258386855e-05
201.75379746835443,-8.379999999999999,1.2262329203103372e-05
202.26012658227847,-8.379999999999999,1.1344948163735468e-05
202.7664556962025,-8.379999999999999,1.0405903344610194e-05
203.27278481012658,-8.379999999999999,9.462475902998341e-06
203.77911392405062,-8.379999999999999,8.530559424181944e-06
204.2854430379747,-8.379999999999999,7.624264702084658e-06
204.79177215189873,-8.379999999999999,6.755634522093382e-06
205.29810126582277,-8.379999999999999,5.934471574216304e-06
205.80443037974683,-8.379999999999999,5.168275888212208e-06
206.31075949367087,-8.379999999999999,4.462282390746676e-06
206.81708860759494,-8.379999999999999,3.81958465406762e-06
207.32341772151898,-8.379999999999999,3.24132781533258e-06
207.82974683544302,-8.379999999999999,2.7269520380919693e-06
208.33607594936709,-8.379999999999999,2.2744676817087484e-06
208.84240506329112,-8.379999999999999,1.8807443597790007e-06
209.3487341772152,-8.379999999999999,1.5417980536115294e-06
209.85506329113923,-8.379999999999999,1.2530631118636594e-06
210.36139240506327,-8.379999999999999,1.009639015327824e-06
210.86772151898734,-8.379999999999999,8.06504938611104e-07
211.37405063291138,-8.379999999999999,6.386981597097899e-07
211.88037974683544,-8.379999999999999,5.01455068907576e-07
212.38670886075948,-8.379999999999999,3.903157836800985e-07
212.89303797468352,-8.379999999999999,3.011951185177885e-07
213.3993670886076,-8.379999999999999,2.304238726342955e-07
213.90569620253163,-8.379999999999999,1.747651125152156e-07
214.4120253164557,-8.379999999999999,1.314104001242079e-07
214.91835443037974,-8.379999999999999,9.796083122376098e-08
215.42468354430378,-8.379999999999999,7.239739049058783e-08
215.93101265822784,-8.379999999999999,5.304458926445116e-08
216.43734177215188,-8.379999999999999,3.8530708632939813e-08
216.94367088607595,-8.379999999999999,2.7747293562971427e-08
217.45,-8.379999999999999,1.9809886567771717e-08
