# P t0 rp_rs a_rs b
9.066412822691404472e+00 4.501989525937229075e+01 1.125390701685874059e-02 1.106730432410833842e+01 3.045158927230909862e-01
9.066412822691404472e+00 4.501989525937229075e+01 1.125390701685874059e-02 1.106730432410833842e+01 3.045158927230909862e-01
9.066412822691404472e+00 4.501989525937229075e+01 1.125390701685874059e-02 1.106730432410833842e+01 3.045158927230909862e-01
9.066412822691404472e+00 4.501989525937229075e+01 1.125390701685874059e-02 1.106730432410833842e+01 3.045158927230909862e-01
9.066412822691404472e+00 4.501989525937229075e+01 1.125390701685874059e-02 1.106730432410833842e+01 3.045158927230909862e-01
9.066412822691404472e+00 4.501989525937229075e+01 1.125390701685874059e-02 1.106730432410833842e+01 3.045158927230909862e-01
9.066412822691404472e+00 4.501989525937229075e+01 1.125390701685874059e-02 1.106730432410833842e+01 3.045158927230909862e-01
9.066412822691404472e+00 4.501989525937229075e+01 1.125390701685874059e-02 1.106730432410833842e+01 3.045158927230909862e-01
9.090290827155831366e+00 4.502649179052979633e+01 9.989008971094111983e-03 1.110650604856315482e+01 2.709987737027317878e-01
9.090290827155831366e+00 4.502649179052979633e+01 9.989008971094111983e-03 1.110650604856315482e+01 2.709987737027317878e-01
9.090290827155831366e+00 4.502649179052979633e+01 9.989008971094111983e-03 1.110650604856315482e+01 2.709987737027317878e-01
9.090290827155831366e+00 4.502649179052979633e+01 9.989008971094111983e-03 1.110650604856315482e+01 2.709987737027317878e-01
9.090290827155831366e+00 4.502649179052979633e+01 9.989008971094111983e-03 1.110650604856315482e+01 2.709987737027317878e-01
9.090290827155831366e+00 4.502649179052979633e+01 9.989008971094111983e-03 1.110650604856315482e+01 2.709987737027317878e-01
9.090290827155831366e+00 4.502649179052979633e+01 9.989008971094111983e-03 1.110650604856315482e+01 2.709987737027317878e-01
9.090290827155831366e+00 4.502649179052979633e+01 9.989008971094111983e-03 1.110650604856315482e+01 2.709987737027317878e-01
9.090290827155831366e+00 4.502649179052979633e+01 9.989008971094111983e-03 1.110650604856315482e+01 2.709987737027317878e-01
9.090290827155831366e+00 4.502649179052979633e+01 9.989008971094111983e-03 1.110650604856315482e+01 2.709987737027317878e-01
9.090290827155831366e+00 4.502649179052979633e+01 9.989008971094111983e-03 1.110650604856315482e+01 2.709987737027317878e-01
9.090290827155831366e+00 4.502649179052979633e+01 9.989008971094111983e-03 1.110650604856315482e+01 2.709987737027317878e-01
9.090290827155831366e+00 4.502649179052979633e+01 9.989008971094111983e-03 1.110650604856315482e+01 2.709987737027317878e-01
9.090290827155831366e+00 4.502649179052979633e+01 9.989008971094111983e-03 1.110650604856315482e+01 2.709987737027317878e-01
9.090290827155831366e+00 4.502649179052979633e+01 9.989008971094111983e-03 1.110650604856315482e+01 2.709987737027317878e-01
9.090290827155831366e+00 4.502649179052979633e+01 9.989008971094111983e-03 1.110650604856315482e+01 2.709987737027317878e-01
9.090290827155831366e+00 4.502649179052979633e+01 9.989008971094111983e-03 1.110650604856315482e+01 2.709987737027317878e-01
9.090290827155831366e+00 4.502649179052979633e+01 9.989008971094111983e-03 1.110650604856315482e+01 2.709987737027317878e-01
9.090290827155831366e+00 4.502649179052979633e+01 9.989008971094111983e-03 1.110650604856315482e+01 2.709987737027317878e-01
9.090290827155831366e+00 4.502649179052979633e+01 9.989008971094111983e-03 1.110650604856315482e+01 2.709987737027317878e-01
9.090290827155831366e+00 4.502649179052979633e+01 9.989008971094111983e-03 1.110650604856315482e+01 2.709987737027317878e-01
9.098705591501937917e+00 4.503513952790857644e+01 1.395805976276522781e-02 1.190206618037504072e+01 2.405714263675788334e-01
9.098705591501937917e+00 4.503513952790857644e+01 1.395805976276522781e-02 1.190206618037504072e+01 2.405714263675788334e-01
9.055096999151126980e+00 4.503310994815121404e+01 1.324322322717064182e-02 1.133544533804435872e+01 2.614643343421143573e-01
9.055096999151126980e+00 4.503310994815121404e+01 1.324322322717064182e-02 1.133544533804435872e+01 2.614643343421143573e-01
9.055096999151126980e+00 4.503310994815121404e+01 1.324322322717064182e-02 1.133544533804435872e+01 2.614643343421143573e-01
9.089695571267759178e+00 4.503519667149534200e+01 1.520304182875656905e-02 1.207358039157541540e+01 2.259358212274215072e-01
9.089695571267759178e+00 4.503519667149534200e+01 1.520304182875656905e-02 1.207358039157541540e+01 2.259358212274215072e-01
9.089695571267759178e+00 4.503519667149534200e+01 1.520304182875656905e-02 1.207358039157541540e+01 2.259358212274215072e-01
9.089695571267759178e+00 4.503519667149534200e+01 1.520304182875656905e-02 1.207358039157541540e+01 2.259358212274215072e-01
9.089695571267759178e+00 4.503519667149534200e+01 1.520304182875656905e-02 1.207358039157541540e+01 2.259358212274215072e-01
9.089695571267759178e+00 4.503519667149534200e+01 1.520304182875656905e-02 1.207358039157541540e+01 2.259358212274215072e-01
9.089695571267759178e+00 4.503519667149534200e+01 1.520304182875656905e-02 1.207358039157541540e+01 2.259358212274215072e-01
9.280409367615662930e+00 4.502825929645686642e+01 1.152579707932724525e-02 1.121104164576157203e+01 2.253363906405176087e-01
9.280409367615662930e+00 4.502825929645686642e+01 1.152579707932724525e-02 1.121104164576157203e+01 2.253363906405176087e-01
9.280409367615662930e+00 4.502825929645686642e+01 1.152579707932724525e-02 1.121104164576157203e+01 2.253363906405176087e-01
9.280409367615662930e+00 4.502825929645686642e+01 1.152579707932724525e-02 1.121104164576157203e+01 2.253363906405176087e-01
9.280409367615662930e+00 4.502825929645686642e+01 1.152579707932724525e-02 1.121104164576157203e+01 2.253363906405176087e-01
9.280409367615662930e+00 4.502825929645686642e+01 1.152579707932724525e-02 1.121104164576157203e+01 2.253363906405176087e-01
9.280409367615662930e+00 4.502825929645686642e+01 1.152579707932724525e-02 1.121104164576157203e+01 2.253363906405176087e-01
9.280409367615662930e+00 4.502825929645686642e+01 1.152579707932724525e-02 1.121104164576157203e+01 2.253363906405176087e-01
9.280409367615662930e+00 4.502825929645686642e+01 1.152579707932724525e-02 1.121104164576157203e+01 2.253363906405176087e-01
9.068984545884820392e+00 4.501715546559722014e+01 9.705699953010068354e-03 1.039119073373269941e+01 2.853594573881265695e-01
9.068984545884820392e+00 4.501715546559722014e+01 9.705699953010068354e-03 1.039119073373269941e+01 2.853594573881265695e-01
9.068984545884820392e+00 4.501715546559722014e+01 9.705699953010068354e-03 1.039119073373269941e+01 2.853594573881265695e-01
9.083465587252126383e+00 4.500913919261614637e+01 8.539873260479127759e-03 1.164437213548389671e+01 2.373923044200356158e-01
9.083465587252126383e+00 4.500913919261614637e+01 8.539873260479127759e-03 1.164437213548389671e+01 2.373923044200356158e-01
9.080728934613208736e+00 4.500955357784580002e+01 8.288076937761620216e-03 1.149468337134467077e+01 2.203737816247793302e-01
9.080728934613208736e+00 4.500955357784580002e+01 8.288076937761620216e-03 1.149468337134467077e+01 2.203737816247793302e-01
9.079427115059186093e+00 4.501129418669849258e+01 8.133717477434616525e-03 1.069226383419512061e+01 1.788754198210708579e-01
9.079427115059186093e+00 4.501129418669849258e+01 8.133717477434616525e-03 1.069226383419512061e+01 1.788754198210708579e-01
9.079427115059186093e+00 4.501129418669849258e+01 8.133717477434616525e-03 1.069226383419512061e+01 1.788754198210708579e-01
9.079427115059186093e+00 4.501129418669849258e+01 8.133717477434616525e-03 1.069226383419512061e+01 1.788754198210708579e-01
9.079427115059186093e+00 4.501129418669849258e+01 8.133717477434616525e-03 1.069226383419512061e+01 1.788754198210708579e-01
9.079427115059186093e+00 4.501129418669849258e+01 8.133717477434616525e-03 1.069226383419512061e+01 1.788754198210708579e-01
9.079427115059186093e+00 4.501129418669849258e+01 8.133717477434616525e-03 1.069226383419512061e+01 1.788754198210708579e-01
9.094068423575849991e+00 4.500304098751194459e+01 1.273669667679932019e-02 1.241392719983318926e+01 1.593981117133043968e-01
9.094068423575849991e+00 4.500304098751194459e+01 1.273669667679932019e-02 1.241392719983318926e+01 1.593981117133043968e-01
9.094068423575849991e+00 4.500304098751194459e+01 1.273669667679932019e-02 1.241392719983318926e+01 1.593981117133043968e-01
9.094068423575849991e+00 4.500304098751194459e+01 1.273669667679932019e-02 1.241392719983318926e+01 1.593981117133043968e-01
9.094068423575849991e+00 4.500304098751194459e+01 1.273669667679932019e-02 1.241392719983318926e+01 1.593981117133043968e-01
9.094068423575849991e+00 4.500304098751194459e+01 1.273669667679932019e-02 1.241392719983318926e+01 1.593981117133043968e-01
9.094068423575849991e+00 4.500304098751194459e+01 1.273669667679932019e-02 1.241392719983318926e+01 1.593981117133043968e-01
9.094068423575849991e+00 4.500304098751194459e+01 1.273669667679932019e-02 1.241392719983318926e+01 1.593981117133043968e-01
9.094068423575849991e+00 4.500304098751194459e+01 1.273669667679932019e-02 1.241392719983318926e+01 1.593981117133043968e-01
9.094068423575849991e+00 4.500304098751194459e+01 1.273669667679932019e-02 1.241392719983318926e+01 1.593981117133043968e-01
9.094068423575849991e+00 4.500304098751194459e+01 1.273669667679932019e-02 1.241392719983318926e+01 1.593981117133043968e-01
9.094068423575849991e+00 4.500304098751194459e+01 1.273669667679932019e-02 1.241392719983318926e+01 1.593981117133043968e-01
9.094068423575849991e+00 4.500304098751194459e+01 1.273669667679932019e-02 1.241392719983318926e+01 1.593981117133043968e-01
9.094068423575849991e+00 4.500304098751194459e+01 1.273669667679932019e-02 1.241392719983318926e+01 1.593981117133043968e-01
9.077813403994097641e+00 4.500206753715900732e+01 1.129800802739061236e-02 1.216586560404176254e+01 1.366027239357532619e-01
9.077813403994097641e+00 4.500206753715900732e+01 1.129800802739061236e-02 1.216586560404176254e+01 1.366027239357532619e-01
9.077813403994097641e+00 4.500206753715900732e+01 1.129800802739061236e-02 1.216586560404176254e+01 1.366027239357532619e-01
9.071663192620643912e+00 4.499792244074028957e+01 1.394567528766532324e-02 1.257916882995318275e+01 1.318742756389429394e-01
9.071663192620643912e+00 4.499792244074028957e+01 1.394567528766532324e-02 1.257916882995318275e+01 1.318742756389429394e-01
9.071663192620643912e+00 4.499792244074028957e+01 1.394567528766532324e-02 1.257916882995318275e+01 1.318742756389429394e-01
9.071663192620643912e+00 4.499792244074028957e+01 1.394567528766532324e-02 1.257916882995318275e+01 1.318742756389429394e-01
9.071663192620643912e+00 4.499792244074028957e+01 1.394567528766532324e-02 1.257916882995318275e+01 1.318742756389429394e-01
9.071663192620643912e+00 4.499792244074028957e+01 1.394567528766532324e-02 1.257916882995318275e+01 1.318742756389429394e-01
9.071663192620643912e+00 4.499792244074028957e+01 1.394567528766532324e-02 1.257916882995318275e+01 1.318742756389429394e-01
9.071663192620643912e+00 4.499792244074028957e+01 1.394567528766532324e-02 1.257916882995318275e+01 1.318742756389429394e-01
9.071663192620643912e+00 4.499792244074028957e+01 1.394567528766532324e-02 1.257916882995318275e+01 1.318742756389429394e-01
9.071663192620643912e+00 4.499792244074028957e+01 1.394567528766532324e-02 1.257916882995318275e+01 1.318742756389429394e-01
9.071663192620643912e+00 4.499792244074028957e+01 1.394567528766532324e-02 1.257916882995318275e+01 1.318742756389429394e-01
9.071663192620643912e+00 4.499792244074028957e+01 1.394567528766532324e-02 1.257916882995318275e+01 1.318742756389429394e-01
9.071663192620643912e+00 4.499792244074028957e+01 1.394567528766532324e-02 1.257916882995318275e+01 1.318742756389429394e-01
9.071663192620643912e+00 4.499792244074028957e+01 1.394567528766532324e-02 1.257916882995318275e+01 1.318742756389429394e-01
9.071663192620643912e+00 4.499792244074028957e+01 1.394567528766532324e-02 1.257916882995318275e+01 1.318742756389429394e-01
9.071663192620643912e+00 4.499792244074028957e+01 1.394567528766532324e-02 1.257916882995318275e+01 1.318742756389429394e-01
9.071663192620643912e+00 4.499792244074028957e+01 1.394567528766532324e-02 1.257916882995318275e+01 1.318742756389429394e-01
9.071663192620643912e+00 4.499792244074028957e+01 1.394567528766532324e-02 1.257916882995318275e+01 1.318742756389429394e-01
9.094784818933664639e+00 4.499022310155338289e+01 1.316088902530030899e-02 1.182600636899937641e+01 1.821071689170312424e-01
9.094784818933664639e+00 4.499022310155338289e+01 1.316088902530030899e-02 1.182600636899937641e+01 1.821071689170312424e-01
9.070717256269757556e+00 4.499635658956036366e+01 1.346074799213999723e-02 1.152770791947867757e+01 3.396215619955932352e-01
9.070717256269757556e+00 4.499635658956036366e+01 1.346074799213999723e-02 1.152770791947867757e+01 3.396215619955932352e-01
9.070717256269757556e+00 4.499635658956036366e+01 1.346074799213999723e-02 1.152770791947867757e+01 3.396215619955932352e-01
9.070717256269757556e+00 4.499635658956036366e+01 1.346074799213999723e-02 1.152770791947867757e+01 3.396215619955932352e-01
9.070717256269757556e+00 4.499635658956036366e+01 1.346074799213999723e-02 1.152770791947867757e+01 3.396215619955932352e-01
9.070717256269757556e+00 4.499635658956036366e+01 1.346074799213999723e-02 1.152770791947867757e+01 3.396215619955932352e-01
9.070717256269757556e+00 4.499635658956036366e+01 1.346074799213999723e-02 1.152770791947867757e+01 3.396215619955932352e-01
9.070717256269757556e+00 4.499635658956036366e+01 1.346074799213999723e-02 1.152770791947867757e+01 3.396215619955932352e-01
9.070717256269757556e+00 4.499635658956036366e+01 1.346074799213999723e-02 1.152770791947867757e+01 3.396215619955932352e-01
9.070717256269757556e+00 4.499635658956036366e+01 1.346074799213999723e-02 1.152770791947867757e+01 3.396215619955932352e-01
9.070717256269757556e+00 4.499635658956036366e+01 1.346074799213999723e-02 1.152770791947867757e+01 3.396215619955932352e-01
9.070717256269757556e+00 4.499635658956036366e+01 1.346074799213999723e-02 1.152770791947867757e+01 3.396215619955932352e-01
9.070717256269757556e+00 4.499635658956036366e+01 1.346074799213999723e-02 1.152770791947867757e+01 3.396215619955932352e-01
9.070717256269757556e+00 4.499635658956036366e+01 1.346074799213999723e-02 1.152770791947867757e+01 3.396215619955932352e-01
9.070717256269757556e+00 4.499635658956036366e+01 1.346074799213999723e-02 1.152770791947867757e+01 3.396215619955932352e-01
9.070717256269757556e+00 4.499635658956036366e+01 1.346074799213999723e-02 1.152770791947867757e+01 3.396215619955932352e-01
9.070717256269757556e+00 4.499635658956036366e+01 1.346074799213999723e-02 1.152770791947867757e+01 3.396215619955932352e-01
9.070717256269757556e+00 4.499635658956036366e+01 1.346074799213999723e-02 1.152770791947867757e+01 3.396215619955932352e-01
9.070717256269757556e+00 4.499635658956036366e+01 1.346074799213999723e-02 1.152770791947867757e+01 3.396215619955932352e-01
9.070717256269757556e+00 4.499635658956036366e+01 1.346074799213999723e-02 1.152770791947867757e+01 3.396215619955932352e-01
9.070717256269757556e+00 4.499635658956036366e+01 1.346074799213999723e-02 1.152770791947867757e+01 3.396215619955932352e-01
9.070717256269757556e+00 4.499635658956036366e+01 1.346074799213999723e-02 1.152770791947867757e+01 3.396215619955932352e-01
9.070717256269757556e+00 4.499635658956036366e+01 1.346074799213999723e-02 1.152770791947867757e+01 3.396215619955932352e-01
9.070717256269757556e+00 4.499635658956036366e+01 1.346074799213999723e-02 1.152770791947867757e+01 3.396215619955932352e-01
9.070717256269757556e+00 4.499635658956036366e+01 1.346074799213999723e-02 1.152770791947867757e+01 3.396215619955932352e-01
9.070717256269757556e+00 4.499635658956036366e+01 1.346074799213999723e-02 1.152770791947867757e+01 3.396215619955932352e-01
9.070717256269757556e+00 4.499635658956036366e+01 1.346074799213999723e-02 1.152770791947867757e+01 3.396215619955932352e-01
9.070717256269757556e+00 4.499635658956036366e+01 1.346074799213999723e-02 1.152770791947867757e+01 3.396215619955932352e-01
9.070717256269757556e+00 4.499635658956036366e+01 1.346074799213999723e-02 1.152770791947867757e+01 3.396215619955932352e-01
9.070717256269757556e+00 4.499635658956036366e+01 1.346074799213999723e-02 1.152770791947867757e+01 3.396215619955932352e-01
9.070717256269757556e+00 4.499635658956036366e+01 1.346074799213999723e-02 1.152770791947867757e+01 3.396215619955932352e-01
9.098878476093300804e+00 4.496897838858497209e+01 1.154040654813584879e-02 1.148210637066809170e+01 3.878878560466709757e-01
9.098878476093300804e+00 4.496897838858497209e+01 1.154040654813584879e-02 1.148210637066809170e+01 3.878878560466709757e-01
9.098878476093300804e+00 4.496897838858497209e+01 1.154040654813584879e-02 1.148210637066809170e+01 3.878878560466709757e-01
9.098878476093300804e+00 4.496897838858497209e+01 1.154040654813584879e-02 1.148210637066809170e+01 3.878878560466709757e-01
9.098878476093300804e+00 4.496897838858497209e+01 1.154040654813584879e-02 1.148210637066809170e+01 3.878878560466709757e-01
9.098878476093300804e+00 4.496897838858497209e+01 1.154040654813584879e-02 1.148210637066809170e+01 3.878878560466709757e-01
9.098878476093300804e+00 4.496897838858497209e+01 1.154040654813584879e-02 1.148210637066809170e+01 3.878878560466709757e-01
9.098878476093300804e+00 4.496897838858497209e+01 1.154040654813584879e-02 1.148210637066809170e+01 3.878878560466709757e-01
9.098878476093300804e+00 4.496897838858497209e+01 1.154040654813584879e-02 1.148210637066809170e+01 3.878878560466709757e-01
9.098878476093300804e+00 4.496897838858497209e+01 1.154040654813584879e-02 1.148210637066809170e+01 3.878878560466709757e-01
9.098878476093300804e+00 4.496897838858497209e+01 1.154040654813584879e-02 1.148210637066809170e+01 3.878878560466709757e-01
9.098878476093300804e+00 4.496897838858497209e+01 1.154040654813584879e-02 1.148210637066809170e+01 3.878878560466709757e-01
9.098878476093300804e+00 4.496897838858497209e+01 1.154040654813584879e-02 1.148210637066809170e+01 3.878878560466709757e-01
9.098878476093300804e+00 4.496897838858497209e+01 1.154040654813584879e-02 1.148210637066809170e+01 3.878878560466709757e-01
9.098878476093300804e+00 4.496897838858497209e+01 1.154040654813584879e-02 1.148210637066809170e+01 3.878878560466709757e-01
9.098878476093300804e+00 4.496897838858497209e+01 1.154040654813584879e-02 1.148210637066809170e+01 3.878878560466709757e-01
9.098878476093300804e+00 4.496897838858497209e+01 1.154040654813584879e-02 1.148210637066809170e+01 3.878878560466709757e-01
9.098878476093300804e+00 4.496897838858497209e+01 1.154040654813584879e-02 1.148210637066809170e+01 3.878878560466709757e-01
9.098878476093300804e+00 4.496897838858497209e+01 1.154040654813584879e-02 1.148210637066809170e+01 3.878878560466709757e-01
9.098878476093300804e+00 4.496897838858497209e+01 1.154040654813584879e-02 1.148210637066809170e+01 3.878878560466709757e-01
9.098878476093300804e+00 4.496897838858497209e+01 1.154040654813584879e-02 1.148210637066809170e+01 3.878878560466709757e-01
9.098878476093300804e+00 4.496897838858497209e+01 1.154040654813584879e-02 1.148210637066809170e+01 3.878878560466709757e-01
9.098878476093300804e+00 4.496897838858497209e+01 1.154040654813584879e-02 1.148210637066809170e+01 3.878878560466709757e-01
9.098878476093300804e+00 4.496897838858497209e+01 1.154040654813584879e-02 1.148210637066809170e+01 3.878878560466709757e-01
9.098878476093300804e+00 4.496897838858497209e+01 1.154040654813584879e-02 1.148210637066809170e+01 3.878878560466709757e-01
9.098878476093300804e+00 4.496897838858497209e+01 1.154040654813584879e-02 1.148210637066809170e+01 3.878878560466709757e-01
9.098878476093300804e+00 4.496897838858497209e+01 1.154040654813584879e-02 1.148210637066809170e+01 3.878878560466709757e-01
9.098878476093300804e+00 4.496897838858497209e+01 1.154040654813584879e-02 1.148210637066809170e+01 3.878878560466709757e-01
9.101450607703197804e+00 4.497570071851823315e+01 9.106054524872831540e-03 1.150038250083167135e+01 4.359376156260387214e-01
9.101450607703197804e+00 4.497570071851823315e+01 9.106054524872831540e-03 1.150038250083167135e+01 4.359376156260387214e-01
9.101450607703197804e+00 4.497570071851823315e+01 9.106054524872831540e-03 1.150038250083167135e+01 4.359376156260387214e-01
9.101450607703197804e+00 4.497570071851823315e+01 9.106054524872831540e-03 1.150038250083167135e+01 4.359376156260387214e-01
9.098727029514856568e+00 4.497469684525109557e+01 7.459506287122732136e-03 1.280490473161034970e+01 4.892351341646293816e-01
9.098727029514856568e+00 4.497469684525109557e+01 7.459506287122732136e-03 1.280490473161034970e+01 4.892351341646293816e-01
9.098727029514856568e+00 4.497469684525109557e+01 7.459506287122732136e-03 1.280490473161034970e+01 4.892351341646293816e-01
9.098727029514856568e+00 4.497469684525109557e+01 7.459506287122732136e-03 1.280490473161034970e+01 4.892351341646293816e-01
9.098727029514856568e+00 4.497469684525109557e+01 7.459506287122732136e-03 1.280490473161034970e+01 4.892351341646293816e-01
9.098727029514856568e+00 4.497469684525109557e+01 7.459506287122732136e-03 1.280490473161034970e+01 4.892351341646293816e-01
9.098727029514856568e+00 4.497469684525109557e+01 7.459506287122732136e-03 1.280490473161034970e+01 4.892351341646293816e-01
9.098727029514856568e+00 4.497469684525109557e+01 7.459506287122732136e-03 1.280490473161034970e+01 4.892351341646293816e-01
9.098727029514856568e+00 4.497469684525109557e+01 7.459506287122732136e-03 1.280490473161034970e+01 4.892351341646293816e-01
9.098727029514856568e+00 4.497469684525109557e+01 7.459506287122732136e-03 1.280490473161034970e+01 4.892351341646293816e-01
9.098727029514856568e+00 4.497469684525109557e+01 7.459506287122732136e-03 1.280490473161034970e+01 4.892351341646293816e-01
9.098727029514856568e+00 4.497469684525109557e+01 7.459506287122732136e-03 1.280490473161034970e+01 4.892351341646293816e-01
9.098727029514856568e+00 4.497469684525109557e+01 7.459506287122732136e-03 1.280490473161034970e+01 4.892351341646293816e-01
9.098727029514856568e+00 4.497469684525109557e+01 7.459506287122732136e-03 1.280490473161034970e+01 4.892351341646293816e-01
9.098727029514856568e+00 4.497469684525109557e+01 7.459506287122732136e-03 1.280490473161034970e+01 4.892351341646293816e-01
9.098727029514856568e+00 4.497469684525109557e+01 7.459506287122732136e-03 1.280490473161034970e+01 4.892351341646293816e-01
9.098727029514856568e+00 4.497469684525109557e+01 7.459506287122732136e-03 1.280490473161034970e+01 4.892351341646293816e-01
9.098727029514856568e+00 4.497469684525109557e+01 7.459506287122732136e-03 1.280490473161034970e+01 4.892351341646293816e-01
9.098727029514856568e+00 4.497469684525109557e+01 7.459506287122732136e-03 1.280490473161034970e+01 4.892351341646293816e-01
9.098727029514856568e+00 4.497469684525109557e+01 7.459506287122732136e-03 1.280490473161034970e+01 4.892351341646293816e-01
9.098727029514856568e+00 4.497469684525109557e+01 7.459506287122732136e-03 1.280490473161034970e+01 4.892351341646293816e-01
9.098727029514856568e+00 4.497469684525109557e+01 7.459506287122732136e-03 1.280490473161034970e+01 4.892351341646293816e-01
9.098727029514856568e+00 4.497469684525109557e+01 7.459506287122732136e-03 1.280490473161034970e+01 4.892351341646293816e-01
9.098727029514856568e+00 4.497469684525109557e+01 7.459506287122732136e-03 1.280490473161034970e+01 4.892351341646293816e-01
9.098727029514856568e+00 4.497469684525109557e+01 7.459506287122732136e-03 1.280490473161034970e+01 4.892351341646293816e-01
9.098727029514856568e+00 4.497469684525109557e+01 7.459506287122732136e-03 1.280490473161034970e+01 4.892351341646293816e-01
9.098727029514856568e+00 4.497469684525109557e+01 7.459506287122732136e-03 1.280490473161034970e+01 4.892351341646293816e-01
9.305230538787393257e+00 4.497899866862169205e+01 9.481243233188992731e-03 1.426870402306204433e+01 5.062468992558892822e-01
9.082581705528916416e+00 4.498770967011768818e+01 8.755581998626639842e-03 1.416145013416527121e+01 5.066827174028808445e-01
9.082581705528916416e+00 4.498770967011768818e+01 8.755581998626639842e-03 1.416145013416527121e+01 5.066827174028808445e-01
9.082581705528916416e+00 4.498770967011768818e+01 8.755581998626639842e-03 1.416145013416527121e+01 5.066827174028808445e-01
9.082581705528916416e+00 4.498770967011768818e+01 8.755581998626639842e-03 1.416145013416527121e+01 5.066827174028808445e-01
9.082581705528916416e+00 4.498770967011768818e+01 8.755581998626639842e-03 1.416145013416527121e+01 5.066827174028808445e-01
9.082581705528916416e+00 4.498770967011768818e+01 8.755581998626639842e-03 1.416145013416527121e+01 5.066827174028808445e-01
9.082581705528916416e+00 4.498770967011768818e+01 8.755581998626639842e-03 1.416145013416527121e+01 5.066827174028808445e-01
9.082581705528916416e+00 4.498770967011768818e+01 8.755581998626639842e-03 1.416145013416527121e+01 5.066827174028808445e-01
9.082581705528916416e+00 4.498770967011768818e+01 8.755581998626639842e-03 1.416145013416527121e+01 5.066827174028808445e-01
9.082581705528916416e+00 4.498770967011768818e+01 8.755581998626639842e-03 1.416145013416527121e+01 5.066827174028808445e-01
9.082581705528916416e+00 4.498770967011768818e+01 8.755581998626639842e-03 1.416145013416527121e+01 5.066827174028808445e-01
9.082581705528916416e+00 4.498770967011768818e+01 8.755581998626639842e-03 1.416145013416527121e+01 5.066827174028808445e-01
9.082581705528916416e+00 4.498770967011768818e+01 8.755581998626639842e-03 1.416145013416527121e+01 5.066827174028808445e-01
9.082581705528916416e+00 4.498770967011768818e+01 8.755581998626639842e-03 1.416145013416527121e+01 5.066827174028808445e-01
9.077458611823546519e+00 4.498902207307035184e+01 1.103794663652092785e-02 1.391972983317229762e+01 5.264861649177838832e-01
9.077458611823546519e+00 4.498902207307035184e+01 1.103794663652092785e-02 1.391972983317229762e+01 5.264861649177838832e-01
9.077458611823546519e+00 4.498902207307035184e+01 1.103794663652092785e-02 1.391972983317229762e+01 5.264861649177838832e-01
9.077458611823546519e+00 4.498902207307035184e+01 1.103794663652092785e-02 1.391972983317229762e+01 5.264861649177838832e-01
9.077458611823546519e+00 4.498902207307035184e+01 1.103794663652092785e-02 1.391972983317229762e+01 5.264861649177838832e-01
9.077458611823546519e+00 4.498902207307035184e+01 1.103794663652092785e-02 1.391972983317229762e+01 5.264861649177838832e-01
9.077458611823546519e+00 4.498902207307035184e+01 1.103794663652092785e-02 1.391972983317229762e+01 5.264861649177838832e-01
9.077458611823546519e+00 4.498902207307035184e+01 1.103794663652092785e-02 1.391972983317229762e+01 5.264861649177838832e-01
9.077458611823546519e+00 4.498902207307035184e+01 1.103794663652092785e-02 1.391972983317229762e+01 5.264861649177838832e-01
9.081446280900680179e+00 4.500159305379982300e+01 1.358689293882966304e-02 1.278354443020897158e+01 5.250113343212300387e-01
9.081446280900680179e+00 4.500159305379982300e+01 1.358689293882966304e-02 1.278354443020897158e+01 5.250113343212300387e-01
9.081446280900680179e+00 4.500159305379982300e+01 1.358689293882966304e-02 1.278354443020897158e+01 5.250113343212300387e-01
9.081446280900680179e+00 4.500159305379982300e+01 1.358689293882966304e-02 1.278354443020897158e+01 5.250113343212300387e-01
9.081446280900680179e+00 4.500159305379982300e+01 1.358689293882966304e-02 1.278354443020897158e+01 5.250113343212300387e-01
9.081446280900680179e+00 4.500159305379982300e+01 1.358689293882966304e-02 1.278354443020897158e+01 5.250113343212300387e-01
9.081446280900680179e+00 4.500159305379982300e+01 1.358689293882966304e-02 1.278354443020897158e+01 5.250113343212300387e-01
9.081446280900680179e+00 4.500159305379982300e+01 1.358689293882966304e-02 1.278354443020897158e+01 5.250113343212300387e-01
9.081446280900680179e+00 4.500159305379982300e+01 1.358689293882966304e-02 1.278354443020897158e+01 5.250113343212300387e-01
9.081446280900680179e+00 4.500159305379982300e+01 1.358689293882966304e-02 1.278354443020897158e+01 5.250113343212300387e-01
9.081446280900680179e+00 4.500159305379982300e+01 1.358689293882966304e-02 1.278354443020897158e+01 5.250113343212300387e-01
9.081446280900680179e+00 4.500159305379982300e+01 1.358689293882966304e-02 1.278354443020897158e+01 5.250113343212300387e-01
9.081446280900680179e+00 4.500159305379982300e+01 1.358689293882966304e-02 1.278354443020897158e+01 5.250113343212300387e-01
9.081446280900680179e+00 4.500159305379982300e+01 1.358689293882966304e-02 1.278354443020897158e+01 5.250113343212300387e-01
9.081446280900680179e+00 4.500159305379982300e+01 1.358689293882966304e-02 1.278354443020897158e+01 5.250113343212300387e-01
9.081446280900680179e+00 4.500159305379982300e+01 1.358689293882966304e-02 1.278354443020897158e+01 5.250113343212300387e-01
9.081446280900680179e+00 4.500159305379982300e+01 1.358689293882966304e-02 1.278354443020897158e+01 5.250113343212300387e-01
9.081446280900680179e+00 4.500159305379982300e+01 1.358689293882966304e-02 1.278354443020897158e+01 5.250113343212300387e-01
9.081446280900680179e+00 4.500159305379982300e+01 1.358689293882966304e-02 1.278354443020897158e+01 5.250113343212300387e-01
9.081446280900680179e+00 4.500159305379982300e+01 1.358689293882966304e-02 1.278354443020897158e+01 5.250113343212300387e-01
9.081446280900680179e+00 4.500159305379982300e+01 1.358689293882966304e-02 1.278354443020897158e+01 5.250113343212300387e-01
9.081446280900680179e+00 4.500159305379982300e+01 1.358689293882966304e-02 1.278354443020897158e+01 5.250113343212300387e-01
9.081446280900680179e+00 4.500159305379982300e+01 1.358689293882966304e-02 1.278354443020897158e+01 5.250113343212300387e-01
9.081446280900680179e+00 4.500159305379982300e+01 1.358689293882966304e-02 1.278354443020897158e+01 5.250113343212300387e-01
9.081446280900680179e+00 4.500159305379982300e+01 1.358689293882966304e-02 1.278354443020897158e+01 5.250113343212300387e-01
9.081446280900680179e+00 4.500159305379982300e+01 1.358689293882966304e-02 1.278354443020897158e+01 5.250113343212300387e-01
9.081446280900680179e+00 4.500159305379982300e+01 1.358689293882966304e-02 1.278354443020897158e+01 5.250113343212300387e-01
9.081446280900680179e+00 4.500159305379982300e+01 1.358689293882966304e-02 1.278354443020897158e+01 5.250113343212300387e-01
9.081446280900680179e+00 4.500159305379982300e+01 1.358689293882966304e-02 1.278354443020897158e+01 5.250113343212300387e-01
9.081446280900680179e+00 4.500159305379982300e+01 1.358689293882966304e-02 1.278354443020897158e+01 5.250113343212300387e-01
9.081446280900680179e+00 4.500159305379982300e+01 1.358689293882966304e-02 1.278354443020897158e+01 5.250113343212300387e-01
9.081446280900680179e+00 4.500159305379982300e+01 1.358689293882966304e-02 1.278354443020897158e+01 5.250113343212300387e-01
9.081446280900680179e+00 4.500159305379982300e+01 1.358689293882966304e-02 1.278354443020897158e+01 5.250113343212300387e-01
9.081446280900680179e+00 4.500159305379982300e+01 1.358689293882966304e-02 1.278354443020897158e+01 5.250113343212300387e-01
9.081446280900680179e+00 4.500159305379982300e+01 1.358689293882966304e-02 1.278354443020897158e+01 5.250113343212300387e-01
9.081446280900680179e+00 4.500159305379982300e+01 1.358689293882966304e-02 1.278354443020897158e+01 5.250113343212300387e-01
9.081446280900680179e+00 4.500159305379982300e+01 1.358689293882966304e-02 1.278354443020897158e+01 5.250113343212300387e-01
9.081446280900680179e+00 4.500159305379982300e+01 1.358689293882966304e-02 1.278354443020897158e+01 5.250113343212300387e-01
9.081446280900680179e+00 4.500159305379982300e+01 1.358689293882966304e-02 1.278354443020897158e+01 5.250113343212300387e-01
9.081446280900680179e+00 4.500159305379982300e+01 1.358689293882966304e-02 1.278354443020897158e+01 5.250113343212300387e-01
9.081446280900680179e+00 4.500159305379982300e+01 1.358689293882966304e-02 1.278354443020897158e+01 5.250113343212300387e-01
9.081446280900680179e+00 4.500159305379982300e+01 1.358689293882966304e-02 1.278354443020897158e+01 5.250113343212300387e-01
9.081446280900680179e+00 4.500159305379982300e+01 1.358689293882966304e-02 1.278354443020897158e+01 5.250113343212300387e-01
9.081446280900680179e+00 4.500159305379982300e+01 1.358689293882966304e-02 1.278354443020897158e+01 5.250113343212300387e-01
9.081446280900680179e+00 4.500159305379982300e+01 1.358689293882966304e-02 1.278354443020897158e+01 5.250113343212300387e-01
9.081446280900680179e+00 4.500159305379982300e+01 1.358689293882966304e-02 1.278354443020897158e+01 5.250113343212300387e-01
9.081446280900680179e+00 4.500159305379982300e+01 1.358689293882966304e-02 1.278354443020897158e+01 5.250113343212300387e-01
9.081446280900680179e+00 4.500159305379982300e+01 1.358689293882966304e-02 1.278354443020897158e+01 5.250113343212300387e-01
9.081446280900680179e+00 4.500159305379982300e+01 1.358689293882966304e-02 1.278354443020897158e+01 5.250113343212300387e-01
9.081446280900680179e+00 4.500159305379982300e+01 1.358689293882966304e-02 1.278354443020897158e+01 5.250113343212300387e-01
9.081446280900680179e+00 4.500159305379982300e+01 1.358689293882966304e-02 1.278354443020897158e+01 5.250113343212300387e-01
9.081446280900680179e+00 4.500159305379982300e+01 1.358689293882966304e-02 1.278354443020897158e+01 5.250113343212300387e-01
9.081446280900680179e+00 4.500159305379982300e+01 1.358689293882966304e-02 1.278354443020897158e+01 5.250113343212300387e-01
9.081446280900680179e+00 4.500159305379982300e+01 1.358689293882966304e-02 1.278354443020897158e+01 5.250113343212300387e-01
9.081446280900680179e+00 4.500159305379982300e+01 1.358689293882966304e-02 1.278354443020897158e+01 5.250113343212300387e-01
9.081446280900680179e+00 4.500159305379982300e+01 1.358689293882966304e-02 1.278354443020897158e+01 5.250113343212300387e-01
9.081446280900680179e+00 4.500159305379982300e+01 1.358689293882966304e-02 1.278354443020897158e+01 5.250113343212300387e-01
9.081446280900680179e+00 4.500159305379982300e+01 1.358689293882966304e-02 1.278354443020897158e+01 5.250113343212300387e-01
9.081446280900680179e+00 4.500159305379982300e+01 1.358689293882966304e-02 1.278354443020897158e+01 5.250113343212300387e-01
9.081446280900680179e+00 4.500159305379982300e+01 1.358689293882966304e-02 1.278354443020897158e+01 5.250113343212300387e-01
9.081446280900680179e+00 4.500159305379982300e+01 1.358689293882966304e-02 1.278354443020897158e+01 5.250113343212300387e-01
9.070828639278081695e+00 4.500858504090584233e+01 1.207675449371969044e-02 1.167760123189079735e+01 4.565073245677710445e-01
9.070828639278081695e+00 4.500858504090584233e+01 1.207675449371969044e-02 1.167760123189079735e+01 4.565073245677710445e-01
9.070828639278081695e+00 4.500858504090584233e+01 1.207675449371969044e-02 1.167760123189079735e+01 4.565073245677710445e-01
9.070828639278081695e+00 4.500858504090584233e+01 1.207675449371969044e-02 1.167760123189079735e+01 4.565073245677710445e-01
9.070828639278081695e+00 4.500858504090584233e+01 1.207675449371969044e-02 1.167760123189079735e+01 4.565073245677710445e-01
9.070828639278081695e+00 4.500858504090584233e+01 1.207675449371969044e-02 1.167760123189079735e+01 4.565073245677710445e-01
9.070828639278081695e+00 4.500858504090584233e+01 1.207675449371969044e-02 1.167760123189079735e+01 4.565073245677710445e-01
9.070828639278081695e+00 4.500858504090584233e+01 1.207675449371969044e-02 1.167760123189079735e+01 4.565073245677710445e-01
9.070828639278081695e+00 4.500858504090584233e+01 1.207675449371969044e-02 1.167760123189079735e+01 4.565073245677710445e-01
9.070828639278081695e+00 4.500858504090584233e+01 1.207675449371969044e-02 1.167760123189079735e+01 4.565073245677710445e-01
9.070828639278081695e+00 4.500858504090584233e+01 1.207675449371969044e-02 1.167760123189079735e+01 4.565073245677710445e-01
9.070828639278081695e+00 4.500858504090584233e+01 1.207675449371969044e-02 1.167760123189079735e+01 4.565073245677710445e-01
9.070828639278081695e+00 4.500858504090584233e+01 1.207675449371969044e-02 1.167760123189079735e+01 4.565073245677710445e-01
9.070828639278081695e+00 4.500858504090584233e+01 1.207675449371969044e-02 1.167760123189079735e+01 4.565073245677710445e-01
9.070828639278081695e+00 4.500858504090584233e+01 1.207675449371969044e-02 1.167760123189079735e+01 4.565073245677710445e-01
9.070828639278081695e+00 4.500858504090584233e+01 1.207675449371969044e-02 1.167760123189079735e+01 4.565073245677710445e-01
9.070828639278081695e+00 4.500858504090584233e+01 1.207675449371969044e-02 1.167760123189079735e+01 4.565073245677710445e-01
9.070828639278081695e+00 4.500858504090584233e+01 1.207675449371969044e-02 1.167760123189079735e+01 4.565073245677710445e-01
9.070828639278081695e+00 4.500858504090584233e+01 1.207675449371969044e-02 1.167760123189079735e+01 4.565073245677710445e-01
9.070828639278081695e+00 4.500858504090584233e+01 1.207675449371969044e-02 1.167760123189079735e+01 4.565073245677710445e-01
9.070828639278081695e+00 4.500858504090584233e+01 1.207675449371969044e-02 1.167760123189079735e+01 4.565073245677710445e-01
9.070828639278081695e+00 4.500858504090584233e+01 1.207675449371969044e-02 1.167760123189079735e+01 4.565073245677710445e-01
9.070828639278081695e+00 4.500858504090584233e+01 1.207675449371969044e-02 1.167760123189079735e+01 4.565073245677710445e-01
9.070828639278081695e+00 4.500858504090584233e+01 1.207675449371969044e-02 1.167760123189079735e+01 4.565073245677710445e-01
9.070828639278081695e+00 4.500858504090584233e+01 1.207675449371969044e-02 1.167760123189079735e+01 4.565073245677710445e-01
9.070828639278081695e+00 4.500858504090584233e+01 1.207675449371969044e-02 1.167760123189079735e+01 4.565073245677710445e-01
9.070828639278081695e+00 4.500858504090584233e+01 1.207675449371969044e-02 1.167760123189079735e+01 4.565073245677710445e-01
9.070828639278081695e+00 4.500858504090584233e+01 1.207675449371969044e-02 1.167760123189079735e+01 4.565073245677710445e-01
9.070828639278081695e+00 4.500858504090584233e+01 1.207675449371969044e-02 1.167760123189079735e+01 4.565073245677710445e-01
9.070828639278081695e+00 4.500858504090584233e+01 1.207675449371969044e-02 1.167760123189079735e+01 4.565073245677710445e-01
9.070828639278081695e+00 4.500858504090584233e+01 1.207675449371969044e-02 1.167760123189079735e+01 4.565073245677710445e-01
9.070828639278081695e+00 4.500858504090584233e+01 1.207675449371969044e-02 1.167760123189079735e+01 4.565073245677710445e-01
9.070828639278081695e+00 4.500858504090584233e+01 1.207675449371969044e-02 1.167760123189079735e+01 4.565073245677710445e-01
9.070828639278081695e+00 4.500858504090584233e+01 1.207675449371969044e-02 1.167760123189079735e+01 4.565073245677710445e-01
9.070828639278081695e+00 4.500858504090584233e+01 1.207675449371969044e-02 1.167760123189079735e+01 4.565073245677710445e-01
9.070828639278081695e+00 4.500858504090584233e+01 1.207675449371969044e-02 1.167760123189079735e+01 4.565073245677710445e-01
9.070828639278081695e+00 4.500858504090584233e+01 1.207675449371969044e-02 1.167760123189079735e+01 4.565073245677710445e-01
9.070828639278081695e+00 4.500858504090584233e+01 1.207675449371969044e-02 1.167760123189079735e+01 4.565073245677710445e-01
9.070828639278081695e+00 4.500858504090584233e+01 1.207675449371969044e-02 1.167760123189079735e+01 4.565073245677710445e-01
9.070828639278081695e+00 4.500858504090584233e+01 1.207675449371969044e-02 1.167760123189079735e+01 4.565073245677710445e-01
9.070828639278081695e+00 4.500858504090584233e+01 1.207675449371969044e-02 1.167760123189079735e+01 4.565073245677710445e-01
9.070828639278081695e+00 4.500858504090584233e+01 1.207675449371969044e-02 1.167760123189079735e+01 4.565073245677710445e-01
9.070828639278081695e+00 4.500858504090584233e+01 1.207675449371969044e-02 1.167760123189079735e+01 4.565073245677710445e-01
9.070828639278081695e+00 4.500858504090584233e+01 1.207675449371969044e-02 1.167760123189079735e+01 4.565073245677710445e-01
9.070828639278081695e+00 4.500858504090584233e+01 1.207675449371969044e-02 1.167760123189079735e+01 4.565073245677710445e-01
9.070828639278081695e+00 4.500858504090584233e+01 1.207675449371969044e-02 1.167760123189079735e+01 4.565073245677710445e-01
9.070828639278081695e+00 4.500858504090584233e+01 1.207675449371969044e-02 1.167760123189079735e+01 4.565073245677710445e-01
9.070828639278081695e+00 4.500858504090584233e+01 1.207675449371969044e-02 1.167760123189079735e+01 4.565073245677710445e-01
9.070828639278081695e+00 4.500858504090584233e+01 1.207675449371969044e-02 1.167760123189079735e+01 4.565073245677710445e-01
9.070828639278081695e+00 4.500858504090584233e+01 1.207675449371969044e-02 1.167760123189079735e+01 4.565073245677710445e-01
9.070828639278081695e+00 4.500858504090584233e+01 1.207675449371969044e-02 1.167760123189079735e+01 4.565073245677710445e-01
9.070828639278081695e+00 4.500858504090584233e+01 1.207675449371969044e-02 1.167760123189079735e+01 4.565073245677710445e-01
9.070828639278081695e+00 4.500858504090584233e+01 1.207675449371969044e-02 1.167760123189079735e+01 4.565073245677710445e-01
9.070828639278081695e+00 4.500858504090584233e+01 1.207675449371969044e-02 1.167760123189079735e+01 4.565073245677710445e-01
9.070828639278081695e+00 4.500858504090584233e+01 1.207675449371969044e-02 1.167760123189079735e+01 4.565073245677710445e-01
9.070828639278081695e+00 4.500858504090584233e+01 1.207675449371969044e-02 1.167760123189079735e+01 4.565073245677710445e-01
9.070828639278081695e+00 4.500858504090584233e+01 1.207675449371969044e-02 1.167760123189079735e+01 4.565073245677710445e-01
9.070828639278081695e+00 4.500858504090584233e+01 1.207675449371969044e-02 1.167760123189079735e+01 4.565073245677710445e-01
9.070828639278081695e+00 4.500858504090584233e+01 1.207675449371969044e-02 1.167760123189079735e+01 4.565073245677710445e-01
9.070828639278081695e+00 4.500858504090584233e+01 1.207675449371969044e-02 1.167760123189079735e+01 4.565073245677710445e-01
9.070828639278081695e+00 4.500858504090584233e+01 1.207675449371969044e-02 1.167760123189079735e+01 4.565073245677710445e-01
9.070828639278081695e+00 4.500858504090584233e+01 1.207675449371969044e-02 1.167760123189079735e+01 4.565073245677710445e-01
9.070828639278081695e+00 4.500858504090584233e+01 1.207675449371969044e-02 1.167760123189079735e+01 4.565073245677710445e-01
9.070828639278081695e+00 4.500858504090584233e+01 1.207675449371969044e-02 1.167760123189079735e+01 4.565073245677710445e-01
9.070828639278081695e+00 4.500858504090584233e+01 1.207675449371969044e-02 1.167760123189079735e+01 4.565073245677710445e-01
9.070828639278081695e+00 4.500858504090584233e+01 1.207675449371969044e-02 1.167760123189079735e+01 4.565073245677710445e-01
9.070828639278081695e+00 4.500858504090584233e+01 1.207675449371969044e-02 1.167760123189079735e+01 4.565073245677710445e-01
9.070828639278081695e+00 4.500858504090584233e+01 1.207675449371969044e-02 1.167760123189079735e+01 4.565073245677710445e-01
9.070828639278081695e+00 4.500858504090584233e+01 1.207675449371969044e-02 1.167760123189079735e+01 4.565073245677710445e-01
9.070828639278081695e+00 4.500858504090584233e+01 1.207675449371969044e-02 1.167760123189079735e+01 4.565073245677710445e-01
9.070828639278081695e+00 4.500858504090584233e+01 1.207675449371969044e-02 1.167760123189079735e+01 4.565073245677710445e-01
9.070828639278081695e+00 4.500858504090584233e+01 1.207675449371969044e-02 1.167760123189079735e+01 4.565073245677710445e-01
9.070828639278081695e+00 4.500858504090584233e+01 1.207675449371969044e-02 1.167760123189079735e+01 4.565073245677710445e-01
9.070828639278081695e+00 4.500858504090584233e+01 1.207675449371969044e-02 1.167760123189079735e+01 4.565073245677710445e-01
9.070828639278081695e+00 4.500858504090584233e+01 1.207675449371969044e-02 1.167760123189079735e+01 4.565073245677710445e-01
9.086253315266555219e+00 4.500014742716118121e+01 9.203164299974204987e-03 1.137264702018993567e+01 5.001422039624264793e-01
9.086253315266555219e+00 4.500014742716118121e+01 9.203164299974204987e-03 1.137264702018993567e+01 5.001422039624264793e-01
9.086253315266555219e+00 4.500014742716118121e+01 9.203164299974204987e-03 1.137264702018993567e+01 5.001422039624264793e-01
9.086253315266555219e+00 4.500014742716118121e+01 9.203164299974204987e-03 1.137264702018993567e+01 5.001422039624264793e-01
9.086253315266555219e+00 4.500014742716118121e+01 9.203164299974204987e-03 1.137264702018993567e+01 5.001422039624264793e-01
9.086253315266555219e+00 4.500014742716118121e+01 9.203164299974204987e-03 1.137264702018993567e+01 5.001422039624264793e-01
9.086253315266555219e+00 4.500014742716118121e+01 9.203164299974204987e-03 1.137264702018993567e+01 5.001422039624264793e-01
9.086253315266555219e+00 4.500014742716118121e+01 9.203164299974204987e-03 1.137264702018993567e+01 5.001422039624264793e-01
9.086253315266555219e+00 4.500014742716118121e+01 9.203164299974204987e-03 1.137264702018993567e+01 5.001422039624264793e-01
9.086253315266555219e+00 4.500014742716118121e+01 9.203164299974204987e-03 1.137264702018993567e+01 5.001422039624264793e-01
9.086253315266555219e+00 4.500014742716118121e+01 9.203164299974204987e-03 1.137264702018993567e+01 5.001422039624264793e-01
9.086253315266555219e+00 4.500014742716118121e+01 9.203164299974204987e-03 1.137264702018993567e+01 5.001422039624264793e-01
9.086253315266555219e+00 4.500014742716118121e+01 9.203164299974204987e-03 1.137264702018993567e+01 5.001422039624264793e-01
9.086253315266555219e+00 4.500014742716118121e+01 9.203164299974204987e-03 1.137264702018993567e+01 5.001422039624264793e-01
9.086253315266555219e+00 4.500014742716118121e+01 9.203164299974204987e-03 1.137264702018993567e+01 5.001422039624264793e-01
9.086253315266555219e+00 4.500014742716118121e+01 9.203164299974204987e-03 1.137264702018993567e+01 5.001422039624264793e-01
9.086253315266555219e+00 4.500014742716118121e+01 9.203164299974204987e-03 1.137264702018993567e+01 5.001422039624264793e-01
9.086253315266555219e+00 4.500014742716118121e+01 9.203164299974204987e-03 1.137264702018993567e+01 5.001422039624264793e-01
9.086253315266555219e+00 4.500014742716118121e+01 9.203164299974204987e-03 1.137264702018993567e+01 5.001422039624264793e-01
9.086253315266555219e+00 4.500014742716118121e+01 9.203164299974204987e-03 1.137264702018993567e+01 5.001422039624264793e-01
9.086253315266555219e+00 4.500014742716118121e+01 9.203164299974204987e-03 1.137264702018993567e+01 5.001422039624264793e-01
9.086253315266555219e+00 4.500014742716118121e+01 9.203164299974204987e-03 1.137264702018993567e+01 5.001422039624264793e-01
9.086253315266555219e+00 4.500014742716118121e+01 9.203164299974204987e-03 1.137264702018993567e+01 5.001422039624264793e-01
9.086253315266555219e+00 4.500014742716118121e+01 9.203164299974204987e-03 1.137264702018993567e+01 5.001422039624264793e-01
9.086253315266555219e+00 4.500014742716118121e+01 9.203164299974204987e-03 1.137264702018993567e+01 5.001422039624264793e-01
9.088462517824199338e+00 4.500582572851502050e+01 1.168321968620756289e-02 8.876451177004732074e+00 5.157171316047249876e-01
9.088462517824199338e+00 4.500582572851502050e+01 1.168321968620756289e-02 8.876451177004732074e+00 5.157171316047249876e-01
9.088462517824199338e+00 4.500582572851502050e+01 1.168321968620756289e-02 8.876451177004732074e+00 5.157171316047249876e-01
9.088462517824199338e+00 4.500582572851502050e+01 1.168321968620756289e-02 8.876451177004732074e+00 5.157171316047249876e-01
9.088462517824199338e+00 4.500582572851502050e+01 1.168321968620756289e-02 8.876451177004732074e+00 5.157171316047249876e-01
9.088462517824199338e+00 4.500582572851502050e+01 1.168321968620756289e-02 8.876451177004732074e+00 5.157171316047249876e-01
9.088462517824199338e+00 4.500582572851502050e+01 1.168321968620756289e-02 8.876451177004732074e+00 5.157171316047249876e-01
9.088462517824199338e+00 4.500582572851502050e+01 1.168321968620756289e-02 8.876451177004732074e+00 5.157171316047249876e-01
9.088462517824199338e+00 4.500582572851502050e+01 1.168321968620756289e-02 8.876451177004732074e+00 5.157171316047249876e-01
9.088462517824199338e+00 4.500582572851502050e+01 1.168321968620756289e-02 8.876451177004732074e+00 5.157171316047249876e-01
9.080179053019174162e+00 4.500178944810954107e+01 1.162431995295458431e-02 7.971134277774774901e+00 5.529430521345937155e-01
9.080179053019174162e+00 4.500178944810954107e+01 1.162431995295458431e-02 7.971134277774774901e+00 5.529430521345937155e-01
9.080179053019174162e+00 4.500178944810954107e+01 1.162431995295458431e-02 7.971134277774774901e+00 5.529430521345937155e-01
9.080179053019174162e+00 4.500178944810954107e+01 1.162431995295458431e-02 7.971134277774774901e+00 5.529430521345937155e-01
9.080179053019174162e+00 4.500178944810954107e+01 1.162431995295458431e-02 7.971134277774774901e+00 5.529430521345937155e-01
9.080179053019174162e+00 4.500178944810954107e+01 1.162431995295458431e-02 7.971134277774774901e+00 5.529430521345937155e-01
9.080179053019174162e+00 4.500178944810954107e+01 1.162431995295458431e-02 7.971134277774774901e+00 5.529430521345937155e-01
9.080179053019174162e+00 4.500178944810954107e+01 1.162431995295458431e-02 7.971134277774774901e+00 5.529430521345937155e-01
9.080179053019174162e+00 4.500178944810954107e+01 1.162431995295458431e-02 7.971134277774774901e+00 5.529430521345937155e-01
9.080179053019174162e+00 4.500178944810954107e+01 1.162431995295458431e-02 7.971134277774774901e+00 5.529430521345937155e-01
9.080179053019174162e+00 4.500178944810954107e+01 1.162431995295458431e-02 7.971134277774774901e+00 5.529430521345937155e-01
9.080179053019174162e+00 4.500178944810954107e+01 1.162431995295458431e-02 7.971134277774774901e+00 5.529430521345937155e-01
9.080179053019174162e+00 4.500178944810954107e+01 1.162431995295458431e-02 7.971134277774774901e+00 5.529430521345937155e-01
9.080179053019174162e+00 4.500178944810954107e+01 1.162431995295458431e-02 7.971134277774774901e+00 5.529430521345937155e-01
9.080179053019174162e+00 4.500178944810954107e+01 1.162431995295458431e-02 7.971134277774774901e+00 5.529430521345937155e-01
9.080179053019174162e+00 4.500178944810954107e+01 1.162431995295458431e-02 7.971134277774774901e+00 5.529430521345937155e-01
9.080179053019174162e+00 4.500178944810954107e+01 1.162431995295458431e-02 7.971134277774774901e+00 5.529430521345937155e-01
9.071902981279434286e+00 4.499942085645850653e+01 8.297209088289864837e-03 8.760984310578809442e+00 5.724018871902369909e-01
9.071902981279434286e+00 4.499942085645850653e+01 8.297209088289864837e-03 8.760984310578809442e+00 5.724018871902369909e-01
9.071902981279434286e+00 4.499942085645850653e+01 8.297209088289864837e-03 8.760984310578809442e+00 5.724018871902369909e-01
9.071902981279434286e+00 4.499942085645850653e+01 8.297209088289864837e-03 8.760984310578809442e+00 5.724018871902369909e-01
9.071902981279434286e+00 4.499942085645850653e+01 8.297209088289864837e-03 8.760984310578809442e+00 5.724018871902369909e-01
9.071902981279434286e+00 4.499942085645850653e+01 8.297209088289864837e-03 8.760984310578809442e+00 5.724018871902369909e-01
9.071902981279434286e+00 4.499942085645850653e+01 8.297209088289864837e-03 8.760984310578809442e+00 5.724018871902369909e-01
9.071902981279434286e+00 4.499942085645850653e+01 8.297209088289864837e-03 8.760984310578809442e+00 5.724018871902369909e-01
9.071902981279434286e+00 4.499942085645850653e+01 8.297209088289864837e-03 8.760984310578809442e+00 5.724018871902369909e-01
9.071902981279434286e+00 4.499942085645850653e+01 8.297209088289864837e-03 8.760984310578809442e+00 5.724018871902369909e-01
9.071902981279434286e+00 4.499942085645850653e+01 8.297209088289864837e-03 8.760984310578809442e+00 5.724018871902369909e-01
9.071902981279434286e+00 4.499942085645850653e+01 8.297209088289864837e-03 8.760984310578809442e+00 5.724018871902369909e-01
9.071902981279434286e+00 4.499942085645850653e+01 8.297209088289864837e-03 8.760984310578809442e+00 5.724018871902369909e-01
9.071902981279434286e+00 4.499942085645850653e+01 8.297209088289864837e-03 8.760984310578809442e+00 5.724018871902369909e-01
9.071902981279434286e+00 4.499942085645850653e+01 8.297209088289864837e-03 8.760984310578809442e+00 5.724018871902369909e-01
9.071902981279434286e+00 4.499942085645850653e+01 8.297209088289864837e-03 8.760984310578809442e+00 5.724018871902369909e-01
9.071902981279434286e+00 4.499942085645850653e+01 8.297209088289864837e-03 8.760984310578809442e+00 5.724018871902369909e-01
9.071902981279434286e+00 4.499942085645850653e+01 8.297209088289864837e-03 8.760984310578809442e+00 5.724018871902369909e-01
9.071902981279434286e+00 4.499942085645850653e+01 8.297209088289864837e-03 8.760984310578809442e+00 5.724018871902369909e-01
9.071902981279434286e+00 4.499942085645850653e+01 8.297209088289864837e-03 8.760984310578809442e+00 5.724018871902369909e-01
9.071902981279434286e+00 4.499942085645850653e+01 8.297209088289864837e-03 8.760984310578809442e+00 5.724018871902369909e-01
9.058838208875272358e+00 4.500716126865616928e+01 9.009725879625311504e-03 7.799829807745385146e+00 5.657666453157625952e-01
9.058838208875272358e+00 4.500716126865616928e+01 9.009725879625311504e-03 7.799829807745385146e+00 5.657666453157625952e-01
9.058838208875272358e+00 4.500716126865616928e+01 9.009725879625311504e-03 7.799829807745385146e+00 5.657666453157625952e-01
9.095818799412395350e+00 4.501230277680718928e+01 8.935628365695650124e-03 8.060607356303991722e+00 5.401209147944006084e-01
9.095818799412395350e+00 4.501230277680718928e+01 8.935628365695650124e-03 8.060607356303991722e+00 5.401209147944006084e-01
9.095818799412395350e+00 4.501230277680718928e+01 8.935628365695650124e-03 8.060607356303991722e+00 5.401209147944006084e-01
9.095818799412395350e+00 4.501230277680718928e+01 8.935628365695650124e-03 8.060607356303991722e+00 5.401209147944006084e-01
9.095818799412395350e+00 4.501230277680718928e+01 8.935628365695650124e-03 8.060607356303991722e+00 5.401209147944006084e-01
9.095818799412395350e+00 4.501230277680718928e+01 8.935628365695650124e-03 8.060607356303991722e+00 5.401209147944006084e-01
9.095818799412395350e+00 4.501230277680718928e+01 8.935628365695650124e-03 8.060607356303991722e+00 5.401209147944006084e-01
9.095818799412395350e+00 4.501230277680718928e+01 8.935628365695650124e-03 8.060607356303991722e+00 5.401209147944006084e-01
9.095818799412395350e+00 4.501230277680718928e+01 8.935628365695650124e-03 8.060607356303991722e+00 5.401209147944006084e-01
9.101073467751330526e+00 4.502052310826831416e+01 1.102807840414555575e-02 7.647514025396313642e+00 4.371607971741479082e-01
9.101073467751330526e+00 4.502052310826831416e+01 1.102807840414555575e-02 7.647514025396313642e+00 4.371607971741479082e-01
9.067703481885319050e+00 4.501427062151951475e+01 6.656624135448748446e-03 7.397454107238853993e+00 4.659887389587593631e-01
9.067703481885319050e+00 4.501427062151951475e+01 6.656624135448748446e-03 7.397454107238853993e+00 4.659887389587593631e-01
9.129477553494474762e+00 4.500617409829357740e+01 8.121719857951414240e-03 7.061288097323108914e+00 4.971491101736424389e-01
9.129477553494474762e+00 4.500617409829357740e+01 8.121719857951414240e-03 7.061288097323108914e+00 4.971491101736424389e-01
9.258459313493391463e+00 4.501783720623241436e+01 1.040005193491693944e-02 7.891520156032067135e+00 5.198594269433914894e-01
9.258459313493391463e+00 4.501783720623241436e+01 1.040005193491693944e-02 7.891520156032067135e+00 5.198594269433914894e-01
9.258459313493391463e+00 4.501783720623241436e+01 1.040005193491693944e-02 7.891520156032067135e+00 5.198594269433914894e-01
9.302746848340357033e+00 4.500177667472697607e+01 1.117620803323435795e-02 8.004016257861170658e+00 5.775047619203989013e-01
9.302746848340357033e+00 4.500177667472697607e+01 1.117620803323435795e-02 8.004016257861170658e+00 5.775047619203989013e-01
9.314033634237560477e+00 4.500165610698455509e+01 1.310953864556771258e-02 7.736322600631009294e+00 5.826071568375909004e-01
9.314033634237560477e+00 4.500165610698455509e+01 1.310953864556771258e-02 7.736322600631009294e+00 5.826071568375909004e-01
9.314033634237560477e+00 4.500165610698455509e+01 1.310953864556771258e-02 7.736322600631009294e+00 5.826071568375909004e-01
9.314033634237560477e+00 4.500165610698455509e+01 1.310953864556771258e-02 7.736322600631009294e+00 5.826071568375909004e-01
9.314033634237560477e+00 4.500165610698455509e+01 1.310953864556771258e-02 7.736322600631009294e+00 5.826071568375909004e-01
9.314033634237560477e+00 4.500165610698455509e+01 1.310953864556771258e-02 7.736322600631009294e+00 5.826071568375909004e-01
9.314033634237560477e+00 4.500165610698455509e+01 1.310953864556771258e-02 7.736322600631009294e+00 5.826071568375909004e-01
9.314033634237560477e+00 4.500165610698455509e+01 1.310953864556771258e-02 7.736322600631009294e+00 5.826071568375909004e-01
9.314033634237560477e+00 4.500165610698455509e+01 1.310953864556771258e-02 7.736322600631009294e+00 5.826071568375909004e-01
9.314033634237560477e+00 4.500165610698455509e+01 1.310953864556771258e-02 7.736322600631009294e+00 5.826071568375909004e-01
9.314033634237560477e+00 4.500165610698455509e+01 1.310953864556771258e-02 7.736322600631009294e+00 5.826071568375909004e-01
9.314033634237560477e+00 4.500165610698455509e+01 1.310953864556771258e-02 7.736322600631009294e+00 5.826071568375909004e-01
9.314033634237560477e+00 4.500165610698455509e+01 1.310953864556771258e-02 7.736322600631009294e+00 5.826071568375909004e-01
9.314033634237560477e+00 4.500165610698455509e+01 1.310953864556771258e-02 7.736322600631009294e+00 5.826071568375909004e-01
9.314033634237560477e+00 4.500165610698455509e+01 1.310953864556771258e-02 7.736322600631009294e+00 5.826071568375909004e-01
9.314033634237560477e+00 4.500165610698455509e+01 1.310953864556771258e-02 7.736322600631009294e+00 5.826071568375909004e-01
9.314033634237560477e+00 4.500165610698455509e+01 1.310953864556771258e-02 7.736322600631009294e+00 5.826071568375909004e-01
9.294631602026147021e+00 4.499710659518936495e+01 1.159370496008213861e-02 7.521930404279610016e+00 5.208686329665905834e-01
9.291348865353226572e+00 4.499816683921125104e+01 1.260977552715291522e-02 8.101868031278200988e+00 4.912808546045187574e-01
9.291348865353226572e+00 4.499816683921125104e+01 1.260977552715291522e-02 8.101868031278200988e+00 4.912808546045187574e-01
9.291348865353226572e+00 4.499816683921125104e+01 1.260977552715291522e-02 8.101868031278200988e+00 4.912808546045187574e-01
9.291348865353226572e+00 4.499816683921125104e+01 1.260977552715291522e-02 8.101868031278200988e+00 4.912808546045187574e-01
9.291348865353226572e+00 4.499816683921125104e+01 1.260977552715291522e-02 8.101868031278200988e+00 4.912808546045187574e-01
9.291348865353226572e+00 4.499816683921125104e+01 1.260977552715291522e-02 8.101868031278200988e+00 4.912808546045187574e-01
9.291348865353226572e+00 4.499816683921125104e+01 1.260977552715291522e-02 8.101868031278200988e+00 4.912808546045187574e-01
9.291348865353226572e+00 4.499816683921125104e+01 1.260977552715291522e-02 8.101868031278200988e+00 4.912808546045187574e-01
9.087833786743253484e+00 4.499357578201705365e+01 1.148101044026295613e-02 9.083024270279087986e+00 5.911174584372435037e-01
9.087833786743253484e+00 4.499357578201705365e+01 1.148101044026295613e-02 9.083024270279087986e+00 5.911174584372435037e-01
9.087833786743253484e+00 4.499357578201705365e+01 1.148101044026295613e-02 9.083024270279087986e+00 5.911174584372435037e-01
9.087833786743253484e+00 4.499357578201705365e+01 1.148101044026295613e-02 9.083024270279087986e+00 5.911174584372435037e-01
9.087833786743253484e+00 4.499357578201705365e+01 1.148101044026295613e-02 9.083024270279087986e+00 5.911174584372435037e-01
9.087833786743253484e+00 4.499357578201705365e+01 1.148101044026295613e-02 9.083024270279087986e+00 5.911174584372435037e-01
9.087833786743253484e+00 4.499357578201705365e+01 1.148101044026295613e-02 9.083024270279087986e+00 5.911174584372435037e-01
9.087833786743253484e+00 4.499357578201705365e+01 1.148101044026295613e-02 9.083024270279087986e+00 5.911174584372435037e-01
9.087833786743253484e+00 4.499357578201705365e+01 1.148101044026295613e-02 9.083024270279087986e+00 5.911174584372435037e-01
9.087833786743253484e+00 4.499357578201705365e+01 1.148101044026295613e-02 9.083024270279087986e+00 5.911174584372435037e-01
9.087833786743253484e+00 4.499357578201705365e+01 1.148101044026295613e-02 9.083024270279087986e+00 5.911174584372435037e-01
9.087833786743253484e+00 4.499357578201705365e+01 1.148101044026295613e-02 9.083024270279087986e+00 5.911174584372435037e-01
9.087833786743253484e+00 4.499357578201705365e+01 1.148101044026295613e-02 9.083024270279087986e+00 5.911174584372435037e-01
9.087833786743253484e+00 4.499357578201705365e+01 1.148101044026295613e-02 9.083024270279087986e+00 5.911174584372435037e-01
9.087833786743253484e+00 4.499357578201705365e+01 1.148101044026295613e-02 9.083024270279087986e+00 5.911174584372435037e-01
9.087833786743253484e+00 4.499357578201705365e+01 1.148101044026295613e-02 9.083024270279087986e+00 5.911174584372435037e-01
9.087833786743253484e+00 4.499357578201705365e+01 1.148101044026295613e-02 9.083024270279087986e+00 5.911174584372435037e-01
9.087833786743253484e+00 4.499357578201705365e+01 1.148101044026295613e-02 9.083024270279087986e+00 5.911174584372435037e-01
9.087833786743253484e+00 4.499357578201705365e+01 1.148101044026295613e-02 9.083024270279087986e+00 5.911174584372435037e-01
9.087833786743253484e+00 4.499357578201705365e+01 1.148101044026295613e-02 9.083024270279087986e+00 5.911174584372435037e-01
9.087833786743253484e+00 4.499357578201705365e+01 1.148101044026295613e-02 9.083024270279087986e+00 5.911174584372435037e-01
9.087833786743253484e+00 4.499357578201705365e+01 1.148101044026295613e-02 9.083024270279087986e+00 5.911174584372435037e-01
9.087833786743253484e+00 4.499357578201705365e+01 1.148101044026295613e-02 9.083024270279087986e+00 5.911174584372435037e-01
9.087833786743253484e+00 4.499357578201705365e+01 1.148101044026295613e-02 9.083024270279087986e+00 5.911174584372435037e-01
9.087833786743253484e+00 4.499357578201705365e+01 1.148101044026295613e-02 9.083024270279087986e+00 5.911174584372435037e-01
9.087833786743253484e+00 4.499357578201705365e+01 1.148101044026295613e-02 9.083024270279087986e+00 5.911174584372435037e-01
9.087833786743253484e+00 4.499357578201705365e+01 1.148101044026295613e-02 9.083024270279087986e+00 5.911174584372435037e-01
9.087833786743253484e+00 4.499357578201705365e+01 1.148101044026295613e-02 9.083024270279087986e+00 5.911174584372435037e-01
9.087833786743253484e+00 4.499357578201705365e+01 1.148101044026295613e-02 9.083024270279087986e+00 5.911174584372435037e-01
9.087833786743253484e+00 4.499357578201705365e+01 1.148101044026295613e-02 9.083024270279087986e+00 5.911174584372435037e-01
9.087833786743253484e+00 4.499357578201705365e+01 1.148101044026295613e-02 9.083024270279087986e+00 5.911174584372435037e-01
9.087833786743253484e+00 4.499357578201705365e+01 1.148101044026295613e-02 9.083024270279087986e+00 5.911174584372435037e-01
9.087833786743253484e+00 4.499357578201705365e+01 1.148101044026295613e-02 9.083024270279087986e+00 5.911174584372435037e-01
9.087833786743253484e+00 4.499357578201705365e+01 1.148101044026295613e-02 9.083024270279087986e+00 5.911174584372435037e-01
9.087833786743253484e+00 4.499357578201705365e+01 1.148101044026295613e-02 9.083024270279087986e+00 5.911174584372435037e-01
9.087833786743253484e+00 4.499357578201705365e+01 1.148101044026295613e-02 9.083024270279087986e+00 5.911174584372435037e-01
9.087833786743253484e+00 4.499357578201705365e+01 1.148101044026295613e-02 9.083024270279087986e+00 5.911174584372435037e-01
9.314349903297479472e+00 4.499156581518585796e+01 1.245104694803138984e-02 9.202374454270520587e+00 6.158417190537432973e-01
9.314349903297479472e+00 4.499156581518585796e+01 1.245104694803138984e-02 9.202374454270520587e+00 6.158417190537432973e-01
9.314349903297479472e+00 4.499156581518585796e+01 1.245104694803138984e-02 9.202374454270520587e+00 6.158417190537432973e-01
9.314349903297479472e+00 4.499156581518585796e+01 1.245104694803138984e-02 9.202374454270520587e+00 6.158417190537432973e-01
9.314349903297479472e+00 4.499156581518585796e+01 1.245104694803138984e-02 9.202374454270520587e+00 6.158417190537432973e-01
9.314349903297479472e+00 4.499156581518585796e+01 1.245104694803138984e-02 9.202374454270520587e+00 6.158417190537432973e-01
9.314349903297479472e+00 4.499156581518585796e+01 1.245104694803138984e-02 9.202374454270520587e+00 6.158417190537432973e-01
9.314349903297479472e+00 4.499156581518585796e+01 1.245104694803138984e-02 9.202374454270520587e+00 6.158417190537432973e-01
9.314349903297479472e+00 4.499156581518585796e+01 1.245104694803138984e-02 9.202374454270520587e+00 6.158417190537432973e-01
9.314349903297479472e+00 4.499156581518585796e+01 1.245104694803138984e-02 9.202374454270520587e+00 6.158417190537432973e-01
9.314349903297479472e+00 4.499156581518585796e+01 1.245104694803138984e-02 9.202374454270520587e+00 6.158417190537432973e-01
9.314349903297479472e+00 4.499156581518585796e+01 1.245104694803138984e-02 9.202374454270520587e+00 6.158417190537432973e-01
9.314349903297479472e+00 4.499156581518585796e+01 1.245104694803138984e-02 9.202374454270520587e+00 6.158417190537432973e-01
9.314349903297479472e+00 4.499156581518585796e+01 1.245104694803138984e-02 9.202374454270520587e+00 6.158417190537432973e-01
9.314349903297479472e+00 4.499156581518585796e+01 1.245104694803138984e-02 9.202374454270520587e+00 6.158417190537432973e-01
9.314349903297479472e+00 4.499156581518585796e+01 1.245104694803138984e-02 9.202374454270520587e+00 6.158417190537432973e-01
9.314349903297479472e+00 4.499156581518585796e+01 1.245104694803138984e-02 9.202374454270520587e+00 6.158417190537432973e-01
9.314349903297479472e+00 4.499156581518585796e+01 1.245104694803138984e-02 9.202374454270520587e+00 6.158417190537432973e-01
9.314349903297479472e+00 4.499156581518585796e+01 1.245104694803138984e-02 9.202374454270520587e+00 6.158417190537432973e-01
9.314349903297479472e+00 4.499156581518585796e+01 1.245104694803138984e-02 9.202374454270520587e+00 6.158417190537432973e-01
9.314349903297479472e+00 4.499156581518585796e+01 1.245104694803138984e-02 9.202374454270520587e+00 6.158417190537432973e-01
9.314349903297479472e+00 4.499156581518585796e+01 1.245104694803138984e-02 9.202374454270520587e+00 6.158417190537432973e-01
9.314349903297479472e+00 4.499156581518585796e+01 1.245104694803138984e-02 9.202374454270520587e+00 6.158417190537432973e-01
9.314151508915738731e+00 4.498425923927549519e+01 1.089793458531712611e-02 9.595647273058753868e+00 6.129181597867096043e-01
9.314151508915738731e+00 4.498425923927549519e+01 1.089793458531712611e-02 9.595647273058753868e+00 6.129181597867096043e-01
9.314151508915738731e+00 4.498425923927549519e+01 1.089793458531712611e-02 9.595647273058753868e+00 6.129181597867096043e-01
9.314151508915738731e+00 4.498425923927549519e+01 1.089793458531712611e-02 9.595647273058753868e+00 6.129181597867096043e-01
9.082724495629570072e+00 4.498918003447152358e+01 1.214410301661389760e-02 1.023727813860068814e+01 7.058335679497461657e-01
9.082724495629570072e+00 4.498918003447152358e+01 1.214410301661389760e-02 1.023727813860068814e+01 7.058335679497461657e-01
9.082724495629570072e+00 4.498918003447152358e+01 1.214410301661389760e-02 1.023727813860068814e+01 7.058335679497461657e-01
9.082724495629570072e+00 4.498918003447152358e+01 1.214410301661389760e-02 1.023727813860068814e+01 7.058335679497461657e-01
9.082724495629570072e+00 4.498918003447152358e+01 1.214410301661389760e-02 1.023727813860068814e+01 7.058335679497461657e-01
9.082724495629570072e+00 4.498918003447152358e+01 1.214410301661389760e-02 1.023727813860068814e+01 7.058335679497461657e-01
9.082724495629570072e+00 4.498918003447152358e+01 1.214410301661389760e-02 1.023727813860068814e+01 7.058335679497461657e-01
9.082724495629570072e+00 4.498918003447152358e+01 1.214410301661389760e-02 1.023727813860068814e+01 7.058335679497461657e-01
9.082724495629570072e+00 4.498918003447152358e+01 1.214410301661389760e-02 1.023727813860068814e+01 7.058335679497461657e-01
9.082724495629570072e+00 4.498918003447152358e+01 1.214410301661389760e-02 1.023727813860068814e+01 7.058335679497461657e-01
9.082724495629570072e+00 4.498918003447152358e+01 1.214410301661389760e-02 1.023727813860068814e+01 7.058335679497461657e-01
9.082724495629570072e+00 4.498918003447152358e+01 1.214410301661389760e-02 1.023727813860068814e+01 7.058335679497461657e-01
9.082724495629570072e+00 4.498918003447152358e+01 1.214410301661389760e-02 1.023727813860068814e+01 7.058335679497461657e-01
9.082724495629570072e+00 4.498918003447152358e+01 1.214410301661389760e-02 1.023727813860068814e+01 7.058335679497461657e-01
9.082724495629570072e+00 4.498918003447152358e+01 1.214410301661389760e-02 1.023727813860068814e+01 7.058335679497461657e-01
9.082724495629570072e+00 4.498918003447152358e+01 1.214410301661389760e-02 1.023727813860068814e+01 7.058335679497461657e-01
9.082724495629570072e+00 4.498918003447152358e+01 1.214410301661389760e-02 1.023727813860068814e+01 7.058335679497461657e-01
9.082724495629570072e+00 4.498918003447152358e+01 1.214410301661389760e-02 1.023727813860068814e+01 7.058335679497461657e-01
9.082724495629570072e+00 4.498918003447152358e+01 1.214410301661389760e-02 1.023727813860068814e+01 7.058335679497461657e-01
9.082724495629570072e+00 4.498918003447152358e+01 1.214410301661389760e-02 1.023727813860068814e+01 7.058335679497461657e-01
9.082724495629570072e+00 4.498918003447152358e+01 1.214410301661389760e-02 1.023727813860068814e+01 7.058335679497461657e-01
9.082724495629570072e+00 4.498918003447152358e+01 1.214410301661389760e-02 1.023727813860068814e+01 7.058335679497461657e-01
9.082724495629570072e+00 4.498918003447152358e+01 1.214410301661389760e-02 1.023727813860068814e+01 7.058335679497461657e-01
9.082724495629570072e+00 4.498918003447152358e+01 1.214410301661389760e-02 1.023727813860068814e+01 7.058335679497461657e-01
9.082724495629570072e+00 4.498918003447152358e+01 1.214410301661389760e-02 1.023727813860068814e+01 7.058335679497461657e-01
9.082724495629570072e+00 4.498918003447152358e+01 1.214410301661389760e-02 1.023727813860068814e+01 7.058335679497461657e-01
9.082724495629570072e+00 4.498918003447152358e+01 1.214410301661389760e-02 1.023727813860068814e+01 7.058335679497461657e-01
9.082724495629570072e+00 4.498918003447152358e+01 1.214410301661389760e-02 1.023727813860068814e+01 7.058335679497461657e-01
9.082724495629570072e+00 4.498918003447152358e+01 1.214410301661389760e-02 1.023727813860068814e+01 7.058335679497461657e-01
9.082724495629570072e+00 4.498918003447152358e+01 1.214410301661389760e-02 1.023727813860068814e+01 7.058335679497461657e-01
9.082724495629570072e+00 4.498918003447152358e+01 1.214410301661389760e-02 1.023727813860068814e+01 7.058335679497461657e-01
9.082724495629570072e+00 4.498918003447152358e+01 1.214410301661389760e-02 1.023727813860068814e+01 7.058335679497461657e-01
9.082724495629570072e+00 4.498918003447152358e+01 1.214410301661389760e-02 1.023727813860068814e+01 7.058335679497461657e-01
9.082724495629570072e+00 4.498918003447152358e+01 1.214410301661389760e-02 1.023727813860068814e+01 7.058335679497461657e-01
9.082724495629570072e+00 4.498918003447152358e+01 1.214410301661389760e-02 1.023727813860068814e+01 7.058335679497461657e-01
9.082724495629570072e+00 4.498918003447152358e+01 1.214410301661389760e-02 1.023727813860068814e+01 7.058335679497461657e-01
9.082724495629570072e+00 4.498918003447152358e+01 1.214410301661389760e-02 1.023727813860068814e+01 7.058335679497461657e-01
9.082724495629570072e+00 4.498918003447152358e+01 1.214410301661389760e-02 1.023727813860068814e+01 7.058335679497461657e-01
9.082724495629570072e+00 4.498918003447152358e+01 1.214410301661389760e-02 1.023727813860068814e+01 7.058335679497461657e-01
9.085149558919688673e+00 4.498394721128406104e+01 1.657557986674616790e-02 1.076341343164467190e+01 7.893860090492434978e-01
9.085149558919688673e+00 4.498394721128406104e+01 1.657557986674616790e-02 1.076341343164467190e+01 7.893860090492434978e-01
9.085149558919688673e+00 4.498394721128406104e+01 1.657557986674616790e-02 1.076341343164467190e+01 7.893860090492434978e-01
9.085149558919688673e+00 4.498394721128406104e+01 1.657557986674616790e-02 1.076341343164467190e+01 7.893860090492434978e-01
9.085149558919688673e+00 4.498394721128406104e+01 1.657557986674616790e-02 1.076341343164467190e+01 7.893860090492434978e-01
9.085149558919688673e+00 4.498394721128406104e+01 1.657557986674616790e-02 1.076341343164467190e+01 7.893860090492434978e-01
9.085149558919688673e+00 4.498394721128406104e+01 1.657557986674616790e-02 1.076341343164467190e+01 7.893860090492434978e-01
9.085149558919688673e+00 4.498394721128406104e+01 1.657557986674616790e-02 1.076341343164467190e+01 7.893860090492434978e-01
9.085149558919688673e+00 4.498394721128406104e+01 1.657557986674616790e-02 1.076341343164467190e+01 7.893860090492434978e-01
9.085149558919688673e+00 4.498394721128406104e+01 1.657557986674616790e-02 1.076341343164467190e+01 7.893860090492434978e-01
9.085149558919688673e+00 4.498394721128406104e+01 1.657557986674616790e-02 1.076341343164467190e+01 7.893860090492434978e-01
9.085149558919688673e+00 4.498394721128406104e+01 1.657557986674616790e-02 1.076341343164467190e+01 7.893860090492434978e-01
9.085149558919688673e+00 4.498394721128406104e+01 1.657557986674616790e-02 1.076341343164467190e+01 7.893860090492434978e-01
9.085149558919688673e+00 4.498394721128406104e+01 1.657557986674616790e-02 1.076341343164467190e+01 7.893860090492434978e-01
9.085149558919688673e+00 4.498394721128406104e+01 1.657557986674616790e-02 1.076341343164467190e+01 7.893860090492434978e-01
9.085149558919688673e+00 4.498394721128406104e+01 1.657557986674616790e-02 1.076341343164467190e+01 7.893860090492434978e-01
9.085149558919688673e+00 4.498394721128406104e+01 1.657557986674616790e-02 1.076341343164467190e+01 7.893860090492434978e-01
9.085149558919688673e+00 4.498394721128406104e+01 1.657557986674616790e-02 1.076341343164467190e+01 7.893860090492434978e-01
9.085149558919688673e+00 4.498394721128406104e+01 1.657557986674616790e-02 1.076341343164467190e+01 7.893860090492434978e-01
9.085149558919688673e+00 4.498394721128406104e+01 1.657557986674616790e-02 1.076341343164467190e+01 7.893860090492434978e-01
9.085149558919688673e+00 4.498394721128406104e+01 1.657557986674616790e-02 1.076341343164467190e+01 7.893860090492434978e-01
9.085149558919688673e+00 4.498394721128406104e+01 1.657557986674616790e-02 1.076341343164467190e+01 7.893860090492434978e-01
9.085149558919688673e+00 4.498394721128406104e+01 1.657557986674616790e-02 1.076341343164467190e+01 7.893860090492434978e-01
9.085149558919688673e+00 4.498394721128406104e+01 1.657557986674616790e-02 1.076341343164467190e+01 7.893860090492434978e-01
9.085149558919688673e+00 4.498394721128406104e+01 1.657557986674616790e-02 1.076341343164467190e+01 7.893860090492434978e-01
9.085149558919688673e+00 4.498394721128406104e+01 1.657557986674616790e-02 1.076341343164467190e+01 7.893860090492434978e-01
9.085149558919688673e+00 4.498394721128406104e+01 1.657557986674616790e-02 1.076341343164467190e+01 7.893860090492434978e-01
9.085149558919688673e+00 4.498394721128406104e+01 1.657557986674616790e-02 1.076341343164467190e+01 7.893860090492434978e-01
9.085149558919688673e+00 4.498394721128406104e+01 1.657557986674616790e-02 1.076341343164467190e+01 7.893860090492434978e-01
9.085149558919688673e+00 4.498394721128406104e+01 1.657557986674616790e-02 1.076341343164467190e+01 7.893860090492434978e-01
9.085149558919688673e+00 4.498394721128406104e+01 1.657557986674616790e-02 1.076341343164467190e+01 7.893860090492434978e-01
9.085149558919688673e+00 4.498394721128406104e+01 1.657557986674616790e-02 1.076341343164467190e+01 7.893860090492434978e-01
9.085149558919688673e+00 4.498394721128406104e+01 1.657557986674616790e-02 1.076341343164467190e+01 7.893860090492434978e-01
9.085149558919688673e+00 4.498394721128406104e+01 1.657557986674616790e-02 1.076341343164467190e+01 7.893860090492434978e-01
9.085149558919688673e+00 4.498394721128406104e+01 1.657557986674616790e-02 1.076341343164467190e+01 7.893860090492434978e-01
9.085149558919688673e+00 4.498394721128406104e+01 1.657557986674616790e-02 1.076341343164467190e+01 7.893860090492434978e-01
9.085149558919688673e+00 4.498394721128406104e+01 1.657557986674616790e-02 1.076341343164467190e+01 7.893860090492434978e-01
9.085149558919688673e+00 4.498394721128406104e+01 1.657557986674616790e-02 1.076341343164467190e+01 7.893860090492434978e-01
9.085149558919688673e+00 4.498394721128406104e+01 1.657557986674616790e-02 1.076341343164467190e+01 7.893860090492434978e-01
9.085149558919688673e+00 4.498394721128406104e+01 1.657557986674616790e-02 1.076341343164467190e+01 7.893860090492434978e-01
9.085149558919688673e+00 4.498394721128406104e+01 1.657557986674616790e-02 1.076341343164467190e+01 7.893860090492434978e-01
9.085149558919688673e+00 4.498394721128406104e+01 1.657557986674616790e-02 1.076341343164467190e+01 7.893860090492434978e-01
9.085149558919688673e+00 4.498394721128406104e+01 1.657557986674616790e-02 1.076341343164467190e+01 7.893860090492434978e-01
9.085149558919688673e+00 4.498394721128406104e+01 1.657557986674616790e-02 1.076341343164467190e+01 7.893860090492434978e-01
9.085149558919688673e+00 4.498394721128406104e+01 1.657557986674616790e-02 1.076341343164467190e+01 7.893860090492434978e-01
9.085149558919688673e+00 4.498394721128406104e+01 1.657557986674616790e-02 1.076341343164467190e+01 7.893860090492434978e-01
9.085149558919688673e+00 4.498394721128406104e+01 1.657557986674616790e-02 1.076341343164467190e+01 7.893860090492434978e-01
9.085149558919688673e+00 4.498394721128406104e+01 1.657557986674616790e-02 1.076341343164467190e+01 7.893860090492434978e-01
9.085149558919688673e+00 4.498394721128406104e+01 1.657557986674616790e-02 1.076341343164467190e+01 7.893860090492434978e-01
9.085149558919688673e+00 4.498394721128406104e+01 1.657557986674616790e-02 1.076341343164467190e+01 7.893860090492434978e-01
9.085149558919688673e+00 4.498394721128406104e+01 1.657557986674616790e-02 1.076341343164467190e+01 7.893860090492434978e-01
9.085149558919688673e+00 4.498394721128406104e+01 1.657557986674616790e-02 1.076341343164467190e+01 7.893860090492434978e-01
9.085149558919688673e+00 4.498394721128406104e+01 1.657557986674616790e-02 1.076341343164467190e+01 7.893860090492434978e-01
9.085149558919688673e+00 4.498394721128406104e+01 1.657557986674616790e-02 1.076341343164467190e+01 7.893860090492434978e-01
9.085149558919688673e+00 4.498394721128406104e+01 1.657557986674616790e-02 1.076341343164467190e+01 7.893860090492434978e-01
9.085149558919688673e+00 4.498394721128406104e+01 1.657557986674616790e-02 1.076341343164467190e+01 7.893860090492434978e-01
9.085149558919688673e+00 4.498394721128406104e+01 1.657557986674616790e-02 1.076341343164467190e+01 7.893860090492434978e-01
9.085149558919688673e+00 4.498394721128406104e+01 1.657557986674616790e-02 1.076341343164467190e+01 7.893860090492434978e-01
9.085149558919688673e+00 4.498394721128406104e+01 1.657557986674616790e-02 1.076341343164467190e+01 7.893860090492434978e-01
9.085149558919688673e+00 4.498394721128406104e+01 1.657557986674616790e-02 1.076341343164467190e+01 7.893860090492434978e-01
9.085149558919688673e+00 4.498394721128406104e+01 1.657557986674616790e-02 1.076341343164467190e+01 7.893860090492434978e-01
9.085149558919688673e+00 4.498394721128406104e+01 1.657557986674616790e-02 1.076341343164467190e+01 7.893860090492434978e-01
9.085149558919688673e+00 4.498394721128406104e+01 1.657557986674616790e-02 1.076341343164467190e+01 7.893860090492434978e-01
9.085149558919688673e+00 4.498394721128406104e+01 1.657557986674616790e-02 1.076341343164467190e+01 7.893860090492434978e-01
9.085149558919688673e+00 4.498394721128406104e+01 1.657557986674616790e-02 1.076341343164467190e+01 7.893860090492434978e-01
9.085149558919688673e+00 4.498394721128406104e+01 1.657557986674616790e-02 1.076341343164467190e+01 7.893860090492434978e-01
9.085149558919688673e+00 4.498394721128406104e+01 1.657557986674616790e-02 1.076341343164467190e+01 7.893860090492434978e-01
9.085149558919688673e+00 4.498394721128406104e+01 1.657557986674616790e-02 1.076341343164467190e+01 7.893860090492434978e-01
9.085149558919688673e+00 4.498394721128406104e+01 1.657557986674616790e-02 1.076341343164467190e+01 7.893860090492434978e-01
9.085149558919688673e+00 4.498394721128406104e+01 1.657557986674616790e-02 1.076341343164467190e+01 7.893860090492434978e-01
9.085149558919688673e+00 4.498394721128406104e+01 1.657557986674616790e-02 1.076341343164467190e+01 7.893860090492434978e-01
9.085149558919688673e+00 4.498394721128406104e+01 1.657557986674616790e-02 1.076341343164467190e+01 7.893860090492434978e-01
9.085149558919688673e+00 4.498394721128406104e+01 1.657557986674616790e-02 1.076341343164467190e+01 7.893860090492434978e-01
9.085149558919688673e+00 4.498394721128406104e+01 1.657557986674616790e-02 1.076341343164467190e+01 7.893860090492434978e-01
9.085149558919688673e+00 4.498394721128406104e+01 1.657557986674616790e-02 1.076341343164467190e+01 7.893860090492434978e-01
9.085149558919688673e+00 4.498394721128406104e+01 1.657557986674616790e-02 1.076341343164467190e+01 7.893860090492434978e-01
9.078310472221366112e+00 4.499803480017833834e+01 1.483651220798851492e-02 1.077471397109668949e+01 7.700692883793098797e-01
9.078310472221366112e+00 4.499803480017833834e+01 1.483651220798851492e-02 1.077471397109668949e+01 7.700692883793098797e-01
9.078310472221366112e+00 4.499803480017833834e+01 1.483651220798851492e-02 1.077471397109668949e+01 7.700692883793098797e-01
9.078310472221366112e+00 4.499803480017833834e+01 1.483651220798851492e-02 1.077471397109668949e+01 7.700692883793098797e-01
9.078310472221366112e+00 4.499803480017833834e+01 1.483651220798851492e-02 1.077471397109668949e+01 7.700692883793098797e-01
9.078310472221366112e+00 4.499803480017833834e+01 1.483651220798851492e-02 1.077471397109668949e+01 7.700692883793098797e-01
9.078310472221366112e+00 4.499803480017833834e+01 1.483651220798851492e-02 1.077471397109668949e+01 7.700692883793098797e-01
9.078310472221366112e+00 4.499803480017833834e+01 1.483651220798851492e-02 1.077471397109668949e+01 7.700692883793098797e-01
9.078310472221366112e+00 4.499803480017833834e+01 1.483651220798851492e-02 1.077471397109668949e+01 7.700692883793098797e-01
9.078310472221366112e+00 4.499803480017833834e+01 1.483651220798851492e-02 1.077471397109668949e+01 7.700692883793098797e-01
9.078310472221366112e+00 4.499803480017833834e+01 1.483651220798851492e-02 1.077471397109668949e+01 7.700692883793098797e-01
9.078310472221366112e+00 4.499803480017833834e+01 1.483651220798851492e-02 1.077471397109668949e+01 7.700692883793098797e-01
9.078310472221366112e+00 4.499803480017833834e+01 1.483651220798851492e-02 1.077471397109668949e+01 7.700692883793098797e-01
9.078310472221366112e+00 4.499803480017833834e+01 1.483651220798851492e-02 1.077471397109668949e+01 7.700692883793098797e-01
9.078310472221366112e+00 4.499803480017833834e+01 1.483651220798851492e-02 1.077471397109668949e+01 7.700692883793098797e-01
9.078310472221366112e+00 4.499803480017833834e+01 1.483651220798851492e-02 1.077471397109668949e+01 7.700692883793098797e-01
9.078310472221366112e+00 4.499803480017833834e+01 1.483651220798851492e-02 1.077471397109668949e+01 7.700692883793098797e-01
9.078310472221366112e+00 4.499803480017833834e+01 1.483651220798851492e-02 1.077471397109668949e+01 7.700692883793098797e-01
9.078310472221366112e+00 4.499803480017833834e+01 1.483651220798851492e-02 1.077471397109668949e+01 7.700692883793098797e-01
9.078310472221366112e+00 4.499803480017833834e+01 1.483651220798851492e-02 1.077471397109668949e+01 7.700692883793098797e-01
9.078310472221366112e+00 4.499803480017833834e+01 1.483651220798851492e-02 1.077471397109668949e+01 7.700692883793098797e-01
9.078310472221366112e+00 4.499803480017833834e+01 1.483651220798851492e-02 1.077471397109668949e+01 7.700692883793098797e-01
9.078310472221366112e+00 4.499803480017833834e+01 1.483651220798851492e-02 1.077471397109668949e+01 7.700692883793098797e-01
9.078310472221366112e+00 4.499803480017833834e+01 1.483651220798851492e-02 1.077471397109668949e+01 7.700692883793098797e-01
9.078310472221366112e+00 4.499803480017833834e+01 1.483651220798851492e-02 1.077471397109668949e+01 7.700692883793098797e-01
9.078310472221366112e+00 4.499803480017833834e+01 1.483651220798851492e-02 1.077471397109668949e+01 7.700692883793098797e-01
9.078310472221366112e+00 4.499803480017833834e+01 1.483651220798851492e-02 1.077471397109668949e+01 7.700692883793098797e-01
9.078310472221366112e+00 4.499803480017833834e+01 1.483651220798851492e-02 1.077471397109668949e+01 7.700692883793098797e-01
9.078310472221366112e+00 4.499803480017833834e+01 1.483651220798851492e-02 1.077471397109668949e+01 7.700692883793098797e-01
9.078310472221366112e+00 4.499803480017833834e+01 1.483651220798851492e-02 1.077471397109668949e+01 7.700692883793098797e-01
9.078310472221366112e+00 4.499803480017833834e+01 1.483651220798851492e-02 1.077471397109668949e+01 7.700692883793098797e-01
9.078310472221366112e+00 4.499803480017833834e+01 1.483651220798851492e-02 1.077471397109668949e+01 7.700692883793098797e-01
9.078310472221366112e+00 4.499803480017833834e+01 1.483651220798851492e-02 1.077471397109668949e+01 7.700692883793098797e-01
9.078310472221366112e+00 4.499803480017833834e+01 1.483651220798851492e-02 1.077471397109668949e+01 7.700692883793098797e-01
9.078310472221366112e+00 4.499803480017833834e+01 1.483651220798851492e-02 1.077471397109668949e+01 7.700692883793098797e-01
9.078310472221366112e+00 4.499803480017833834e+01 1.483651220798851492e-02 1.077471397109668949e+01 7.700692883793098797e-01
9.078310472221366112e+00 4.499803480017833834e+01 1.483651220798851492e-02 1.077471397109668949e+01 7.700692883793098797e-01
9.078310472221366112e+00 4.499803480017833834e+01 1.483651220798851492e-02 1.077471397109668949e+01 7.700692883793098797e-01
9.078310472221366112e+00 4.499803480017833834e+01 1.483651220798851492e-02 1.077471397109668949e+01 7.700692883793098797e-01
9.078310472221366112e+00 4.499803480017833834e+01 1.483651220798851492e-02 1.077471397109668949e+01 7.700692883793098797e-01
9.078310472221366112e+00 4.499803480017833834e+01 1.483651220798851492e-02 1.077471397109668949e+01 7.700692883793098797e-01
9.078310472221366112e+00 4.499803480017833834e+01 1.483651220798851492e-02 1.077471397109668949e+01 7.700692883793098797e-01
9.078310472221366112e+00 4.499803480017833834e+01 1.483651220798851492e-02 1.077471397109668949e+01 7.700692883793098797e-01
9.078310472221366112e+00 4.499803480017833834e+01 1.483651220798851492e-02 1.077471397109668949e+01 7.700692883793098797e-01
9.078310472221366112e+00 4.499803480017833834e+01 1.483651220798851492e-02 1.077471397109668949e+01 7.700692883793098797e-01
9.078310472221366112e+00 4.499803480017833834e+01 1.483651220798851492e-02 1.077471397109668949e+01 7.700692883793098797e-01
9.078310472221366112e+00 4.499803480017833834e+01 1.483651220798851492e-02 1.077471397109668949e+01 7.700692883793098797e-01
9.078310472221366112e+00 4.499803480017833834e+01 1.483651220798851492e-02 1.077471397109668949e+01 7.700692883793098797e-01
9.078310472221366112e+00 4.499803480017833834e+01 1.483651220798851492e-02 1.077471397109668949e+01 7.700692883793098797e-01
9.078310472221366112e+00 4.499803480017833834e+01 1.483651220798851492e-02 1.077471397109668949e+01 7.700692883793098797e-01
9.078310472221366112e+00 4.499803480017833834e+01 1.483651220798851492e-02 1.077471397109668949e+01 7.700692883793098797e-01
9.078310472221366112e+00 4.499803480017833834e+01 1.483651220798851492e-02 1.077471397109668949e+01 7.700692883793098797e-01
9.078310472221366112e+00 4.499803480017833834e+01 1.483651220798851492e-02 1.077471397109668949e+01 7.700692883793098797e-01
9.078310472221366112e+00 4.499803480017833834e+01 1.483651220798851492e-02 1.077471397109668949e+01 7.700692883793098797e-01
9.078310472221366112e+00 4.499803480017833834e+01 1.483651220798851492e-02 1.077471397109668949e+01 7.700692883793098797e-01
9.078310472221366112e+00 4.499803480017833834e+01 1.483651220798851492e-02 1.077471397109668949e+01 7.700692883793098797e-01
9.078310472221366112e+00 4.499803480017833834e+01 1.483651220798851492e-02 1.077471397109668949e+01 7.700692883793098797e-01
9.078310472221366112e+00 4.499803480017833834e+01 1.483651220798851492e-02 1.077471397109668949e+01 7.700692883793098797e-01
9.078310472221366112e+00 4.499803480017833834e+01 1.483651220798851492e-02 1.077471397109668949e+01 7.700692883793098797e-01
9.078310472221366112e+00 4.499803480017833834e+01 1.483651220798851492e-02 1.077471397109668949e+01 7.700692883793098797e-01
9.078310472221366112e+00 4.499803480017833834e+01 1.483651220798851492e-02 1.077471397109668949e+01 7.700692883793098797e-01
9.078310472221366112e+00 4.499803480017833834e+01 1.483651220798851492e-02 1.077471397109668949e+01 7.700692883793098797e-01
9.078310472221366112e+00 4.499803480017833834e+01 1.483651220798851492e-02 1.077471397109668949e+01 7.700692883793098797e-01
9.078310472221366112e+00 4.499803480017833834e+01 1.483651220798851492e-02 1.077471397109668949e+01 7.700692883793098797e-01
9.078310472221366112e+00 4.499803480017833834e+01 1.483651220798851492e-02 1.077471397109668949e+01 7.700692883793098797e-01
9.078310472221366112e+00 4.499803480017833834e+01 1.483651220798851492e-02 1.077471397109668949e+01 7.700692883793098797e-01
9.078310472221366112e+00 4.499803480017833834e+01 1.483651220798851492e-02 1.077471397109668949e+01 7.700692883793098797e-01
9.078310472221366112e+00 4.499803480017833834e+01 1.483651220798851492e-02 1.077471397109668949e+01 7.700692883793098797e-01
9.078310472221366112e+00 4.499803480017833834e+01 1.483651220798851492e-02 1.077471397109668949e+01 7.700692883793098797e-01
9.078310472221366112e+00 4.499803480017833834e+01 1.483651220798851492e-02 1.077471397109668949e+01 7.700692883793098797e-01
9.078310472221366112e+00 4.499803480017833834e+01 1.483651220798851492e-02 1.077471397109668949e+01 7.700692883793098797e-01
9.078310472221366112e+00 4.499803480017833834e+01 1.483651220798851492e-02 1.077471397109668949e+01 7.700692883793098797e-01
9.098790917177014492e+00 4.499158931996209532e+01 1.270408520449064008e-02 1.063648385093740245e+01 6.940599943297376395e-01
9.098790917177014492e+00 4.499158931996209532e+01 1.270408520449064008e-02 1.063648385093740245e+01 6.940599943297376395e-01
9.098790917177014492e+00 4.499158931996209532e+01 1.270408520449064008e-02 1.063648385093740245e+01 6.940599943297376395e-01
9.098790917177014492e+00 4.499158931996209532e+01 1.270408520449064008e-02 1.063648385093740245e+01 6.940599943297376395e-01
9.098790917177014492e+00 4.499158931996209532e+01 1.270408520449064008e-02 1.063648385093740245e+01 6.940599943297376395e-01
9.098790917177014492e+00 4.499158931996209532e+01 1.270408520449064008e-02 1.063648385093740245e+01 6.940599943297376395e-01
9.098790917177014492e+00 4.499158931996209532e+01 1.270408520449064008e-02 1.063648385093740245e+01 6.940599943297376395e-01
9.098790917177014492e+00 4.499158931996209532e+01 1.270408520449064008e-02 1.063648385093740245e+01 6.940599943297376395e-01
9.098790917177014492e+00 4.499158931996209532e+01 1.270408520449064008e-02 1.063648385093740245e+01 6.940599943297376395e-01
9.098790917177014492e+00 4.499158931996209532e+01 1.270408520449064008e-02 1.063648385093740245e+01 6.940599943297376395e-01
9.098790917177014492e+00 4.499158931996209532e+01 1.270408520449064008e-02 1.063648385093740245e+01 6.940599943297376395e-01
9.098790917177014492e+00 4.499158931996209532e+01 1.270408520449064008e-02 1.063648385093740245e+01 6.940599943297376395e-01
9.098790917177014492e+00 4.499158931996209532e+01 1.270408520449064008e-02 1.063648385093740245e+01 6.940599943297376395e-01
9.098790917177014492e+00 4.499158931996209532e+01 1.270408520449064008e-02 1.063648385093740245e+01 6.940599943297376395e-01
9.098790917177014492e+00 4.499158931996209532e+01 1.270408520449064008e-02 1.063648385093740245e+01 6.940599943297376395e-01
9.098790917177014492e+00 4.499158931996209532e+01 1.270408520449064008e-02 1.063648385093740245e+01 6.940599943297376395e-01
9.098790917177014492e+00 4.499158931996209532e+01 1.270408520449064008e-02 1.063648385093740245e+01 6.940599943297376395e-01
9.098790917177014492e+00 4.499158931996209532e+01 1.270408520449064008e-02 1.063648385093740245e+01 6.940599943297376395e-01
9.098790917177014492e+00 4.499158931996209532e+01 1.270408520449064008e-02 1.063648385093740245e+01 6.940599943297376395e-01
9.098790917177014492e+00 4.499158931996209532e+01 1.270408520449064008e-02 1.063648385093740245e+01 6.940599943297376395e-01
9.098790917177014492e+00 4.499158931996209532e+01 1.270408520449064008e-02 1.063648385093740245e+01 6.940599943297376395e-01
9.098790917177014492e+00 4.499158931996209532e+01 1.270408520449064008e-02 1.063648385093740245e+01 6.940599943297376395e-01
9.098790917177014492e+00 4.499158931996209532e+01 1.270408520449064008e-02 1.063648385093740245e+01 6.940599943297376395e-01
9.098790917177014492e+00 4.499158931996209532e+01 1.270408520449064008e-02 1.063648385093740245e+01 6.940599943297376395e-01
9.098790917177014492e+00 4.499158931996209532e+01 1.270408520449064008e-02 1.063648385093740245e+01 6.940599943297376395e-01
9.098790917177014492e+00 4.499158931996209532e+01 1.270408520449064008e-02 1.063648385093740245e+01 6.940599943297376395e-01
9.098790917177014492e+00 4.499158931996209532e+01 1.270408520449064008e-02 1.063648385093740245e+01 6.940599943297376395e-01
9.098790917177014492e+00 4.499158931996209532e+01 1.270408520449064008e-02 1.063648385093740245e+01 6.940599943297376395e-01
9.098790917177014492e+00 4.499158931996209532e+01 1.270408520449064008e-02 1.063648385093740245e+01 6.940599943297376395e-01
9.098790917177014492e+00 4.499158931996209532e+01 1.270408520449064008e-02 1.063648385093740245e+01 6.940599943297376395e-01
9.098790917177014492e+00 4.499158931996209532e+01 1.270408520449064008e-02 1.063648385093740245e+01 6.940599943297376395e-01
9.098790917177014492e+00 4.499158931996209532e+01 1.270408520449064008e-02 1.063648385093740245e+01 6.940599943297376395e-01
9.098790917177014492e+00 4.499158931996209532e+01 1.270408520449064008e-02 1.063648385093740245e+01 6.940599943297376395e-01
9.098790917177014492e+00 4.499158931996209532e+01 1.270408520449064008e-02 1.063648385093740245e+01 6.940599943297376395e-01
9.098790917177014492e+00 4.499158931996209532e+01 1.270408520449064008e-02 1.063648385093740245e+01 6.940599943297376395e-01
9.098675818004625881e+00 4.497773048271369589e+01 1.266516787792245323e-02 1.102550106549734110e+01 6.315006510918531601e-01
9.098675818004625881e+00 4.497773048271369589e+01 1.266516787792245323e-02 1.102550106549734110e+01 6.315006510918531601e-01
9.098675818004625881e+00 4.497773048271369589e+01 1.266516787792245323e-02 1.102550106549734110e+01 6.315006510918531601e-01
9.098675818004625881e+00 4.497773048271369589e+01 1.266516787792245323e-02 1.102550106549734110e+01 6.315006510918531601e-01
9.098675818004625881e+00 4.497773048271369589e+01 1.266516787792245323e-02 1.102550106549734110e+01 6.315006510918531601e-01
9.098675818004625881e+00 4.497773048271369589e+01 1.266516787792245323e-02 1.102550106549734110e+01 6.315006510918531601e-01
9.098675818004625881e+00 4.497773048271369589e+01 1.266516787792245323e-02 1.102550106549734110e+01 6.315006510918531601e-01
9.098675818004625881e+00 4.497773048271369589e+01 1.266516787792245323e-02 1.102550106549734110e+01 6.315006510918531601e-01
9.098675818004625881e+00 4.497773048271369589e+01 1.266516787792245323e-02 1.102550106549734110e+01 6.315006510918531601e-01
9.098675818004625881e+00 4.497773048271369589e+01 1.266516787792245323e-02 1.102550106549734110e+01 6.315006510918531601e-01
9.098675818004625881e+00 4.497773048271369589e+01 1.266516787792245323e-02 1.102550106549734110e+01 6.315006510918531601e-01
9.098675818004625881e+00 4.497773048271369589e+01 1.266516787792245323e-02 1.102550106549734110e+01 6.315006510918531601e-01
9.082802980108514390e+00 4.498527733899364023e+01 1.473179547335205265e-02 1.234448837835633128e+01 6.397384363892792969e-01
9.082802980108514390e+00 4.498527733899364023e+01 1.473179547335205265e-02 1.234448837835633128e+01 6.397384363892792969e-01
9.082802980108514390e+00 4.498527733899364023e+01 1.473179547335205265e-02 1.234448837835633128e+01 6.397384363892792969e-01
9.082802980108514390e+00 4.498527733899364023e+01 1.473179547335205265e-02 1.234448837835633128e+01 6.397384363892792969e-01
9.082802980108514390e+00 4.498527733899364023e+01 1.473179547335205265e-02 1.234448837835633128e+01 6.397384363892792969e-01
9.082802980108514390e+00 4.498527733899364023e+01 1.473179547335205265e-02 1.234448837835633128e+01 6.397384363892792969e-01
9.082802980108514390e+00 4.498527733899364023e+01 1.473179547335205265e-02 1.234448837835633128e+01 6.397384363892792969e-01
9.082802980108514390e+00 4.498527733899364023e+01 1.473179547335205265e-02 1.234448837835633128e+01 6.397384363892792969e-01
9.082802980108514390e+00 4.498527733899364023e+01 1.473179547335205265e-02 1.234448837835633128e+01 6.397384363892792969e-01
9.082802980108514390e+00 4.498527733899364023e+01 1.473179547335205265e-02 1.234448837835633128e+01 6.397384363892792969e-01
9.082802980108514390e+00 4.498527733899364023e+01 1.473179547335205265e-02 1.234448837835633128e+01 6.397384363892792969e-01
9.082802980108514390e+00 4.498527733899364023e+01 1.473179547335205265e-02 1.234448837835633128e+01 6.397384363892792969e-01
9.082802980108514390e+00 4.498527733899364023e+01 1.473179547335205265e-02 1.234448837835633128e+01 6.397384363892792969e-01
9.292470256909449944e+00 4.497660914018334921e+01 1.415158779506281959e-02 1.218341618848354457e+01 6.205220605752902463e-01
9.292470256909449944e+00 4.497660914018334921e+01 1.415158779506281959e-02 1.218341618848354457e+01 6.205220605752902463e-01
9.292470256909449944e+00 4.497660914018334921e+01 1.415158779506281959e-02 1.218341618848354457e+01 6.205220605752902463e-01
9.292470256909449944e+00 4.497660914018334921e+01 1.415158779506281959e-02 1.218341618848354457e+01 6.205220605752902463e-01
9.292470256909449944e+00 4.497660914018334921e+01 1.415158779506281959e-02 1.218341618848354457e+01 6.205220605752902463e-01
9.088550030906098698e+00 4.497632955334121618e+01 1.314821869104097242e-02 1.169654885787632992e+01 6.068579413995350835e-01
9.299021460474200751e+00 4.496559308327513094e+01 1.125022598471513494e-02 1.212589497633645408e+01 5.301842683238375820e-01
9.299021460474200751e+00 4.496559308327513094e+01 1.125022598471513494e-02 1.212589497633645408e+01 5.301842683238375820e-01
9.299021460474200751e+00 4.496559308327513094e+01 1.125022598471513494e-02 1.212589497633645408e+01 5.301842683238375820e-01
9.299021460474200751e+00 4.496559308327513094e+01 1.125022598471513494e-02 1.212589497633645408e+01 5.301842683238375820e-01
9.299021460474200751e+00 4.496559308327513094e+01 1.125022598471513494e-02 1.212589497633645408e+01 5.301842683238375820e-01
9.299021460474200751e+00 4.496559308327513094e+01 1.125022598471513494e-02 1.212589497633645408e+01 5.301842683238375820e-01
9.299021460474200751e+00 4.496559308327513094e+01 1.125022598471513494e-02 1.212589497633645408e+01 5.301842683238375820e-01
9.299021460474200751e+00 4.496559308327513094e+01 1.125022598471513494e-02 1.212589497633645408e+01 5.301842683238375820e-01
9.299021460474200751e+00 4.496559308327513094e+01 1.125022598471513494e-02 1.212589497633645408e+01 5.301842683238375820e-01
9.299021460474200751e+00 4.496559308327513094e+01 1.125022598471513494e-02 1.212589497633645408e+01 5.301842683238375820e-01
9.299021460474200751e+00 4.496559308327513094e+01 1.125022598471513494e-02 1.212589497633645408e+01 5.301842683238375820e-01
9.299021460474200751e+00 4.496559308327513094e+01 1.125022598471513494e-02 1.212589497633645408e+01 5.301842683238375820e-01
9.299021460474200751e+00 4.496559308327513094e+01 1.125022598471513494e-02 1.212589497633645408e+01 5.301842683238375820e-01
9.299021460474200751e+00 4.496559308327513094e+01 1.125022598471513494e-02 1.212589497633645408e+01 5.301842683238375820e-01
9.299021460474200751e+00 4.496559308327513094e+01 1.125022598471513494e-02 1.212589497633645408e+01 5.301842683238375820e-01
9.303489654272555143e+00 4.496549706995708107e+01 1.210705993206321468e-02 1.133720880832302491e+01 5.277357509100822908e-01
9.303489654272555143e+00 4.496549706995708107e+01 1.210705993206321468e-02 1.133720880832302491e+01 5.277357509100822908e-01
9.303489654272555143e+00 4.496549706995708107e+01 1.210705993206321468e-02 1.133720880832302491e+01 5.277357509100822908e-01
9.303489654272555143e+00 4.496549706995708107e+01 1.210705993206321468e-02 1.133720880832302491e+01 5.277357509100822908e-01
9.303489654272555143e+00 4.496549706995708107e+01 1.210705993206321468e-02 1.133720880832302491e+01 5.277357509100822908e-01
9.303489654272555143e+00 4.496549706995708107e+01 1.210705993206321468e-02 1.133720880832302491e+01 5.277357509100822908e-01
9.303489654272555143e+00 4.496549706995708107e+01 1.210705993206321468e-02 1.133720880832302491e+01 5.277357509100822908e-01
9.303489654272555143e+00 4.496549706995708107e+01 1.210705993206321468e-02 1.133720880832302491e+01 5.277357509100822908e-01
9.303489654272555143e+00 4.496549706995708107e+01 1.210705993206321468e-02 1.133720880832302491e+01 5.277357509100822908e-01
9.303489654272555143e+00 4.496549706995708107e+01 1.210705993206321468e-02 1.133720880832302491e+01 5.277357509100822908e-01
9.082144157829805664e+00 4.497552649397530899e+01 1.449433021592919091e-02 1.172926766051078040e+01 5.154973596796940116e-01
9.082144157829805664e+00 4.497552649397530899e+01 1.449433021592919091e-02 1.172926766051078040e+01 5.154973596796940116e-01
9.082144157829805664e+00 4.497552649397530899e+01 1.449433021592919091e-02 1.172926766051078040e+01 5.154973596796940116e-01
9.082144157829805664e+00 4.497552649397530899e+01 1.449433021592919091e-02 1.172926766051078040e+01 5.154973596796940116e-01
9.082144157829805664e+00 4.497552649397530899e+01 1.449433021592919091e-02 1.172926766051078040e+01 5.154973596796940116e-01
9.082144157829805664e+00 4.497552649397530899e+01 1.449433021592919091e-02 1.172926766051078040e+01 5.154973596796940116e-01
9.082144157829805664e+00 4.497552649397530899e+01 1.449433021592919091e-02 1.172926766051078040e+01 5.154973596796940116e-01
9.082144157829805664e+00 4.497552649397530899e+01 1.449433021592919091e-02 1.172926766051078040e+01 5.154973596796940116e-01
9.082144157829805664e+00 4.497552649397530899e+01 1.449433021592919091e-02 1.172926766051078040e+01 5.154973596796940116e-01
9.082144157829805664e+00 4.497552649397530899e+01 1.449433021592919091e-02 1.172926766051078040e+01 5.154973596796940116e-01
9.082144157829805664e+00 4.497552649397530899e+01 1.449433021592919091e-02 1.172926766051078040e+01 5.154973596796940116e-01
9.082144157829805664e+00 4.497552649397530899e+01 1.449433021592919091e-02 1.172926766051078040e+01 5.154973596796940116e-01
9.082144157829805664e+00 4.497552649397530899e+01 1.449433021592919091e-02 1.172926766051078040e+01 5.154973596796940116e-01
9.082144157829805664e+00 4.497552649397530899e+01 1.449433021592919091e-02 1.172926766051078040e+01 5.154973596796940116e-01
9.082144157829805664e+00 4.497552649397530899e+01 1.449433021592919091e-02 1.172926766051078040e+01 5.154973596796940116e-01
9.082144157829805664e+00 4.497552649397530899e+01 1.449433021592919091e-02 1.172926766051078040e+01 5.154973596796940116e-01
9.082144157829805664e+00 4.497552649397530899e+01 1.449433021592919091e-02 1.172926766051078040e+01 5.154973596796940116e-01
9.082144157829805664e+00 4.497552649397530899e+01 1.449433021592919091e-02 1.172926766051078040e+01 5.154973596796940116e-01
9.082144157829805664e+00 4.497552649397530899e+01 1.449433021592919091e-02 1.172926766051078040e+01 5.154973596796940116e-01
9.082144157829805664e+00 4.497552649397530899e+01 1.449433021592919091e-02 1.172926766051078040e+01 5.154973596796940116e-01
9.082144157829805664e+00 4.497552649397530899e+01 1.449433021592919091e-02 1.172926766051078040e+01 5.154973596796940116e-01
9.082144157829805664e+00 4.497552649397530899e+01 1.449433021592919091e-02 1.172926766051078040e+01 5.154973596796940116e-01
9.082144157829805664e+00 4.497552649397530899e+01 1.449433021592919091e-02 1.172926766051078040e+01 5.154973596796940116e-01
9.082144157829805664e+00 4.497552649397530899e+01 1.449433021592919091e-02 1.172926766051078040e+01 5.154973596796940116e-01
9.082144157829805664e+00 4.497552649397530899e+01 1.449433021592919091e-02 1.172926766051078040e+01 5.154973596796940116e-01
9.082144157829805664e+00 4.497552649397530899e+01 1.449433021592919091e-02 1.172926766051078040e+01 5.154973596796940116e-01
9.082144157829805664e+00 4.497552649397530899e+01 1.449433021592919091e-02 1.172926766051078040e+01 5.154973596796940116e-01
9.082144157829805664e+00 4.497552649397530899e+01 1.449433021592919091e-02 1.172926766051078040e+01 5.154973596796940116e-01
9.082144157829805664e+00 4.497552649397530899e+01 1.449433021592919091e-02 1.172926766051078040e+01 5.154973596796940116e-01
9.082144157829805664e+00 4.497552649397530899e+01 1.449433021592919091e-02 1.172926766051078040e+01 5.154973596796940116e-01
9.082144157829805664e+00 4.497552649397530899e+01 1.449433021592919091e-02 1.172926766051078040e+01 5.154973596796940116e-01
9.082144157829805664e+00 4.497552649397530899e+01 1.449433021592919091e-02 1.172926766051078040e+01 5.154973596796940116e-01
9.082144157829805664e+00 4.497552649397530899e+01 1.449433021592919091e-02 1.172926766051078040e+01 5.154973596796940116e-01
9.082144157829805664e+00 4.497552649397530899e+01 1.449433021592919091e-02 1.172926766051078040e+01 5.154973596796940116e-01
9.082144157829805664e+00 4.497552649397530899e+01 1.449433021592919091e-02 1.172926766051078040e+01 5.154973596796940116e-01
9.082144157829805664e+00 4.497552649397530899e+01 1.449433021592919091e-02 1.172926766051078040e+01 5.154973596796940116e-01
9.082144157829805664e+00 4.497552649397530899e+01 1.449433021592919091e-02 1.172926766051078040e+01 5.154973596796940116e-01
9.082144157829805664e+00 4.497552649397530899e+01 1.449433021592919091e-02 1.172926766051078040e+01 5.154973596796940116e-01
9.082144157829805664e+00 4.497552649397530899e+01 1.449433021592919091e-02 1.172926766051078040e+01 5.154973596796940116e-01
9.082144157829805664e+00 4.497552649397530899e+01 1.449433021592919091e-02 1.172926766051078040e+01 5.154973596796940116e-01
9.082144157829805664e+00 4.497552649397530899e+01 1.449433021592919091e-02 1.172926766051078040e+01 5.154973596796940116e-01
9.082144157829805664e+00 4.497552649397530899e+01 1.449433021592919091e-02 1.172926766051078040e+01 5.154973596796940116e-01
9.082144157829805664e+00 4.497552649397530899e+01 1.449433021592919091e-02 1.172926766051078040e+01 5.154973596796940116e-01
9.082144157829805664e+00 4.497552649397530899e+01 1.449433021592919091e-02 1.172926766051078040e+01 5.154973596796940116e-01
9.082144157829805664e+00 4.497552649397530899e+01 1.449433021592919091e-02 1.172926766051078040e+01 5.154973596796940116e-01
9.082144157829805664e+00 4.497552649397530899e+01 1.449433021592919091e-02 1.172926766051078040e+01 5.154973596796940116e-01
9.082144157829805664e+00 4.497552649397530899e+01 1.449433021592919091e-02 1.172926766051078040e+01 5.154973596796940116e-01
9.082144157829805664e+00 4.497552649397530899e+01 1.449433021592919091e-02 1.172926766051078040e+01 5.154973596796940116e-01
9.082144157829805664e+00 4.497552649397530899e+01 1.449433021592919091e-02 1.172926766051078040e+01 5.154973596796940116e-01
9.082144157829805664e+00 4.497552649397530899e+01 1.449433021592919091e-02 1.172926766051078040e+01 5.154973596796940116e-01
9.082144157829805664e+00 4.497552649397530899e+01 1.449433021592919091e-02 1.172926766051078040e+01 5.154973596796940116e-01
9.082144157829805664e+00 4.497552649397530899e+01 1.449433021592919091e-02 1.172926766051078040e+01 5.154973596796940116e-01
9.082144157829805664e+00 4.497552649397530899e+01 1.449433021592919091e-02 1.172926766051078040e+01 5.154973596796940116e-01
9.281183927558526392e+00 4.497322820752036421e+01 1.070669845863779501e-02 1.149707313716515245e+01 5.427432226898322165e-01
9.281183927558526392e+00 4.497322820752036421e+01 1.070669845863779501e-02 1.149707313716515245e+01 5.427432226898322165e-01
9.281183927558526392e+00 4.497322820752036421e+01 1.070669845863779501e-02 1.149707313716515245e+01 5.427432226898322165e-01
9.281183927558526392e+00 4.497322820752036421e+01 1.070669845863779501e-02 1.149707313716515245e+01 5.427432226898322165e-01
9.281183927558526392e+00 4.497322820752036421e+01 1.070669845863779501e-02 1.149707313716515245e+01 5.427432226898322165e-01
9.281183927558526392e+00 4.497322820752036421e+01 1.070669845863779501e-02 1.149707313716515245e+01 5.427432226898322165e-01
9.281183927558526392e+00 4.497322820752036421e+01 1.070669845863779501e-02 1.149707313716515245e+01 5.427432226898322165e-01
9.281183927558526392e+00 4.497322820752036421e+01 1.070669845863779501e-02 1.149707313716515245e+01 5.427432226898322165e-01
9.281183927558526392e+00 4.497322820752036421e+01 1.070669845863779501e-02 1.149707313716515245e+01 5.427432226898322165e-01
9.281183927558526392e+00 4.497322820752036421e+01 1.070669845863779501e-02 1.149707313716515245e+01 5.427432226898322165e-01
9.281183927558526392e+00 4.497322820752036421e+01 1.070669845863779501e-02 1.149707313716515245e+01 5.427432226898322165e-01
9.281183927558526392e+00 4.497322820752036421e+01 1.070669845863779501e-02 1.149707313716515245e+01 5.427432226898322165e-01
9.281183927558526392e+00 4.497322820752036421e+01 1.070669845863779501e-02 1.149707313716515245e+01 5.427432226898322165e-01
9.281183927558526392e+00 4.497322820752036421e+01 1.070669845863779501e-02 1.149707313716515245e+01 5.427432226898322165e-01
9.281183927558526392e+00 4.497322820752036421e+01 1.070669845863779501e-02 1.149707313716515245e+01 5.427432226898322165e-01
9.281183927558526392e+00 4.497322820752036421e+01 1.070669845863779501e-02 1.149707313716515245e+01 5.427432226898322165e-01
9.281183927558526392e+00 4.497322820752036421e+01 1.070669845863779501e-02 1.149707313716515245e+01 5.427432226898322165e-01
9.081088718778344671e+00 4.497796120018126231e+01 9.824348249961738916e-03 1.075862006243361613e+01 5.622054019715528872e-01
9.081088718778344671e+00 4.497796120018126231e+01 9.824348249961738916e-03 1.075862006243361613e+01 5.622054019715528872e-01
9.081088718778344671e+00 4.497796120018126231e+01 9.824348249961738916e-03 1.075862006243361613e+01 5.622054019715528872e-01
9.081088718778344671e+00 4.497796120018126231e+01 9.824348249961738916e-03 1.075862006243361613e+01 5.622054019715528872e-01
9.081088718778344671e+00 4.497796120018126231e+01 9.824348249961738916e-03 1.075862006243361613e+01 5.622054019715528872e-01
9.081088718778344671e+00 4.497796120018126231e+01 9.824348249961738916e-03 1.075862006243361613e+01 5.622054019715528872e-01
9.081088718778344671e+00 4.497796120018126231e+01 9.824348249961738916e-03 1.075862006243361613e+01 5.622054019715528872e-01
9.097053164252237423e+00 4.497632937568609890e+01 1.250281470725177722e-02 9.934251171757765064e+00 5.320121567745250690e-01
9.097053164252237423e+00 4.497632937568609890e+01 1.250281470725177722e-02 9.934251171757765064e+00 5.320121567745250690e-01
9.097053164252237423e+00 4.497632937568609890e+01 1.250281470725177722e-02 9.934251171757765064e+00 5.320121567745250690e-01
9.097053164252237423e+00 4.497632937568609890e+01 1.250281470725177722e-02 9.934251171757765064e+00 5.320121567745250690e-01
9.097053164252237423e+00 4.497632937568609890e+01 1.250281470725177722e-02 9.934251171757765064e+00 5.320121567745250690e-01
9.097053164252237423e+00 4.497632937568609890e+01 1.250281470725177722e-02 9.934251171757765064e+00 5.320121567745250690e-01
9.097053164252237423e+00 4.497632937568609890e+01 1.250281470725177722e-02 9.934251171757765064e+00 5.320121567745250690e-01
9.097053164252237423e+00 4.497632937568609890e+01 1.250281470725177722e-02 9.934251171757765064e+00 5.320121567745250690e-01
9.097053164252237423e+00 4.497632937568609890e+01 1.250281470725177722e-02 9.934251171757765064e+00 5.320121567745250690e-01
9.097053164252237423e+00 4.497632937568609890e+01 1.250281470725177722e-02 9.934251171757765064e+00 5.320121567745250690e-01
9.097053164252237423e+00 4.497632937568609890e+01 1.250281470725177722e-02 9.934251171757765064e+00 5.320121567745250690e-01
9.097053164252237423e+00 4.497632937568609890e+01 1.250281470725177722e-02 9.934251171757765064e+00 5.320121567745250690e-01
9.097053164252237423e+00 4.497632937568609890e+01 1.250281470725177722e-02 9.934251171757765064e+00 5.320121567745250690e-01
9.097053164252237423e+00 4.497632937568609890e+01 1.250281470725177722e-02 9.934251171757765064e+00 5.320121567745250690e-01
9.097053164252237423e+00 4.497632937568609890e+01 1.250281470725177722e-02 9.934251171757765064e+00 5.320121567745250690e-01
9.097053164252237423e+00 4.497632937568609890e+01 1.250281470725177722e-02 9.934251171757765064e+00 5.320121567745250690e-01
9.097053164252237423e+00 4.497632937568609890e+01 1.250281470725177722e-02 9.934251171757765064e+00 5.320121567745250690e-01
9.097053164252237423e+00 4.497632937568609890e+01 1.250281470725177722e-02 9.934251171757765064e+00 5.320121567745250690e-01
9.097053164252237423e+00 4.497632937568609890e+01 1.250281470725177722e-02 9.934251171757765064e+00 5.320121567745250690e-01
9.097053164252237423e+00 4.497632937568609890e+01 1.250281470725177722e-02 9.934251171757765064e+00 5.320121567745250690e-01
9.097053164252237423e+00 4.497632937568609890e+01 1.250281470725177722e-02 9.934251171757765064e+00 5.320121567745250690e-01
9.097053164252237423e+00 4.497632937568609890e+01 1.250281470725177722e-02 9.934251171757765064e+00 5.320121567745250690e-01
9.097053164252237423e+00 4.497632937568609890e+01 1.250281470725177722e-02 9.934251171757765064e+00 5.320121567745250690e-01
9.097053164252237423e+00 4.497632937568609890e+01 1.250281470725177722e-02 9.934251171757765064e+00 5.320121567745250690e-01
9.097053164252237423e+00 4.497632937568609890e+01 1.250281470725177722e-02 9.934251171757765064e+00 5.320121567745250690e-01
9.097053164252237423e+00 4.497632937568609890e+01 1.250281470725177722e-02 9.934251171757765064e+00 5.320121567745250690e-01
9.097053164252237423e+00 4.497632937568609890e+01 1.250281470725177722e-02 9.934251171757765064e+00 5.320121567745250690e-01
9.097053164252237423e+00 4.497632937568609890e+01 1.250281470725177722e-02 9.934251171757765064e+00 5.320121567745250690e-01
9.097053164252237423e+00 4.497632937568609890e+01 1.250281470725177722e-02 9.934251171757765064e+00 5.320121567745250690e-01
9.097053164252237423e+00 4.497632937568609890e+01 1.250281470725177722e-02 9.934251171757765064e+00 5.320121567745250690e-01
9.097053164252237423e+00 4.497632937568609890e+01 1.250281470725177722e-02 9.934251171757765064e+00 5.320121567745250690e-01
9.097053164252237423e+00 4.497632937568609890e+01 1.250281470725177722e-02 9.934251171757765064e+00 5.320121567745250690e-01
9.097053164252237423e+00 4.497632937568609890e+01 1.250281470725177722e-02 9.934251171757765064e+00 5.320121567745250690e-01
9.097053164252237423e+00 4.497632937568609890e+01 1.250281470725177722e-02 9.934251171757765064e+00 5.320121567745250690e-01
9.097053164252237423e+00 4.497632937568609890e+01 1.250281470725177722e-02 9.934251171757765064e+00 5.320121567745250690e-01
9.097053164252237423e+00 4.497632937568609890e+01 1.250281470725177722e-02 9.934251171757765064e+00 5.320121567745250690e-01
9.097053164252237423e+00 4.497632937568609890e+01 1.250281470725177722e-02 9.934251171757765064e+00 5.320121567745250690e-01
9.097053164252237423e+00 4.497632937568609890e+01 1.250281470725177722e-02 9.934251171757765064e+00 5.320121567745250690e-01
9.097053164252237423e+00 4.497632937568609890e+01 1.250281470725177722e-02 9.934251171757765064e+00 5.320121567745250690e-01
9.097053164252237423e+00 4.497632937568609890e+01 1.250281470725177722e-02 9.934251171757765064e+00 5.320121567745250690e-01
9.097053164252237423e+00 4.497632937568609890e+01 1.250281470725177722e-02 9.934251171757765064e+00 5.320121567745250690e-01
9.097053164252237423e+00 4.497632937568609890e+01 1.250281470725177722e-02 9.934251171757765064e+00 5.320121567745250690e-01
9.082673284794692492e+00 4.495264501083445197e+01 7.670135150659319022e-03 9.491103206290480543e+00 5.372342811726766865e-01
9.082673284794692492e+00 4.495264501083445197e+01 7.670135150659319022e-03 9.491103206290480543e+00 5.372342811726766865e-01
9.082673284794692492e+00 4.495264501083445197e+01 7.670135150659319022e-03 9.491103206290480543e+00 5.372342811726766865e-01
9.082673284794692492e+00 4.495264501083445197e+01 7.670135150659319022e-03 9.491103206290480543e+00 5.372342811726766865e-01
9.082673284794692492e+00 4.495264501083445197e+01 7.670135150659319022e-03 9.491103206290480543e+00 5.372342811726766865e-01
9.082673284794692492e+00 4.495264501083445197e+01 7.670135150659319022e-03 9.491103206290480543e+00 5.372342811726766865e-01
9.082673284794692492e+00 4.495264501083445197e+01 7.670135150659319022e-03 9.491103206290480543e+00 5.372342811726766865e-01
9.082673284794692492e+00 4.495264501083445197e+01 7.670135150659319022e-03 9.491103206290480543e+00 5.372342811726766865e-01
9.082673284794692492e+00 4.495264501083445197e+01 7.670135150659319022e-03 9.491103206290480543e+00 5.372342811726766865e-01
9.082673284794692492e+00 4.495264501083445197e+01 7.670135150659319022e-03 9.491103206290480543e+00 5.372342811726766865e-01
9.082673284794692492e+00 4.495264501083445197e+01 7.670135150659319022e-03 9.491103206290480543e+00 5.372342811726766865e-01
9.068982410860654042e+00 4.495369188094337431e+01 9.106761457560454479e-03 1.054681491348064171e+01 5.515441116708679203e-01
9.068982410860654042e+00 4.495369188094337431e+01 9.106761457560454479e-03 1.054681491348064171e+01 5.515441116708679203e-01
9.068982410860654042e+00 4.495369188094337431e+01 9.106761457560454479e-03 1.054681491348064171e+01 5.515441116708679203e-01
9.068982410860654042e+00 4.495369188094337431e+01 9.106761457560454479e-03 1.054681491348064171e+01 5.515441116708679203e-01
9.068982410860654042e+00 4.495369188094337431e+01 9.106761457560454479e-03 1.054681491348064171e+01 5.515441116708679203e-01
9.068982410860654042e+00 4.495369188094337431e+01 9.106761457560454479e-03 1.054681491348064171e+01 5.515441116708679203e-01
9.068982410860654042e+00 4.495369188094337431e+01 9.106761457560454479e-03 1.054681491348064171e+01 5.515441116708679203e-01
9.067797889235819753e+00 4.495650942729557187e+01 9.107541332342849669e-03 1.018472737151588170e+01 4.692702085399454992e-01
9.067797889235819753e+00 4.495650942729557187e+01 9.107541332342849669e-03 1.018472737151588170e+01 4.692702085399454992e-01
9.067797889235819753e+00 4.495650942729557187e+01 9.107541332342849669e-03 1.018472737151588170e+01 4.692702085399454992e-01
9.067797889235819753e+00 4.495650942729557187e+01 9.107541332342849669e-03 1.018472737151588170e+01 4.692702085399454992e-01
9.067797889235819753e+00 4.495650942729557187e+01 9.107541332342849669e-03 1.018472737151588170e+01 4.692702085399454992e-01
9.067797889235819753e+00 4.495650942729557187e+01 9.107541332342849669e-03 1.018472737151588170e+01 4.692702085399454992e-01
8.961054376406085709e+00 4.494300782187576004e+01 1.068928356655395040e-02 8.786088091855848603e+00 5.179985900544578081e-01
8.963882200106080944e+00 4.492809350398422907e+01 9.663423153801805471e-03 9.582163070233084667e+00 5.727538823858522310e-01
8.963882200106080944e+00 4.492809350398422907e+01 9.663423153801805471e-03 9.582163070233084667e+00 5.727538823858522310e-01
8.963882200106080944e+00 4.492809350398422907e+01 9.663423153801805471e-03 9.582163070233084667e+00 5.727538823858522310e-01
8.963882200106080944e+00 4.492809350398422907e+01 9.663423153801805471e-03 9.582163070233084667e+00 5.727538823858522310e-01
8.963882200106080944e+00 4.492809350398422907e+01 9.663423153801805471e-03 9.582163070233084667e+00 5.727538823858522310e-01
8.963882200106080944e+00 4.492809350398422907e+01 9.663423153801805471e-03 9.582163070233084667e+00 5.727538823858522310e-01
8.963882200106080944e+00 4.492809350398422907e+01 9.663423153801805471e-03 9.582163070233084667e+00 5.727538823858522310e-01
8.963882200106080944e+00 4.492809350398422907e+01 9.663423153801805471e-03 9.582163070233084667e+00 5.727538823858522310e-01
8.963882200106080944e+00 4.492809350398422907e+01 9.663423153801805471e-03 9.582163070233084667e+00 5.727538823858522310e-01
8.963882200106080944e+00 4.492809350398422907e+01 9.663423153801805471e-03 9.582163070233084667e+00 5.727538823858522310e-01
8.963882200106080944e+00 4.492809350398422907e+01 9.663423153801805471e-03 9.582163070233084667e+00 5.727538823858522310e-01
9.330590309639617885e+00 4.493265062722739600e+01 9.363087828743728996e-03 1.035961527551289763e+01 6.858162768633955242e-01
9.111078406934346674e+00 4.493143899115917606e+01 8.041942045646033668e-03 1.005613330043983211e+01 6.230954430530508681e-01
9.111078406934346674e+00 4.493143899115917606e+01 8.041942045646033668e-03 1.005613330043983211e+01 6.230954430530508681e-01
9.111078406934346674e+00 4.493143899115917606e+01 8.041942045646033668e-03 1.005613330043983211e+01 6.230954430530508681e-01
9.111078406934346674e+00 4.493143899115917606e+01 8.041942045646033668e-03 1.005613330043983211e+01 6.230954430530508681e-01
9.111078406934346674e+00 4.493143899115917606e+01 8.041942045646033668e-03 1.005613330043983211e+01 6.230954430530508681e-01
9.111078406934346674e+00 4.493143899115917606e+01 8.041942045646033668e-03 1.005613330043983211e+01 6.230954430530508681e-01
9.111078406934346674e+00 4.493143899115917606e+01 8.041942045646033668e-03 1.005613330043983211e+01 6.230954430530508681e-01
9.111078406934346674e+00 4.493143899115917606e+01 8.041942045646033668e-03 1.005613330043983211e+01 6.230954430530508681e-01
9.111078406934346674e+00 4.493143899115917606e+01 8.041942045646033668e-03 1.005613330043983211e+01 6.230954430530508681e-01
9.111078406934346674e+00 4.493143899115917606e+01 8.041942045646033668e-03 1.005613330043983211e+01 6.230954430530508681e-01
9.321877301871412058e+00 4.493138935789078658e+01 1.149218243273806075e-02 9.245978650239946361e+00 6.384703614875745226e-01
9.321877301871412058e+00 4.493138935789078658e+01 1.149218243273806075e-02 9.245978650239946361e+00 6.384703614875745226e-01
9.321877301871412058e+00 4.493138935789078658e+01 1.149218243273806075e-02 9.245978650239946361e+00 6.384703614875745226e-01
9.321877301871412058e+00 4.493138935789078658e+01 1.149218243273806075e-02 9.245978650239946361e+00 6.384703614875745226e-01
9.321877301871412058e+00 4.493138935789078658e+01 1.149218243273806075e-02 9.245978650239946361e+00 6.384703614875745226e-01
9.321877301871412058e+00 4.493138935789078658e+01 1.149218243273806075e-02 9.245978650239946361e+00 6.384703614875745226e-01
9.321877301871412058e+00 4.493138935789078658e+01 1.149218243273806075e-02 9.245978650239946361e+00 6.384703614875745226e-01
9.321877301871412058e+00 4.493138935789078658e+01 1.149218243273806075e-02 9.245978650239946361e+00 6.384703614875745226e-01
9.321877301871412058e+00 4.493138935789078658e+01 1.149218243273806075e-02 9.245978650239946361e+00 6.384703614875745226e-01
9.321877301871412058e+00 4.493138935789078658e+01 1.149218243273806075e-02 9.245978650239946361e+00 6.384703614875745226e-01
9.321877301871412058e+00 4.493138935789078658e+01 1.149218243273806075e-02 9.245978650239946361e+00 6.384703614875745226e-01
9.321877301871412058e+00 4.493138935789078658e+01 1.149218243273806075e-02 9.245978650239946361e+00 6.384703614875745226e-01
9.321877301871412058e+00 4.493138935789078658e+01 1.149218243273806075e-02 9.245978650239946361e+00 6.384703614875745226e-01
9.321877301871412058e+00 4.493138935789078658e+01 1.149218243273806075e-02 9.245978650239946361e+00 6.384703614875745226e-01
9.321877301871412058e+00 4.493138935789078658e+01 1.149218243273806075e-02 9.245978650239946361e+00 6.384703614875745226e-01
9.321877301871412058e+00 4.493138935789078658e+01 1.149218243273806075e-02 9.245978650239946361e+00 6.384703614875745226e-01
9.321877301871412058e+00 4.493138935789078658e+01 1.149218243273806075e-02 9.245978650239946361e+00 6.384703614875745226e-01
9.321877301871412058e+00 4.493138935789078658e+01 1.149218243273806075e-02 9.245978650239946361e+00 6.384703614875745226e-01
9.321877301871412058e+00 4.493138935789078658e+01 1.149218243273806075e-02 9.245978650239946361e+00 6.384703614875745226e-01
9.321877301871412058e+00 4.493138935789078658e+01 1.149218243273806075e-02 9.245978650239946361e+00 6.384703614875745226e-01
9.321877301871412058e+00 4.493138935789078658e+01 1.149218243273806075e-02 9.245978650239946361e+00 6.384703614875745226e-01
9.321877301871412058e+00 4.493138935789078658e+01 1.149218243273806075e-02 9.245978650239946361e+00 6.384703614875745226e-01
9.321877301871412058e+00 4.493138935789078658e+01 1.149218243273806075e-02 9.245978650239946361e+00 6.384703614875745226e-01
9.321877301871412058e+00 4.493138935789078658e+01 1.149218243273806075e-02 9.245978650239946361e+00 6.384703614875745226e-01
9.321877301871412058e+00 4.493138935789078658e+01 1.149218243273806075e-02 9.245978650239946361e+00 6.384703614875745226e-01
9.321877301871412058e+00 4.493138935789078658e+01 1.149218243273806075e-02 9.245978650239946361e+00 6.384703614875745226e-01
9.321877301871412058e+00 4.493138935789078658e+01 1.149218243273806075e-02 9.245978650239946361e+00 6.384703614875745226e-01
9.321877301871412058e+00 4.493138935789078658e+01 1.149218243273806075e-02 9.245978650239946361e+00 6.384703614875745226e-01
9.321877301871412058e+00 4.493138935789078658e+01 1.149218243273806075e-02 9.245978650239946361e+00 6.384703614875745226e-01
9.321877301871412058e+00 4.493138935789078658e+01 1.149218243273806075e-02 9.245978650239946361e+00 6.384703614875745226e-01
9.321877301871412058e+00 4.493138935789078658e+01 1.149218243273806075e-02 9.245978650239946361e+00 6.384703614875745226e-01
9.296936656453082648e+00 4.492933244888774169e+01 1.091282014764073660e-02 9.612073332899779388e+00 5.906691459041870651e-01
9.296936656453082648e+00 4.492933244888774169e+01 1.091282014764073660e-02 9.612073332899779388e+00 5.906691459041870651e-01
9.296936656453082648e+00 4.492933244888774169e+01 1.091282014764073660e-02 9.612073332899779388e+00 5.906691459041870651e-01
9.296936656453082648e+00 4.492933244888774169e+01 1.091282014764073660e-02 9.612073332899779388e+00 5.906691459041870651e-01
9.296936656453082648e+00 4.492933244888774169e+01 1.091282014764073660e-02 9.612073332899779388e+00 5.906691459041870651e-01
9.326046178999892078e+00 4.491410368061283265e+01 1.130384087369007938e-02 8.930717811780988669e+00 7.370831901183600987e-01
9.326046178999892078e+00 4.491410368061283265e+01 1.130384087369007938e-02 8.930717811780988669e+00 7.370831901183600987e-01
9.326046178999892078e+00 4.491410368061283265e+01 1.130384087369007938e-02 8.930717811780988669e+00 7.370831901183600987e-01
9.114465649716157358e+00 4.493606821816736385e+01 9.860560588312248728e-03 8.314116857338056832e+00 7.781099053390270193e-01
9.309017092662967841e+00 4.493312589025163817e+01 1.082207420436936095e-02 8.365166496716998523e+00 7.849478132933012109e-01
9.309017092662967841e+00 4.493312589025163817e+01 1.082207420436936095e-02 8.365166496716998523e+00 7.849478132933012109e-01
9.309017092662967841e+00 4.493312589025163817e+01 1.082207420436936095e-02 8.365166496716998523e+00 7.849478132933012109e-01
9.309017092662967841e+00 4.493312589025163817e+01 1.082207420436936095e-02 8.365166496716998523e+00 7.849478132933012109e-01
9.309017092662967841e+00 4.493312589025163817e+01 1.082207420436936095e-02 8.365166496716998523e+00 7.849478132933012109e-01
9.309017092662967841e+00 4.493312589025163817e+01 1.082207420436936095e-02 8.365166496716998523e+00 7.849478132933012109e-01
9.309017092662967841e+00 4.493312589025163817e+01 1.082207420436936095e-02 8.365166496716998523e+00 7.849478132933012109e-01
9.309017092662967841e+00 4.493312589025163817e+01 1.082207420436936095e-02 8.365166496716998523e+00 7.849478132933012109e-01
9.309017092662967841e+00 4.493312589025163817e+01 1.082207420436936095e-02 8.365166496716998523e+00 7.849478132933012109e-01
9.309017092662967841e+00 4.493312589025163817e+01 1.082207420436936095e-02 8.365166496716998523e+00 7.849478132933012109e-01
9.309017092662967841e+00 4.493312589025163817e+01 1.082207420436936095e-02 8.365166496716998523e+00 7.849478132933012109e-01
9.309017092662967841e+00 4.493312589025163817e+01 1.082207420436936095e-02 8.365166496716998523e+00 7.849478132933012109e-01
9.309017092662967841e+00 4.493312589025163817e+01 1.082207420436936095e-02 8.365166496716998523e+00 7.849478132933012109e-01
9.309017092662967841e+00 4.493312589025163817e+01 1.082207420436936095e-02 8.365166496716998523e+00 7.849478132933012109e-01
9.340482283713956946e+00 4.494026324441132658e+01 1.174738853788157358e-02 9.042972426052518387e+00 7.254597454900523212e-01
9.285865883105410390e+00 4.494116443214978318e+01 1.158692891310112057e-02 8.532512795577089193e+00 7.076616930403601957e-01
9.285865883105410390e+00 4.494116443214978318e+01 1.158692891310112057e-02 8.532512795577089193e+00 7.076616930403601957e-01
9.285865883105410390e+00 4.494116443214978318e+01 1.158692891310112057e-02 8.532512795577089193e+00 7.076616930403601957e-01
9.285865883105410390e+00 4.494116443214978318e+01 1.158692891310112057e-02 8.532512795577089193e+00 7.076616930403601957e-01
9.285865883105410390e+00 4.494116443214978318e+01 1.158692891310112057e-02 8.532512795577089193e+00 7.076616930403601957e-01
9.285865883105410390e+00 4.494116443214978318e+01 1.158692891310112057e-02 8.532512795577089193e+00 7.076616930403601957e-01
9.117270990895908866e+00 4.494543461612887114e+01 1.196216798247118351e-02 9.011730199974259392e+00 7.393859492268454181e-01
9.117270990895908866e+00 4.494543461612887114e+01 1.196216798247118351e-02 9.011730199974259392e+00 7.393859492268454181e-01
9.117270990895908866e+00 4.494543461612887114e+01 1.196216798247118351e-02 9.011730199974259392e+00 7.393859492268454181e-01
8.966229578636898623e+00 4.493792393312986633e+01 1.248619479881691273e-02 9.531294317179895614e+00 7.457762471599360676e-01
8.966229578636898623e+00 4.493792393312986633e+01 1.248619479881691273e-02 9.531294317179895614e+00 7.457762471599360676e-01
8.966229578636898623e+00 4.493792393312986633e+01 1.248619479881691273e-02 9.531294317179895614e+00 7.457762471599360676e-01
8.966229578636898623e+00 4.493792393312986633e+01 1.248619479881691273e-02 9.531294317179895614e+00 7.457762471599360676e-01
8.966229578636898623e+00 4.493792393312986633e+01 1.248619479881691273e-02 9.531294317179895614e+00 7.457762471599360676e-01
8.966229578636898623e+00 4.493792393312986633e+01 1.248619479881691273e-02 9.531294317179895614e+00 7.457762471599360676e-01
8.966229578636898623e+00 4.493792393312986633e+01 1.248619479881691273e-02 9.531294317179895614e+00 7.457762471599360676e-01
8.966229578636898623e+00 4.493792393312986633e+01 1.248619479881691273e-02 9.531294317179895614e+00 7.457762471599360676e-01
8.966229578636898623e+00 4.493792393312986633e+01 1.248619479881691273e-02 9.531294317179895614e+00 7.457762471599360676e-01
8.966229578636898623e+00 4.493792393312986633e+01 1.248619479881691273e-02 9.531294317179895614e+00 7.457762471599360676e-01
8.966229578636898623e+00 4.493792393312986633e+01 1.248619479881691273e-02 9.531294317179895614e+00 7.457762471599360676e-01
8.964138998660033053e+00 4.493358033572208399e+01 1.503728487894692191e-02 8.317008008523183449e+00 7.880924855046831379e-01
8.964138998660033053e+00 4.493358033572208399e+01 1.503728487894692191e-02 8.317008008523183449e+00 7.880924855046831379e-01
8.964138998660033053e+00 4.493358033572208399e+01 1.503728487894692191e-02 8.317008008523183449e+00 7.880924855046831379e-01
8.964138998660033053e+00 4.493358033572208399e+01 1.503728487894692191e-02 8.317008008523183449e+00 7.880924855046831379e-01
8.964138998660033053e+00 4.493358033572208399e+01 1.503728487894692191e-02 8.317008008523183449e+00 7.880924855046831379e-01
8.964138998660033053e+00 4.493358033572208399e+01 1.503728487894692191e-02 8.317008008523183449e+00 7.880924855046831379e-01
9.082709530750554094e+00 4.493313927039174160e+01 1.107934785889704010e-02 8.061612288363251722e+00 7.855349326301970247e-01
9.082709530750554094e+00 4.493313927039174160e+01 1.107934785889704010e-02 8.061612288363251722e+00 7.855349326301970247e-01
9.082709530750554094e+00 4.493313927039174160e+01 1.107934785889704010e-02 8.061612288363251722e+00 7.855349326301970247e-01
9.082709530750554094e+00 4.493313927039174160e+01 1.107934785889704010e-02 8.061612288363251722e+00 7.855349326301970247e-01
9.082709530750554094e+00 4.493313927039174160e+01 1.107934785889704010e-02 8.061612288363251722e+00 7.855349326301970247e-01
9.082709530750554094e+00 4.493313927039174160e+01 1.107934785889704010e-02 8.061612288363251722e+00 7.855349326301970247e-01
9.082709530750554094e+00 4.493313927039174160e+01 1.107934785889704010e-02 8.061612288363251722e+00 7.855349326301970247e-01
8.980690843531032641e+00 4.493715733368004805e+01 8.263660086611600633e-03 9.582734526523775997e+00 7.301905812492859305e-01
8.980690843531032641e+00 4.493715733368004805e+01 8.263660086611600633e-03 9.582734526523775997e+00 7.301905812492859305e-01
8.980690843531032641e+00 4.493715733368004805e+01 8.263660086611600633e-03 9.582734526523775997e+00 7.301905812492859305e-01
8.980690843531032641e+00 4.493715733368004805e+01 8.263660086611600633e-03 9.582734526523775997e+00 7.301905812492859305e-01
8.980690843531032641e+00 4.493715733368004805e+01 8.263660086611600633e-03 9.582734526523775997e+00 7.301905812492859305e-01
8.980690843531032641e+00 4.493715733368004805e+01 8.263660086611600633e-03 9.582734526523775997e+00 7.301905812492859305e-01
8.980690843531032641e+00 4.493715733368004805e+01 8.263660086611600633e-03 9.582734526523775997e+00 7.301905812492859305e-01
8.978667625585961432e+00 4.493655155700473358e+01 8.678705803141074579e-03 1.008663118463329944e+01 7.573300703466684380e-01
8.978667625585961432e+00 4.493655155700473358e+01 8.678705803141074579e-03 1.008663118463329944e+01 7.573300703466684380e-01
8.978667625585961432e+00 4.493655155700473358e+01 8.678705803141074579e-03 1.008663118463329944e+01 7.573300703466684380e-01
8.978667625585961432e+00 4.493655155700473358e+01 8.678705803141074579e-03 1.008663118463329944e+01 7.573300703466684380e-01
8.978667625585961432e+00 4.493655155700473358e+01 8.678705803141074579e-03 1.008663118463329944e+01 7.573300703466684380e-01
8.978667625585961432e+00 4.493655155700473358e+01 8.678705803141074579e-03 1.008663118463329944e+01 7.573300703466684380e-01
8.978667625585961432e+00 4.493655155700473358e+01 8.678705803141074579e-03 1.008663118463329944e+01 7.573300703466684380e-01
9.096446933459123585e+00 4.493272749154158419e+01 6.383382482013488096e-03 1.001140928941899588e+01 7.837964835603743463e-01
9.096446933459123585e+00 4.493272749154158419e+01 6.383382482013488096e-03 1.001140928941899588e+01 7.837964835603743463e-01
9.096446933459123585e+00 4.493272749154158419e+01 6.383382482013488096e-03 1.001140928941899588e+01 7.837964835603743463e-01
9.096446933459123585e+00 4.493272749154158419e+01 6.383382482013488096e-03 1.001140928941899588e+01 7.837964835603743463e-01
9.096446933459123585e+00 4.493272749154158419e+01 6.383382482013488096e-03 1.001140928941899588e+01 7.837964835603743463e-01
9.096446933459123585e+00 4.493272749154158419e+01 6.383382482013488096e-03 1.001140928941899588e+01 7.837964835603743463e-01
9.096446933459123585e+00 4.493272749154158419e+01 6.383382482013488096e-03 1.001140928941899588e+01 7.837964835603743463e-01
9.096446933459123585e+00 4.493272749154158419e+01 6.383382482013488096e-03 1.001140928941899588e+01 7.837964835603743463e-01
9.096446933459123585e+00 4.493272749154158419e+01 6.383382482013488096e-03 1.001140928941899588e+01 7.837964835603743463e-01
9.111951153893478761e+00 4.493699821642728409e+01 6.603393889830883393e-03 1.055610169388245723e+01 7.274006901893546040e-01
9.111951153893478761e+00 4.493699821642728409e+01 6.603393889830883393e-03 1.055610169388245723e+01 7.274006901893546040e-01
9.095367806993722937e+00 4.492128058124260548e+01 7.460546460013130210e-03 1.036399601721323727e+01 7.153534871666643591e-01
9.095367806993722937e+00 4.492128058124260548e+01 7.460546460013130210e-03 1.036399601721323727e+01 7.153534871666643591e-01
8.962585584102473746e+00 4.492822593605868775e+01 6.801284673550796189e-03 1.179406465141279092e+01 7.306256145561135229e-01
8.962585584102473746e+00 4.492822593605868775e+01 6.801284673550796189e-03 1.179406465141279092e+01 7.306256145561135229e-01
8.962585584102473746e+00 4.492822593605868775e+01 6.801284673550796189e-03 1.179406465141279092e+01 7.306256145561135229e-01
8.962585584102473746e+00 4.492822593605868775e+01 6.801284673550796189e-03 1.179406465141279092e+01 7.306256145561135229e-01
8.962585584102473746e+00 4.492822593605868775e+01 6.801284673550796189e-03 1.179406465141279092e+01 7.306256145561135229e-01
8.962585584102473746e+00 4.492822593605868775e+01 6.801284673550796189e-03 1.179406465141279092e+01 7.306256145561135229e-01
8.962585584102473746e+00 4.492822593605868775e+01 6.801284673550796189e-03 1.179406465141279092e+01 7.306256145561135229e-01
8.962585584102473746e+00 4.492822593605868775e+01 6.801284673550796189e-03 1.179406465141279092e+01 7.306256145561135229e-01
8.962585584102473746e+00 4.492822593605868775e+01 6.801284673550796189e-03 1.179406465141279092e+01 7.306256145561135229e-01
8.962585584102473746e+00 4.492822593605868775e+01 6.801284673550796189e-03 1.179406465141279092e+01 7.306256145561135229e-01
8.962585584102473746e+00 4.492822593605868775e+01 6.801284673550796189e-03 1.179406465141279092e+01 7.306256145561135229e-01
8.962585584102473746e+00 4.492822593605868775e+01 6.801284673550796189e-03 1.179406465141279092e+01 7.306256145561135229e-01
8.962585584102473746e+00 4.492822593605868775e+01 6.801284673550796189e-03 1.179406465141279092e+01 7.306256145561135229e-01
8.962585584102473746e+00 4.492822593605868775e+01 6.801284673550796189e-03 1.179406465141279092e+01 7.306256145561135229e-01
8.962585584102473746e+00 4.492822593605868775e+01 6.801284673550796189e-03 1.179406465141279092e+01 7.306256145561135229e-01
8.962585584102473746e+00 4.492822593605868775e+01 6.801284673550796189e-03 1.179406465141279092e+01 7.306256145561135229e-01
8.962585584102473746e+00 4.492822593605868775e+01 6.801284673550796189e-03 1.179406465141279092e+01 7.306256145561135229e-01
8.962585584102473746e+00 4.492822593605868775e+01 6.801284673550796189e-03 1.179406465141279092e+01 7.306256145561135229e-01
8.962585584102473746e+00 4.492822593605868775e+01 6.801284673550796189e-03 1.179406465141279092e+01 7.306256145561135229e-01
8.962585584102473746e+00 4.492822593605868775e+01 6.801284673550796189e-03 1.179406465141279092e+01 7.306256145561135229e-01
8.962585584102473746e+00 4.492822593605868775e+01 6.801284673550796189e-03 1.179406465141279092e+01 7.306256145561135229e-01
8.962585584102473746e+00 4.492822593605868775e+01 6.801284673550796189e-03 1.179406465141279092e+01 7.306256145561135229e-01
8.962585584102473746e+00 4.492822593605868775e+01 6.801284673550796189e-03 1.179406465141279092e+01 7.306256145561135229e-01
8.962585584102473746e+00 4.492822593605868775e+01 6.801284673550796189e-03 1.179406465141279092e+01 7.306256145561135229e-01
8.962585584102473746e+00 4.492822593605868775e+01 6.801284673550796189e-03 1.179406465141279092e+01 7.306256145561135229e-01
8.962585584102473746e+00 4.492822593605868775e+01 6.801284673550796189e-03 1.179406465141279092e+01 7.306256145561135229e-01
8.962585584102473746e+00 4.492822593605868775e+01 6.801284673550796189e-03 1.179406465141279092e+01 7.306256145561135229e-01
8.962585584102473746e+00 4.492822593605868775e+01 6.801284673550796189e-03 1.179406465141279092e+01 7.306256145561135229e-01
8.854667888390510555e+00 4.492655454879440668e+01 5.502629767730835703e-03 1.130699774870548246e+01 7.701800625458922189e-01
8.704345548993789095e+00 4.492031649375374514e+01 5.899288672661567867e-03 1.307959759759891227e+01 7.878890420647084447e-01
8.704345548993789095e+00 4.492031649375374514e+01 5.899288672661567867e-03 1.307959759759891227e+01 7.878890420647084447e-01
8.988154090428871257e+00 4.490538627381092596e+01 4.311557779007256855e-03 1.408669074319752923e+01 8.260144612797886143e-01
8.985439331279946984e+00 4.490112983381553846e+01 4.002208762679076298e-03 1.476654878656170489e+01 8.016778999999991662e-01
8.985439331279946984e+00 4.490112983381553846e+01 4.002208762679076298e-03 1.476654878656170489e+01 8.016778999999991662e-01
8.985439331279946984e+00 4.490112983381553846e+01 4.002208762679076298e-03 1.476654878656170489e+01 8.016778999999991662e-01
8.985439331279946984e+00 4.490112983381553846e+01 4.002208762679076298e-03 1.476654878656170489e+01 8.016778999999991662e-01
9.118264072971010492e+00 4.488831883504102649e+01 6.924226361902565546e-03 1.653713945294669330e+01 8.372361563366300663e-01
9.118264072971010492e+00 4.488831883504102649e+01 6.924226361902565546e-03 1.653713945294669330e+01 8.372361563366300663e-01
9.118264072971010492e+00 4.488831883504102649e+01 6.924226361902565546e-03 1.653713945294669330e+01 8.372361563366300663e-01
9.118264072971010492e+00 4.488831883504102649e+01 6.924226361902565546e-03 1.653713945294669330e+01 8.372361563366300663e-01
9.118264072971010492e+00 4.488831883504102649e+01 6.924226361902565546e-03 1.653713945294669330e+01 8.372361563366300663e-01
9.118264072971010492e+00 4.488831883504102649e+01 6.924226361902565546e-03 1.653713945294669330e+01 8.372361563366300663e-01
9.118264072971010492e+00 4.488831883504102649e+01 6.924226361902565546e-03 1.653713945294669330e+01 8.372361563366300663e-01
9.333537690881891891e+00 4.487179367135296815e+01 8.140718074005879462e-03 1.670641741313835027e+01 8.034775655208611367e-01
9.333537690881891891e+00 4.487179367135296815e+01 8.140718074005879462e-03 1.670641741313835027e+01 8.034775655208611367e-01
9.333537690881891891e+00 4.487179367135296815e+01 8.140718074005879462e-03 1.670641741313835027e+01 8.034775655208611367e-01
9.333537690881891891e+00 4.487179367135296815e+01 8.140718074005879462e-03 1.670641741313835027e+01 8.034775655208611367e-01
9.333537690881891891e+00 4.487179367135296815e+01 8.140718074005879462e-03 1.670641741313835027e+01 8.034775655208611367e-01
9.333537690881891891e+00 4.487179367135296815e+01 8.140718074005879462e-03 1.670641741313835027e+01 8.034775655208611367e-01
9.333537690881891891e+00 4.487179367135296815e+01 8.140718074005879462e-03 1.670641741313835027e+01 8.034775655208611367e-01
9.333537690881891891e+00 4.487179367135296815e+01 8.140718074005879462e-03 1.670641741313835027e+01 8.034775655208611367e-01
9.333537690881891891e+00 4.487179367135296815e+01 8.140718074005879462e-03 1.670641741313835027e+01 8.034775655208611367e-01
9.333537690881891891e+00 4.487179367135296815e+01 8.140718074005879462e-03 1.670641741313835027e+01 8.034775655208611367e-01
9.333537690881891891e+00 4.487179367135296815e+01 8.140718074005879462e-03 1.670641741313835027e+01 8.034775655208611367e-01
9.333537690881891891e+00 4.487179367135296815e+01 8.140718074005879462e-03 1.670641741313835027e+01 8.034775655208611367e-01
9.333537690881891891e+00 4.487179367135296815e+01 8.140718074005879462e-03 1.670641741313835027e+01 8.034775655208611367e-01
9.333537690881891891e+00 4.487179367135296815e+01 8.140718074005879462e-03 1.670641741313835027e+01 8.034775655208611367e-01
9.333537690881891891e+00 4.487179367135296815e+01 8.140718074005879462e-03 1.670641741313835027e+01 8.034775655208611367e-01
9.333537690881891891e+00 4.487179367135296815e+01 8.140718074005879462e-03 1.670641741313835027e+01 8.034775655208611367e-01
9.333537690881891891e+00 4.487179367135296815e+01 8.140718074005879462e-03 1.670641741313835027e+01 8.034775655208611367e-01
9.333537690881891891e+00 4.487179367135296815e+01 8.140718074005879462e-03 1.670641741313835027e+01 8.034775655208611367e-01
9.333537690881891891e+00 4.487179367135296815e+01 8.140718074005879462e-03 1.670641741313835027e+01 8.034775655208611367e-01
9.333537690881891891e+00 4.487179367135296815e+01 8.140718074005879462e-03 1.670641741313835027e+01 8.034775655208611367e-01
9.333537690881891891e+00 4.487179367135296815e+01 8.140718074005879462e-03 1.670641741313835027e+01 8.034775655208611367e-01
9.333537690881891891e+00 4.487179367135296815e+01 8.140718074005879462e-03 1.670641741313835027e+01 8.034775655208611367e-01
9.333537690881891891e+00 4.487179367135296815e+01 8.140718074005879462e-03 1.670641741313835027e+01 8.034775655208611367e-01
9.333537690881891891e+00 4.487179367135296815e+01 8.140718074005879462e-03 1.670641741313835027e+01 8.034775655208611367e-01
9.333537690881891891e+00 4.487179367135296815e+01 8.140718074005879462e-03 1.670641741313835027e+01 8.034775655208611367e-01
9.333537690881891891e+00 4.487179367135296815e+01 8.140718074005879462e-03 1.670641741313835027e+01 8.034775655208611367e-01
9.333537690881891891e+00 4.487179367135296815e+01 8.140718074005879462e-03 1.670641741313835027e+01 8.034775655208611367e-01
9.333537690881891891e+00 4.487179367135296815e+01 8.140718074005879462e-03 1.670641741313835027e+01 8.034775655208611367e-01
9.333537690881891891e+00 4.487179367135296815e+01 8.140718074005879462e-03 1.670641741313835027e+01 8.034775655208611367e-01
9.333537690881891891e+00 4.487179367135296815e+01 8.140718074005879462e-03 1.670641741313835027e+01 8.034775655208611367e-01
9.333537690881891891e+00 4.487179367135296815e+01 8.140718074005879462e-03 1.670641741313835027e+01 8.034775655208611367e-01
9.333537690881891891e+00 4.487179367135296815e+01 8.140718074005879462e-03 1.670641741313835027e+01 8.034775655208611367e-01
9.332356917279007291e+00 4.486983796423297832e+01 7.829067123988838611e-03 1.692638912492701664e+01 7.932407726311447860e-01
9.332356917279007291e+00 4.486983796423297832e+01 7.829067123988838611e-03 1.692638912492701664e+01 7.932407726311447860e-01
9.332356917279007291e+00 4.486983796423297832e+01 7.829067123988838611e-03 1.692638912492701664e+01 7.932407726311447860e-01
9.222851662765844338e+00 4.486977736890334967e+01 5.675502767958619244e-03 1.871881168571075449e+01 8.402500761872375712e-01
9.077439276863470852e+00 4.487916289988776697e+01 7.757233572713576747e-03 1.831460656706697065e+01 8.191782616788340077e-01
9.070087691484216563e+00 4.488852260771566449e+01 1.098725057385655304e-02 1.882420065947610510e+01 8.637804035868215102e-01
9.000975519719105478e+00 4.490140152735999379e+01 1.248974929915194418e-02 1.818398912101988074e+01 8.914077168991498823e-01
9.116098169316929400e+00 4.490281215603332754e+01 1.095872093542016139e-02 1.854001546962535940e+01 9.812632211625622602e-01
9.116098169316929400e+00 4.490281215603332754e+01 1.095872093542016139e-02 1.854001546962535940e+01 9.812632211625622602e-01
9.116098169316929400e+00 4.490281215603332754e+01 1.095872093542016139e-02 1.854001546962535940e+01 9.812632211625622602e-01
9.116098169316929400e+00 4.490281215603332754e+01 1.095872093542016139e-02 1.854001546962535940e+01 9.812632211625622602e-01
9.116098169316929400e+00 4.490281215603332754e+01 1.095872093542016139e-02 1.854001546962535940e+01 9.812632211625622602e-01
9.116098169316929400e+00 4.490281215603332754e+01 1.095872093542016139e-02 1.854001546962535940e+01 9.812632211625622602e-01
9.116098169316929400e+00 4.490281215603332754e+01 1.095872093542016139e-02 1.854001546962535940e+01 9.812632211625622602e-01
9.116098169316929400e+00 4.490281215603332754e+01 1.095872093542016139e-02 1.854001546962535940e+01 9.812632211625622602e-01
9.116098169316929400e+00 4.490281215603332754e+01 1.095872093542016139e-02 1.854001546962535940e+01 9.812632211625622602e-01
9.116098169316929400e+00 4.490281215603332754e+01 1.095872093542016139e-02 1.854001546962535940e+01 9.812632211625622602e-01
9.116098169316929400e+00 4.490281215603332754e+01 1.095872093542016139e-02 1.854001546962535940e+01 9.812632211625622602e-01
9.116098169316929400e+00 4.490281215603332754e+01 1.095872093542016139e-02 1.854001546962535940e+01 9.812632211625622602e-01
9.116098169316929400e+00 4.490281215603332754e+01 1.095872093542016139e-02 1.854001546962535940e+01 9.812632211625622602e-01
9.116098169316929400e+00 4.490281215603332754e+01 1.095872093542016139e-02 1.854001546962535940e+01 9.812632211625622602e-01
9.116098169316929400e+00 4.490281215603332754e+01 1.095872093542016139e-02 1.854001546962535940e+01 9.812632211625622602e-01
9.116098169316929400e+00 4.490281215603332754e+01 1.095872093542016139e-02 1.854001546962535940e+01 9.812632211625622602e-01
9.116098169316929400e+00 4.490281215603332754e+01 1.095872093542016139e-02 1.854001546962535940e+01 9.812632211625622602e-01
9.116098169316929400e+00 4.490281215603332754e+01 1.095872093542016139e-02 1.854001546962535940e+01 9.812632211625622602e-01
9.312266920222656452e+00 4.490119206309930888e+01 1.581448833079616631e-02 2.001804998793684121e+01 9.472611583564191085e-01
9.312266920222656452e+00 4.490119206309930888e+01 1.581448833079616631e-02 2.001804998793684121e+01 9.472611583564191085e-01
9.312266920222656452e+00 4.490119206309930888e+01 1.581448833079616631e-02 2.001804998793684121e+01 9.472611583564191085e-01
9.312266920222656452e+00 4.490119206309930888e+01 1.581448833079616631e-02 2.001804998793684121e+01 9.472611583564191085e-01
9.320922549777229449e+00 4.489806393151575747e+01 1.420069827869074354e-02 2.004808124326345009e+01 8.898281709686716168e-01
9.320922549777229449e+00 4.489806393151575747e+01 1.420069827869074354e-02 2.004808124326345009e+01 8.898281709686716168e-01
9.320922549777229449e+00 4.489806393151575747e+01 1.420069827869074354e-02 2.004808124326345009e+01 8.898281709686716168e-01
9.320922549777229449e+00 4.489806393151575747e+01 1.420069827869074354e-02 2.004808124326345009e+01 8.898281709686716168e-01
9.320922549777229449e+00 4.489806393151575747e+01 1.420069827869074354e-02 2.004808124326345009e+01 8.898281709686716168e-01
9.320922549777229449e+00 4.489806393151575747e+01 1.420069827869074354e-02 2.004808124326345009e+01 8.898281709686716168e-01
9.320922549777229449e+00 4.489806393151575747e+01 1.420069827869074354e-02 2.004808124326345009e+01 8.898281709686716168e-01
9.320922549777229449e+00 4.489806393151575747e+01 1.420069827869074354e-02 2.004808124326345009e+01 8.898281709686716168e-01
9.320922549777229449e+00 4.489806393151575747e+01 1.420069827869074354e-02 2.004808124326345009e+01 8.898281709686716168e-01
9.320922549777229449e+00 4.489806393151575747e+01 1.420069827869074354e-02 2.004808124326345009e+01 8.898281709686716168e-01
9.320922549777229449e+00 4.489806393151575747e+01 1.420069827869074354e-02 2.004808124326345009e+01 8.898281709686716168e-01
9.320922549777229449e+00 4.489806393151575747e+01 1.420069827869074354e-02 2.004808124326345009e+01 8.898281709686716168e-01
9.320922549777229449e+00 4.489806393151575747e+01 1.420069827869074354e-02 2.004808124326345009e+01 8.898281709686716168e-01
9.320922549777229449e+00 4.489806393151575747e+01 1.420069827869074354e-02 2.004808124326345009e+01 8.898281709686716168e-01
9.320922549777229449e+00 4.489806393151575747e+01 1.420069827869074354e-02 2.004808124326345009e+01 8.898281709686716168e-01
9.320922549777229449e+00 4.489806393151575747e+01 1.420069827869074354e-02 2.004808124326345009e+01 8.898281709686716168e-01
9.320922549777229449e+00 4.489806393151575747e+01 1.420069827869074354e-02 2.004808124326345009e+01 8.898281709686716168e-01
9.320922549777229449e+00 4.489806393151575747e+01 1.420069827869074354e-02 2.004808124326345009e+01 8.898281709686716168e-01
9.320922549777229449e+00 4.489806393151575747e+01 1.420069827869074354e-02 2.004808124326345009e+01 8.898281709686716168e-01
9.320922549777229449e+00 4.489806393151575747e+01 1.420069827869074354e-02 2.004808124326345009e+01 8.898281709686716168e-01
9.320922549777229449e+00 4.489806393151575747e+01 1.420069827869074354e-02 2.004808124326345009e+01 8.898281709686716168e-01
9.320922549777229449e+00 4.489806393151575747e+01 1.420069827869074354e-02 2.004808124326345009e+01 8.898281709686716168e-01
9.320922549777229449e+00 4.489806393151575747e+01 1.420069827869074354e-02 2.004808124326345009e+01 8.898281709686716168e-01
9.320922549777229449e+00 4.489806393151575747e+01 1.420069827869074354e-02 2.004808124326345009e+01 8.898281709686716168e-01
9.320922549777229449e+00 4.489806393151575747e+01 1.420069827869074354e-02 2.004808124326345009e+01 8.898281709686716168e-01
9.320922549777229449e+00 4.489806393151575747e+01 1.420069827869074354e-02 2.004808124326345009e+01 8.898281709686716168e-01
9.320922549777229449e+00 4.489806393151575747e+01 1.420069827869074354e-02 2.004808124326345009e+01 8.898281709686716168e-01
9.320922549777229449e+00 4.489806393151575747e+01 1.420069827869074354e-02 2.004808124326345009e+01 8.898281709686716168e-01
9.320922549777229449e+00 4.489806393151575747e+01 1.420069827869074354e-02 2.004808124326345009e+01 8.898281709686716168e-01
9.320922549777229449e+00 4.489806393151575747e+01 1.420069827869074354e-02 2.004808124326345009e+01 8.898281709686716168e-01
9.320922549777229449e+00 4.489806393151575747e+01 1.420069827869074354e-02 2.004808124326345009e+01 8.898281709686716168e-01
9.320922549777229449e+00 4.489806393151575747e+01 1.420069827869074354e-02 2.004808124326345009e+01 8.898281709686716168e-01
9.320922549777229449e+00 4.489806393151575747e+01 1.420069827869074354e-02 2.004808124326345009e+01 8.898281709686716168e-01
9.320922549777229449e+00 4.489806393151575747e+01 1.420069827869074354e-02 2.004808124326345009e+01 8.898281709686716168e-01
9.320922549777229449e+00 4.489806393151575747e+01 1.420069827869074354e-02 2.004808124326345009e+01 8.898281709686716168e-01
9.320922549777229449e+00 4.489806393151575747e+01 1.420069827869074354e-02 2.004808124326345009e+01 8.898281709686716168e-01
9.320922549777229449e+00 4.489806393151575747e+01 1.420069827869074354e-02 2.004808124326345009e+01 8.898281709686716168e-01
9.320922549777229449e+00 4.489806393151575747e+01 1.420069827869074354e-02 2.004808124326345009e+01 8.898281709686716168e-01
9.320922549777229449e+00 4.489806393151575747e+01 1.420069827869074354e-02 2.004808124326345009e+01 8.898281709686716168e-01
9.320922549777229449e+00 4.489806393151575747e+01 1.420069827869074354e-02 2.004808124326345009e+01 8.898281709686716168e-01
9.320922549777229449e+00 4.489806393151575747e+01 1.420069827869074354e-02 2.004808124326345009e+01 8.898281709686716168e-01
9.320922549777229449e+00 4.489806393151575747e+01 1.420069827869074354e-02 2.004808124326345009e+01 8.898281709686716168e-01
9.320922549777229449e+00 4.489806393151575747e+01 1.420069827869074354e-02 2.004808124326345009e+01 8.898281709686716168e-01
9.320922549777229449e+00 4.489806393151575747e+01 1.420069827869074354e-02 2.004808124326345009e+01 8.898281709686716168e-01
9.320922549777229449e+00 4.489806393151575747e+01 1.420069827869074354e-02 2.004808124326345009e+01 8.898281709686716168e-01
9.320922549777229449e+00 4.489806393151575747e+01 1.420069827869074354e-02 2.004808124326345009e+01 8.898281709686716168e-01
9.320922549777229449e+00 4.489806393151575747e+01 1.420069827869074354e-02 2.004808124326345009e+01 8.898281709686716168e-01
9.320922549777229449e+00 4.489806393151575747e+01 1.420069827869074354e-02 2.004808124326345009e+01 8.898281709686716168e-01
9.320922549777229449e+00 4.489806393151575747e+01 1.420069827869074354e-02 2.004808124326345009e+01 8.898281709686716168e-01
9.320922549777229449e+00 4.489806393151575747e+01 1.420069827869074354e-02 2.004808124326345009e+01 8.898281709686716168e-01
9.320922549777229449e+00 4.489806393151575747e+01 1.420069827869074354e-02 2.004808124326345009e+01 8.898281709686716168e-01
9.316961569158383583e+00 4.490260930768180003e+01 9.766577601400525110e-03 1.820817483658585800e+01 8.614802728009793853e-01
9.316961569158383583e+00 4.490260930768180003e+01 9.766577601400525110e-03 1.820817483658585800e+01 8.614802728009793853e-01
9.316961569158383583e+00 4.490260930768180003e+01 9.766577601400525110e-03 1.820817483658585800e+01 8.614802728009793853e-01
9.316961569158383583e+00 4.490260930768180003e+01 9.766577601400525110e-03 1.820817483658585800e+01 8.614802728009793853e-01
9.316961569158383583e+00 4.490260930768180003e+01 9.766577601400525110e-03 1.820817483658585800e+01 8.614802728009793853e-01
9.316961569158383583e+00 4.490260930768180003e+01 9.766577601400525110e-03 1.820817483658585800e+01 8.614802728009793853e-01
9.316961569158383583e+00 4.490260930768180003e+01 9.766577601400525110e-03 1.820817483658585800e+01 8.614802728009793853e-01
9.316961569158383583e+00 4.490260930768180003e+01 9.766577601400525110e-03 1.820817483658585800e+01 8.614802728009793853e-01
9.316961569158383583e+00 4.490260930768180003e+01 9.766577601400525110e-03 1.820817483658585800e+01 8.614802728009793853e-01
9.316961569158383583e+00 4.490260930768180003e+01 9.766577601400525110e-03 1.820817483658585800e+01 8.614802728009793853e-01
9.316961569158383583e+00 4.490260930768180003e+01 9.766577601400525110e-03 1.820817483658585800e+01 8.614802728009793853e-01
9.316961569158383583e+00 4.490260930768180003e+01 9.766577601400525110e-03 1.820817483658585800e+01 8.614802728009793853e-01
9.316961569158383583e+00 4.490260930768180003e+01 9.766577601400525110e-03 1.820817483658585800e+01 8.614802728009793853e-01
9.316961569158383583e+00 4.490260930768180003e+01 9.766577601400525110e-03 1.820817483658585800e+01 8.614802728009793853e-01
9.316961569158383583e+00 4.490260930768180003e+01 9.766577601400525110e-03 1.820817483658585800e+01 8.614802728009793853e-01
9.316961569158383583e+00 4.490260930768180003e+01 9.766577601400525110e-03 1.820817483658585800e+01 8.614802728009793853e-01
9.316961569158383583e+00 4.490260930768180003e+01 9.766577601400525110e-03 1.820817483658585800e+01 8.614802728009793853e-01
9.316961569158383583e+00 4.490260930768180003e+01 9.766577601400525110e-03 1.820817483658585800e+01 8.614802728009793853e-01
9.316961569158383583e+00 4.490260930768180003e+01 9.766577601400525110e-03 1.820817483658585800e+01 8.614802728009793853e-01
9.316961569158383583e+00 4.490260930768180003e+01 9.766577601400525110e-03 1.820817483658585800e+01 8.614802728009793853e-01
9.316961569158383583e+00 4.490260930768180003e+01 9.766577601400525110e-03 1.820817483658585800e+01 8.614802728009793853e-01
9.316961569158383583e+00 4.490260930768180003e+01 9.766577601400525110e-03 1.820817483658585800e+01 8.614802728009793853e-01
9.316961569158383583e+00 4.490260930768180003e+01 9.766577601400525110e-03 1.820817483658585800e+01 8.614802728009793853e-01
9.316961569158383583e+00 4.490260930768180003e+01 9.766577601400525110e-03 1.820817483658585800e+01 8.614802728009793853e-01
9.316961569158383583e+00 4.490260930768180003e+01 9.766577601400525110e-03 1.820817483658585800e+01 8.614802728009793853e-01
9.316961569158383583e+00 4.490260930768180003e+01 9.766577601400525110e-03 1.820817483658585800e+01 8.614802728009793853e-01
9.316961569158383583e+00 4.490260930768180003e+01 9.766577601400525110e-03 1.820817483658585800e+01 8.614802728009793853e-01
9.316961569158383583e+00 4.490260930768180003e+01 9.766577601400525110e-03 1.820817483658585800e+01 8.614802728009793853e-01
9.316961569158383583e+00 4.490260930768180003e+01 9.766577601400525110e-03 1.820817483658585800e+01 8.614802728009793853e-01
9.316961569158383583e+00 4.490260930768180003e+01 9.766577601400525110e-03 1.820817483658585800e+01 8.614802728009793853e-01
9.316961569158383583e+00 4.490260930768180003e+01 9.766577601400525110e-03 1.820817483658585800e+01 8.614802728009793853e-01
9.323390532256761176e+00 4.489395969115972207e+01 1.120761065558162177e-02 1.670787687623398199e+01 9.439008437392120143e-01
9.323390532256761176e+00 4.489395969115972207e+01 1.120761065558162177e-02 1.670787687623398199e+01 9.439008437392120143e-01
9.323390532256761176e+00 4.489395969115972207e+01 1.120761065558162177e-02 1.670787687623398199e+01 9.439008437392120143e-01
9.323390532256761176e+00 4.489395969115972207e+01 1.120761065558162177e-02 1.670787687623398199e+01 9.439008437392120143e-01
9.323390532256761176e+00 4.489395969115972207e+01 1.120761065558162177e-02 1.670787687623398199e+01 9.439008437392120143e-01
9.323390532256761176e+00 4.489395969115972207e+01 1.120761065558162177e-02 1.670787687623398199e+01 9.439008437392120143e-01
9.323390532256761176e+00 4.489395969115972207e+01 1.120761065558162177e-02 1.670787687623398199e+01 9.439008437392120143e-01
9.323390532256761176e+00 4.489395969115972207e+01 1.120761065558162177e-02 1.670787687623398199e+01 9.439008437392120143e-01
9.323390532256761176e+00 4.489395969115972207e+01 1.120761065558162177e-02 1.670787687623398199e+01 9.439008437392120143e-01
9.323390532256761176e+00 4.489395969115972207e+01 1.120761065558162177e-02 1.670787687623398199e+01 9.439008437392120143e-01
9.323390532256761176e+00 4.489395969115972207e+01 1.120761065558162177e-02 1.670787687623398199e+01 9.439008437392120143e-01
9.323390532256761176e+00 4.489395969115972207e+01 1.120761065558162177e-02 1.670787687623398199e+01 9.439008437392120143e-01
9.323390532256761176e+00 4.489395969115972207e+01 1.120761065558162177e-02 1.670787687623398199e+01 9.439008437392120143e-01
9.323390532256761176e+00 4.489395969115972207e+01 1.120761065558162177e-02 1.670787687623398199e+01 9.439008437392120143e-01
9.323390532256761176e+00 4.489395969115972207e+01 1.120761065558162177e-02 1.670787687623398199e+01 9.439008437392120143e-01
9.323390532256761176e+00 4.489395969115972207e+01 1.120761065558162177e-02 1.670787687623398199e+01 9.439008437392120143e-01
9.323390532256761176e+00 4.489395969115972207e+01 1.120761065558162177e-02 1.670787687623398199e+01 9.439008437392120143e-01
9.323390532256761176e+00 4.489395969115972207e+01 1.120761065558162177e-02 1.670787687623398199e+01 9.439008437392120143e-01
9.323390532256761176e+00 4.489395969115972207e+01 1.120761065558162177e-02 1.670787687623398199e+01 9.439008437392120143e-01
9.323390532256761176e+00 4.489395969115972207e+01 1.120761065558162177e-02 1.670787687623398199e+01 9.439008437392120143e-01
9.323390532256761176e+00 4.489395969115972207e+01 1.120761065558162177e-02 1.670787687623398199e+01 9.439008437392120143e-01
9.323390532256761176e+00 4.489395969115972207e+01 1.120761065558162177e-02 1.670787687623398199e+01 9.439008437392120143e-01
9.323390532256761176e+00 4.489395969115972207e+01 1.120761065558162177e-02 1.670787687623398199e+01 9.439008437392120143e-01
9.323390532256761176e+00 4.489395969115972207e+01 1.120761065558162177e-02 1.670787687623398199e+01 9.439008437392120143e-01
9.323390532256761176e+00 4.489395969115972207e+01 1.120761065558162177e-02 1.670787687623398199e+01 9.439008437392120143e-01
9.323390532256761176e+00 4.489395969115972207e+01 1.120761065558162177e-02 1.670787687623398199e+01 9.439008437392120143e-01
9.323390532256761176e+00 4.489395969115972207e+01 1.120761065558162177e-02 1.670787687623398199e+01 9.439008437392120143e-01
9.323390532256761176e+00 4.489395969115972207e+01 1.120761065558162177e-02 1.670787687623398199e+01 9.439008437392120143e-01
9.323390532256761176e+00 4.489395969115972207e+01 1.120761065558162177e-02 1.670787687623398199e+01 9.439008437392120143e-01
9.323390532256761176e+00 4.489395969115972207e+01 1.120761065558162177e-02 1.670787687623398199e+01 9.439008437392120143e-01
9.323390532256761176e+00 4.489395969115972207e+01 1.120761065558162177e-02 1.670787687623398199e+01 9.439008437392120143e-01
9.323390532256761176e+00 4.489395969115972207e+01 1.120761065558162177e-02 1.670787687623398199e+01 9.439008437392120143e-01
9.323390532256761176e+00 4.489395969115972207e+01 1.120761065558162177e-02 1.670787687623398199e+01 9.439008437392120143e-01
9.323390532256761176e+00 4.489395969115972207e+01 1.120761065558162177e-02 1.670787687623398199e+01 9.439008437392120143e-01
9.328700479990883920e+00 4.487760075383425828e+01 1.564690981702620068e-02 1.533675309036025070e+01 9.412344937017367297e-01
9.328700479990883920e+00 4.487760075383425828e+01 1.564690981702620068e-02 1.533675309036025070e+01 9.412344937017367297e-01
9.328700479990883920e+00 4.487760075383425828e+01 1.564690981702620068e-02 1.533675309036025070e+01 9.412344937017367297e-01
9.328700479990883920e+00 4.487760075383425828e+01 1.564690981702620068e-02 1.533675309036025070e+01 9.412344937017367297e-01
9.328700479990883920e+00 4.487760075383425828e+01 1.564690981702620068e-02 1.533675309036025070e+01 9.412344937017367297e-01
9.328700479990883920e+00 4.487760075383425828e+01 1.564690981702620068e-02 1.533675309036025070e+01 9.412344937017367297e-01
9.328700479990883920e+00 4.487760075383425828e+01 1.564690981702620068e-02 1.533675309036025070e+01 9.412344937017367297e-01
9.328700479990883920e+00 4.487760075383425828e+01 1.564690981702620068e-02 1.533675309036025070e+01 9.412344937017367297e-01
9.328700479990883920e+00 4.487760075383425828e+01 1.564690981702620068e-02 1.533675309036025070e+01 9.412344937017367297e-01
9.328700479990883920e+00 4.487760075383425828e+01 1.564690981702620068e-02 1.533675309036025070e+01 9.412344937017367297e-01
9.328700479990883920e+00 4.487760075383425828e+01 1.564690981702620068e-02 1.533675309036025070e+01 9.412344937017367297e-01
9.328700479990883920e+00 4.487760075383425828e+01 1.564690981702620068e-02 1.533675309036025070e+01 9.412344937017367297e-01
9.328700479990883920e+00 4.487760075383425828e+01 1.564690981702620068e-02 1.533675309036025070e+01 9.412344937017367297e-01
9.328700479990883920e+00 4.487760075383425828e+01 1.564690981702620068e-02 1.533675309036025070e+01 9.412344937017367297e-01
9.328700479990883920e+00 4.487760075383425828e+01 1.564690981702620068e-02 1.533675309036025070e+01 9.412344937017367297e-01
9.328700479990883920e+00 4.487760075383425828e+01 1.564690981702620068e-02 1.533675309036025070e+01 9.412344937017367297e-01
9.328700479990883920e+00 4.487760075383425828e+01 1.564690981702620068e-02 1.533675309036025070e+01 9.412344937017367297e-01
9.328700479990883920e+00 4.487760075383425828e+01 1.564690981702620068e-02 1.533675309036025070e+01 9.412344937017367297e-01
9.328700479990883920e+00 4.487760075383425828e+01 1.564690981702620068e-02 1.533675309036025070e+01 9.412344937017367297e-01
9.328700479990883920e+00 4.487760075383425828e+01 1.564690981702620068e-02 1.533675309036025070e+01 9.412344937017367297e-01
9.328700479990883920e+00 4.487760075383425828e+01 1.564690981702620068e-02 1.533675309036025070e+01 9.412344937017367297e-01
9.328700479990883920e+00 4.487760075383425828e+01 1.564690981702620068e-02 1.533675309036025070e+01 9.412344937017367297e-01
9.328700479990883920e+00 4.487760075383425828e+01 1.564690981702620068e-02 1.533675309036025070e+01 9.412344937017367297e-01
9.328700479990883920e+00 4.487760075383425828e+01 1.564690981702620068e-02 1.533675309036025070e+01 9.412344937017367297e-01
9.328700479990883920e+00 4.487760075383425828e+01 1.564690981702620068e-02 1.533675309036025070e+01 9.412344937017367297e-01
9.328700479990883920e+00 4.487760075383425828e+01 1.564690981702620068e-02 1.533675309036025070e+01 9.412344937017367297e-01
9.328700479990883920e+00 4.487760075383425828e+01 1.564690981702620068e-02 1.533675309036025070e+01 9.412344937017367297e-01
9.328700479990883920e+00 4.487760075383425828e+01 1.564690981702620068e-02 1.533675309036025070e+01 9.412344937017367297e-01
9.328700479990883920e+00 4.487760075383425828e+01 1.564690981702620068e-02 1.533675309036025070e+01 9.412344937017367297e-01
9.328700479990883920e+00 4.487760075383425828e+01 1.564690981702620068e-02 1.533675309036025070e+01 9.412344937017367297e-01
9.328700479990883920e+00 4.487760075383425828e+01 1.564690981702620068e-02 1.533675309036025070e+01 9.412344937017367297e-01
9.328700479990883920e+00 4.487760075383425828e+01 1.564690981702620068e-02 1.533675309036025070e+01 9.412344937017367297e-01
9.328700479990883920e+00 4.487760075383425828e+01 1.564690981702620068e-02 1.533675309036025070e+01 9.412344937017367297e-01
9.328700479990883920e+00 4.487760075383425828e+01 1.564690981702620068e-02 1.533675309036025070e+01 9.412344937017367297e-01
9.328700479990883920e+00 4.487760075383425828e+01 1.564690981702620068e-02 1.533675309036025070e+01 9.412344937017367297e-01
9.328700479990883920e+00 4.487760075383425828e+01 1.564690981702620068e-02 1.533675309036025070e+01 9.412344937017367297e-01
9.328700479990883920e+00 4.487760075383425828e+01 1.564690981702620068e-02 1.533675309036025070e+01 9.412344937017367297e-01
9.328700479990883920e+00 4.487760075383425828e+01 1.564690981702620068e-02 1.533675309036025070e+01 9.412344937017367297e-01
9.328700479990883920e+00 4.487760075383425828e+01 1.564690981702620068e-02 1.533675309036025070e+01 9.412344937017367297e-01
9.328700479990883920e+00 4.487760075383425828e+01 1.564690981702620068e-02 1.533675309036025070e+01 9.412344937017367297e-01
9.328700479990883920e+00 4.487760075383425828e+01 1.564690981702620068e-02 1.533675309036025070e+01 9.412344937017367297e-01
9.328700479990883920e+00 4.487760075383425828e+01 1.564690981702620068e-02 1.533675309036025070e+01 9.412344937017367297e-01
9.328700479990883920e+00 4.487760075383425828e+01 1.564690981702620068e-02 1.533675309036025070e+01 9.412344937017367297e-01
9.328700479990883920e+00 4.487760075383425828e+01 1.564690981702620068e-02 1.533675309036025070e+01 9.412344937017367297e-01
9.328700479990883920e+00 4.487760075383425828e+01 1.564690981702620068e-02 1.533675309036025070e+01 9.412344937017367297e-01
9.328700479990883920e+00 4.487760075383425828e+01 1.564690981702620068e-02 1.533675309036025070e+01 9.412344937017367297e-01
9.328700479990883920e+00 4.487760075383425828e+01 1.564690981702620068e-02 1.533675309036025070e+01 9.412344937017367297e-01
9.328700479990883920e+00 4.487760075383425828e+01 1.564690981702620068e-02 1.533675309036025070e+01 9.412344937017367297e-01
9.328700479990883920e+00 4.487760075383425828e+01 1.564690981702620068e-02 1.533675309036025070e+01 9.412344937017367297e-01
9.328700479990883920e+00 4.487760075383425828e+01 1.564690981702620068e-02 1.533675309036025070e+01 9.412344937017367297e-01
9.328700479990883920e+00 4.487760075383425828e+01 1.564690981702620068e-02 1.533675309036025070e+01 9.412344937017367297e-01
9.328700479990883920e+00 4.487760075383425828e+01 1.564690981702620068e-02 1.533675309036025070e+01 9.412344937017367297e-01
9.328700479990883920e+00 4.487760075383425828e+01 1.564690981702620068e-02 1.533675309036025070e+01 9.412344937017367297e-01
9.328700479990883920e+00 4.487760075383425828e+01 1.564690981702620068e-02 1.533675309036025070e+01 9.412344937017367297e-01
9.328700479990883920e+00 4.487760075383425828e+01 1.564690981702620068e-02 1.533675309036025070e+01 9.412344937017367297e-01
9.328700479990883920e+00 4.487760075383425828e+01 1.564690981702620068e-02 1.533675309036025070e+01 9.412344937017367297e-01
9.328700479990883920e+00 4.487760075383425828e+01 1.564690981702620068e-02 1.533675309036025070e+01 9.412344937017367297e-01
9.328700479990883920e+00 4.487760075383425828e+01 1.564690981702620068e-02 1.533675309036025070e+01 9.412344937017367297e-01
9.328700479990883920e+00 4.487760075383425828e+01 1.564690981702620068e-02 1.533675309036025070e+01 9.412344937017367297e-01
9.328700479990883920e+00 4.487760075383425828e+01 1.564690981702620068e-02 1.533675309036025070e+01 9.412344937017367297e-01
9.328700479990883920e+00 4.487760075383425828e+01 1.564690981702620068e-02 1.533675309036025070e+01 9.412344937017367297e-01
9.328700479990883920e+00 4.487760075383425828e+01 1.564690981702620068e-02 1.533675309036025070e+01 9.412344937017367297e-01
9.328700479990883920e+00 4.487760075383425828e+01 1.564690981702620068e-02 1.533675309036025070e+01 9.412344937017367297e-01
9.328700479990883920e+00 4.487760075383425828e+01 1.564690981702620068e-02 1.533675309036025070e+01 9.412344937017367297e-01
9.328700479990883920e+00 4.487760075383425828e+01 1.564690981702620068e-02 1.533675309036025070e+01 9.412344937017367297e-01
9.328700479990883920e+00 4.487760075383425828e+01 1.564690981702620068e-02 1.533675309036025070e+01 9.412344937017367297e-01
9.328700479990883920e+00 4.487760075383425828e+01 1.564690981702620068e-02 1.533675309036025070e+01 9.412344937017367297e-01
9.328700479990883920e+00 4.487760075383425828e+01 1.564690981702620068e-02 1.533675309036025070e+01 9.412344937017367297e-01
9.328700479990883920e+00 4.487760075383425828e+01 1.564690981702620068e-02 1.533675309036025070e+01 9.412344937017367297e-01
9.328700479990883920e+00 4.487760075383425828e+01 1.564690981702620068e-02 1.533675309036025070e+01 9.412344937017367297e-01
9.328700479990883920e+00 4.487760075383425828e+01 1.564690981702620068e-02 1.533675309036025070e+01 9.412344937017367297e-01
9.119090805294902680e+00 4.488750519804814587e+01 1.615907616847001016e-02 1.487049376828746183e+01 9.516534831892820012e-01
9.119090805294902680e+00 4.488750519804814587e+01 1.615907616847001016e-02 1.487049376828746183e+01 9.516534831892820012e-01
9.119090805294902680e+00 4.488750519804814587e+01 1.615907616847001016e-02 1.487049376828746183e+01 9.516534831892820012e-01
9.119090805294902680e+00 4.488750519804814587e+01 1.615907616847001016e-02 1.487049376828746183e+01 9.516534831892820012e-01
9.119090805294902680e+00 4.488750519804814587e+01 1.615907616847001016e-02 1.487049376828746183e+01 9.516534831892820012e-01
9.119090805294902680e+00 4.488750519804814587e+01 1.615907616847001016e-02 1.487049376828746183e+01 9.516534831892820012e-01
9.119090805294902680e+00 4.488750519804814587e+01 1.615907616847001016e-02 1.487049376828746183e+01 9.516534831892820012e-01
9.119090805294902680e+00 4.488750519804814587e+01 1.615907616847001016e-02 1.487049376828746183e+01 9.516534831892820012e-01
9.119090805294902680e+00 4.488750519804814587e+01 1.615907616847001016e-02 1.487049376828746183e+01 9.516534831892820012e-01
9.119090805294902680e+00 4.488750519804814587e+01 1.615907616847001016e-02 1.487049376828746183e+01 9.516534831892820012e-01
9.119090805294902680e+00 4.488750519804814587e+01 1.615907616847001016e-02 1.487049376828746183e+01 9.516534831892820012e-01
9.119090805294902680e+00 4.488750519804814587e+01 1.615907616847001016e-02 1.487049376828746183e+01 9.516534831892820012e-01
9.119090805294902680e+00 4.488750519804814587e+01 1.615907616847001016e-02 1.487049376828746183e+01 9.516534831892820012e-01
9.119090805294902680e+00 4.488750519804814587e+01 1.615907616847001016e-02 1.487049376828746183e+01 9.516534831892820012e-01
9.119090805294902680e+00 4.488750519804814587e+01 1.615907616847001016e-02 1.487049376828746183e+01 9.516534831892820012e-01
9.119090805294902680e+00 4.488750519804814587e+01 1.615907616847001016e-02 1.487049376828746183e+01 9.516534831892820012e-01
8.987459537817745314e+00 4.488020127529350134e+01 1.363825453296789968e-02 1.509130537551393658e+01 8.586286241495983962e-01
9.113759938021200213e+00 4.489414658465334895e+01 1.071351378855577539e-02 1.324372872369148091e+01 8.278246176871898454e-01
9.113759938021200213e+00 4.489414658465334895e+01 1.071351378855577539e-02 1.324372872369148091e+01 8.278246176871898454e-01
9.113759938021200213e+00 4.489414658465334895e+01 1.071351378855577539e-02 1.324372872369148091e+01 8.278246176871898454e-01
9.113759938021200213e+00 4.489414658465334895e+01 1.071351378855577539e-02 1.324372872369148091e+01 8.278246176871898454e-01
9.113759938021200213e+00 4.489414658465334895e+01 1.071351378855577539e-02 1.324372872369148091e+01 8.278246176871898454e-01
9.113759938021200213e+00 4.489414658465334895e+01 1.071351378855577539e-02 1.324372872369148091e+01 8.278246176871898454e-01
9.328586564023014560e+00 4.489472264318871453e+01 1.466840422651107152e-02 1.301606948198165625e+01 8.885811104527361337e-01
9.328586564023014560e+00 4.489472264318871453e+01 1.466840422651107152e-02 1.301606948198165625e+01 8.885811104527361337e-01
9.328586564023014560e+00 4.489472264318871453e+01 1.466840422651107152e-02 1.301606948198165625e+01 8.885811104527361337e-01
9.328586564023014560e+00 4.489472264318871453e+01 1.466840422651107152e-02 1.301606948198165625e+01 8.885811104527361337e-01
9.328586564023014560e+00 4.489472264318871453e+01 1.466840422651107152e-02 1.301606948198165625e+01 8.885811104527361337e-01
9.328586564023014560e+00 4.489472264318871453e+01 1.466840422651107152e-02 1.301606948198165625e+01 8.885811104527361337e-01
9.123653368719843115e+00 4.487181996648629223e+01 1.769581451710150119e-02 1.256159446189366768e+01 9.632109662928248772e-01
9.123653368719843115e+00 4.487181996648629223e+01 1.769581451710150119e-02 1.256159446189366768e+01 9.632109662928248772e-01
9.123653368719843115e+00 4.487181996648629223e+01 1.769581451710150119e-02 1.256159446189366768e+01 9.632109662928248772e-01
9.123653368719843115e+00 4.487181996648629223e+01 1.769581451710150119e-02 1.256159446189366768e+01 9.632109662928248772e-01
9.123653368719843115e+00 4.487181996648629223e+01 1.769581451710150119e-02 1.256159446189366768e+01 9.632109662928248772e-01
9.123653368719843115e+00 4.487181996648629223e+01 1.769581451710150119e-02 1.256159446189366768e+01 9.632109662928248772e-01
9.123653368719843115e+00 4.487181996648629223e+01 1.769581451710150119e-02 1.256159446189366768e+01 9.632109662928248772e-01
9.123653368719843115e+00 4.487181996648629223e+01 1.769581451710150119e-02 1.256159446189366768e+01 9.632109662928248772e-01
9.123653368719843115e+00 4.487181996648629223e+01 1.769581451710150119e-02 1.256159446189366768e+01 9.632109662928248772e-01
9.123653368719843115e+00 4.487181996648629223e+01 1.769581451710150119e-02 1.256159446189366768e+01 9.632109662928248772e-01
9.123653368719843115e+00 4.487181996648629223e+01 1.769581451710150119e-02 1.256159446189366768e+01 9.632109662928248772e-01
9.123653368719843115e+00 4.487181996648629223e+01 1.769581451710150119e-02 1.256159446189366768e+01 9.632109662928248772e-01
9.123653368719843115e+00 4.487181996648629223e+01 1.769581451710150119e-02 1.256159446189366768e+01 9.632109662928248772e-01
9.123653368719843115e+00 4.487181996648629223e+01 1.769581451710150119e-02 1.256159446189366768e+01 9.632109662928248772e-01
9.123653368719843115e+00 4.487181996648629223e+01 1.769581451710150119e-02 1.256159446189366768e+01 9.632109662928248772e-01
9.123653368719843115e+00 4.487181996648629223e+01 1.769581451710150119e-02 1.256159446189366768e+01 9.632109662928248772e-01
9.123653368719843115e+00 4.487181996648629223e+01 1.769581451710150119e-02 1.256159446189366768e+01 9.632109662928248772e-01
9.123653368719843115e+00 4.487181996648629223e+01 1.769581451710150119e-02 1.256159446189366768e+01 9.632109662928248772e-01
9.123653368719843115e+00 4.487181996648629223e+01 1.769581451710150119e-02 1.256159446189366768e+01 9.632109662928248772e-01
9.123653368719843115e+00 4.487181996648629223e+01 1.769581451710150119e-02 1.256159446189366768e+01 9.632109662928248772e-01
9.123653368719843115e+00 4.487181996648629223e+01 1.769581451710150119e-02 1.256159446189366768e+01 9.632109662928248772e-01
9.123653368719843115e+00 4.487181996648629223e+01 1.769581451710150119e-02 1.256159446189366768e+01 9.632109662928248772e-01
9.123653368719843115e+00 4.487181996648629223e+01 1.769581451710150119e-02 1.256159446189366768e+01 9.632109662928248772e-01
9.123653368719843115e+00 4.487181996648629223e+01 1.769581451710150119e-02 1.256159446189366768e+01 9.632109662928248772e-01
9.123653368719843115e+00 4.487181996648629223e+01 1.769581451710150119e-02 1.256159446189366768e+01 9.632109662928248772e-01
9.123653368719843115e+00 4.487181996648629223e+01 1.769581451710150119e-02 1.256159446189366768e+01 9.632109662928248772e-01
9.123653368719843115e+00 4.487181996648629223e+01 1.769581451710150119e-02 1.256159446189366768e+01 9.632109662928248772e-01
9.123653368719843115e+00 4.487181996648629223e+01 1.769581451710150119e-02 1.256159446189366768e+01 9.632109662928248772e-01
9.123653368719843115e+00 4.487181996648629223e+01 1.769581451710150119e-02 1.256159446189366768e+01 9.632109662928248772e-01
9.123653368719843115e+00 4.487181996648629223e+01 1.769581451710150119e-02 1.256159446189366768e+01 9.632109662928248772e-01
9.123653368719843115e+00 4.487181996648629223e+01 1.769581451710150119e-02 1.256159446189366768e+01 9.632109662928248772e-01
9.123653368719843115e+00 4.487181996648629223e+01 1.769581451710150119e-02 1.256159446189366768e+01 9.632109662928248772e-01
9.123653368719843115e+00 4.487181996648629223e+01 1.769581451710150119e-02 1.256159446189366768e+01 9.632109662928248772e-01
9.123653368719843115e+00 4.487181996648629223e+01 1.769581451710150119e-02 1.256159446189366768e+01 9.632109662928248772e-01
9.123653368719843115e+00 4.487181996648629223e+01 1.769581451710150119e-02 1.256159446189366768e+01 9.632109662928248772e-01
9.123653368719843115e+00 4.487181996648629223e+01 1.769581451710150119e-02 1.256159446189366768e+01 9.632109662928248772e-01
9.123653368719843115e+00 4.487181996648629223e+01 1.769581451710150119e-02 1.256159446189366768e+01 9.632109662928248772e-01
9.123653368719843115e+00 4.487181996648629223e+01 1.769581451710150119e-02 1.256159446189366768e+01 9.632109662928248772e-01
9.123653368719843115e+00 4.487181996648629223e+01 1.769581451710150119e-02 1.256159446189366768e+01 9.632109662928248772e-01
9.123653368719843115e+00 4.487181996648629223e+01 1.769581451710150119e-02 1.256159446189366768e+01 9.632109662928248772e-01
9.123653368719843115e+00 4.487181996648629223e+01 1.769581451710150119e-02 1.256159446189366768e+01 9.632109662928248772e-01
9.123653368719843115e+00 4.487181996648629223e+01 1.769581451710150119e-02 1.256159446189366768e+01 9.632109662928248772e-01
9.123653368719843115e+00 4.487181996648629223e+01 1.769581451710150119e-02 1.256159446189366768e+01 9.632109662928248772e-01
9.123653368719843115e+00 4.487181996648629223e+01 1.769581451710150119e-02 1.256159446189366768e+01 9.632109662928248772e-01
9.123653368719843115e+00 4.487181996648629223e+01 1.769581451710150119e-02 1.256159446189366768e+01 9.632109662928248772e-01
9.123653368719843115e+00 4.487181996648629223e+01 1.769581451710150119e-02 1.256159446189366768e+01 9.632109662928248772e-01
9.123653368719843115e+00 4.487181996648629223e+01 1.769581451710150119e-02 1.256159446189366768e+01 9.632109662928248772e-01
9.123653368719843115e+00 4.487181996648629223e+01 1.769581451710150119e-02 1.256159446189366768e+01 9.632109662928248772e-01
9.123653368719843115e+00 4.487181996648629223e+01 1.769581451710150119e-02 1.256159446189366768e+01 9.632109662928248772e-01
9.123653368719843115e+00 4.487181996648629223e+01 1.769581451710150119e-02 1.256159446189366768e+01 9.632109662928248772e-01
9.123653368719843115e+00 4.487181996648629223e+01 1.769581451710150119e-02 1.256159446189366768e+01 9.632109662928248772e-01
9.123653368719843115e+00 4.487181996648629223e+01 1.769581451710150119e-02 1.256159446189366768e+01 9.632109662928248772e-01
9.123653368719843115e+00 4.487181996648629223e+01 1.769581451710150119e-02 1.256159446189366768e+01 9.632109662928248772e-01
9.123653368719843115e+00 4.487181996648629223e+01 1.769581451710150119e-02 1.256159446189366768e+01 9.632109662928248772e-01
9.123653368719843115e+00 4.487181996648629223e+01 1.769581451710150119e-02 1.256159446189366768e+01 9.632109662928248772e-01
9.123653368719843115e+00 4.487181996648629223e+01 1.769581451710150119e-02 1.256159446189366768e+01 9.632109662928248772e-01
9.123653368719843115e+00 4.487181996648629223e+01 1.769581451710150119e-02 1.256159446189366768e+01 9.632109662928248772e-01
9.123653368719843115e+00 4.487181996648629223e+01 1.769581451710150119e-02 1.256159446189366768e+01 9.632109662928248772e-01
9.123653368719843115e+00 4.487181996648629223e+01 1.769581451710150119e-02 1.256159446189366768e+01 9.632109662928248772e-01
9.123653368719843115e+00 4.487181996648629223e+01 1.769581451710150119e-02 1.256159446189366768e+01 9.632109662928248772e-01
9.123653368719843115e+00 4.487181996648629223e+01 1.769581451710150119e-02 1.256159446189366768e+01 9.632109662928248772e-01
9.123653368719843115e+00 4.487181996648629223e+01 1.769581451710150119e-02 1.256159446189366768e+01 9.632109662928248772e-01
9.123653368719843115e+00 4.487181996648629223e+01 1.769581451710150119e-02 1.256159446189366768e+01 9.632109662928248772e-01
9.123653368719843115e+00 4.487181996648629223e+01 1.769581451710150119e-02 1.256159446189366768e+01 9.632109662928248772e-01
9.123653368719843115e+00 4.487181996648629223e+01 1.769581451710150119e-02 1.256159446189366768e+01 9.632109662928248772e-01
9.123653368719843115e+00 4.487181996648629223e+01 1.769581451710150119e-02 1.256159446189366768e+01 9.632109662928248772e-01
9.123653368719843115e+00 4.487181996648629223e+01 1.769581451710150119e-02 1.256159446189366768e+01 9.632109662928248772e-01
9.123653368719843115e+00 4.487181996648629223e+01 1.769581451710150119e-02 1.256159446189366768e+01 9.632109662928248772e-01
9.123653368719843115e+00 4.487181996648629223e+01 1.769581451710150119e-02 1.256159446189366768e+01 9.632109662928248772e-01
9.123653368719843115e+00 4.487181996648629223e+01 1.769581451710150119e-02 1.256159446189366768e+01 9.632109662928248772e-01
9.123653368719843115e+00 4.487181996648629223e+01 1.769581451710150119e-02 1.256159446189366768e+01 9.632109662928248772e-01
9.123653368719843115e+00 4.487181996648629223e+01 1.769581451710150119e-02 1.256159446189366768e+01 9.632109662928248772e-01
9.123653368719843115e+00 4.487181996648629223e+01 1.769581451710150119e-02 1.256159446189366768e+01 9.632109662928248772e-01
9.123653368719843115e+00 4.487181996648629223e+01 1.769581451710150119e-02 1.256159446189366768e+01 9.632109662928248772e-01
9.123653368719843115e+00 4.487181996648629223e+01 1.769581451710150119e-02 1.256159446189366768e+01 9.632109662928248772e-01
9.123653368719843115e+00 4.487181996648629223e+01 1.769581451710150119e-02 1.256159446189366768e+01 9.632109662928248772e-01
9.123653368719843115e+00 4.487181996648629223e+01 1.769581451710150119e-02 1.256159446189366768e+01 9.632109662928248772e-01
9.123653368719843115e+00 4.487181996648629223e+01 1.769581451710150119e-02 1.256159446189366768e+01 9.632109662928248772e-01
9.123653368719843115e+00 4.487181996648629223e+01 1.769581451710150119e-02 1.256159446189366768e+01 9.632109662928248772e-01
9.123653368719843115e+00 4.487181996648629223e+01 1.769581451710150119e-02 1.256159446189366768e+01 9.632109662928248772e-01
9.123653368719843115e+00 4.487181996648629223e+01 1.769581451710150119e-02 1.256159446189366768e+01 9.632109662928248772e-01
9.123653368719843115e+00 4.487181996648629223e+01 1.769581451710150119e-02 1.256159446189366768e+01 9.632109662928248772e-01
9.123653368719843115e+00 4.487181996648629223e+01 1.769581451710150119e-02 1.256159446189366768e+01 9.632109662928248772e-01
9.123653368719843115e+00 4.487181996648629223e+01 1.769581451710150119e-02 1.256159446189366768e+01 9.632109662928248772e-01
9.123653368719843115e+00 4.487181996648629223e+01 1.769581451710150119e-02 1.256159446189366768e+01 9.632109662928248772e-01
9.123653368719843115e+00 4.487181996648629223e+01 1.769581451710150119e-02 1.256159446189366768e+01 9.632109662928248772e-01
9.123653368719843115e+00 4.487181996648629223e+01 1.769581451710150119e-02 1.256159446189366768e+01 9.632109662928248772e-01
9.123653368719843115e+00 4.487181996648629223e+01 1.769581451710150119e-02 1.256159446189366768e+01 9.632109662928248772e-01
9.123653368719843115e+00 4.487181996648629223e+01 1.769581451710150119e-02 1.256159446189366768e+01 9.632109662928248772e-01
9.123653368719843115e+00 4.487181996648629223e+01 1.769581451710150119e-02 1.256159446189366768e+01 9.632109662928248772e-01
9.123653368719843115e+00 4.487181996648629223e+01 1.769581451710150119e-02 1.256159446189366768e+01 9.632109662928248772e-01
9.123653368719843115e+00 4.487181996648629223e+01 1.769581451710150119e-02 1.256159446189366768e+01 9.632109662928248772e-01
9.123653368719843115e+00 4.487181996648629223e+01 1.769581451710150119e-02 1.256159446189366768e+01 9.632109662928248772e-01
9.123653368719843115e+00 4.487181996648629223e+01 1.769581451710150119e-02 1.256159446189366768e+01 9.632109662928248772e-01
9.123653368719843115e+00 4.487181996648629223e+01 1.769581451710150119e-02 1.256159446189366768e+01 9.632109662928248772e-01
9.123653368719843115e+00 4.487181996648629223e+01 1.769581451710150119e-02 1.256159446189366768e+01 9.632109662928248772e-01
9.123653368719843115e+00 4.487181996648629223e+01 1.769581451710150119e-02 1.256159446189366768e+01 9.632109662928248772e-01
9.123653368719843115e+00 4.487181996648629223e+01 1.769581451710150119e-02 1.256159446189366768e+01 9.632109662928248772e-01
9.123653368719843115e+00 4.487181996648629223e+01 1.769581451710150119e-02 1.256159446189366768e+01 9.632109662928248772e-01
9.123653368719843115e+00 4.487181996648629223e+01 1.769581451710150119e-02 1.256159446189366768e+01 9.632109662928248772e-01
9.123653368719843115e+00 4.487181996648629223e+01 1.769581451710150119e-02 1.256159446189366768e+01 9.632109662928248772e-01
9.123653368719843115e+00 4.487181996648629223e+01 1.769581451710150119e-02 1.256159446189366768e+01 9.632109662928248772e-01
9.123653368719843115e+00 4.487181996648629223e+01 1.769581451710150119e-02 1.256159446189366768e+01 9.632109662928248772e-01
9.123653368719843115e+00 4.487181996648629223e+01 1.769581451710150119e-02 1.256159446189366768e+01 9.632109662928248772e-01
9.123653368719843115e+00 4.487181996648629223e+01 1.769581451710150119e-02 1.256159446189366768e+01 9.632109662928248772e-01
9.123653368719843115e+00 4.487181996648629223e+01 1.769581451710150119e-02 1.256159446189366768e+01 9.632109662928248772e-01
9.123653368719843115e+00 4.487181996648629223e+01 1.769581451710150119e-02 1.256159446189366768e+01 9.632109662928248772e-01
9.123653368719843115e+00 4.487181996648629223e+01 1.769581451710150119e-02 1.256159446189366768e+01 9.632109662928248772e-01
9.123653368719843115e+00 4.487181996648629223e+01 1.769581451710150119e-02 1.256159446189366768e+01 9.632109662928248772e-01
9.123653368719843115e+00 4.487181996648629223e+01 1.769581451710150119e-02 1.256159446189366768e+01 9.632109662928248772e-01
9.123653368719843115e+00 4.487181996648629223e+01 1.769581451710150119e-02 1.256159446189366768e+01 9.632109662928248772e-01
9.123653368719843115e+00 4.487181996648629223e+01 1.769581451710150119e-02 1.256159446189366768e+01 9.632109662928248772e-01
9.123653368719843115e+00 4.487181996648629223e+01 1.769581451710150119e-02 1.256159446189366768e+01 9.632109662928248772e-01
9.123653368719843115e+00 4.487181996648629223e+01 1.769581451710150119e-02 1.256159446189366768e+01 9.632109662928248772e-01
9.123653368719843115e+00 4.487181996648629223e+01 1.769581451710150119e-02 1.256159446189366768e+01 9.632109662928248772e-01
9.123653368719843115e+00 4.487181996648629223e+01 1.769581451710150119e-02 1.256159446189366768e+01 9.632109662928248772e-01
9.123653368719843115e+00 4.487181996648629223e+01 1.769581451710150119e-02 1.256159446189366768e+01 9.632109662928248772e-01
9.123653368719843115e+00 4.487181996648629223e+01 1.769581451710150119e-02 1.256159446189366768e+01 9.632109662928248772e-01
9.123653368719843115e+00 4.487181996648629223e+01 1.769581451710150119e-02 1.256159446189366768e+01 9.632109662928248772e-01
9.123653368719843115e+00 4.487181996648629223e+01 1.769581451710150119e-02 1.256159446189366768e+01 9.632109662928248772e-01
9.123653368719843115e+00 4.487181996648629223e+01 1.769581451710150119e-02 1.256159446189366768e+01 9.632109662928248772e-01
9.123653368719843115e+00 4.487181996648629223e+01 1.769581451710150119e-02 1.256159446189366768e+01 9.632109662928248772e-01
9.123653368719843115e+00 4.487181996648629223e+01 1.769581451710150119e-02 1.256159446189366768e+01 9.632109662928248772e-01
9.123653368719843115e+00 4.487181996648629223e+01 1.769581451710150119e-02 1.256159446189366768e+01 9.632109662928248772e-01
9.123653368719843115e+00 4.487181996648629223e+01 1.769581451710150119e-02 1.256159446189366768e+01 9.632109662928248772e-01
9.123653368719843115e+00 4.487181996648629223e+01 1.769581451710150119e-02 1.256159446189366768e+01 9.632109662928248772e-01
9.123653368719843115e+00 4.487181996648629223e+01 1.769581451710150119e-02 1.256159446189366768e+01 9.632109662928248772e-01
9.123653368719843115e+00 4.487181996648629223e+01 1.769581451710150119e-02 1.256159446189366768e+01 9.632109662928248772e-01
9.123653368719843115e+00 4.487181996648629223e+01 1.769581451710150119e-02 1.256159446189366768e+01 9.632109662928248772e-01
9.123653368719843115e+00 4.487181996648629223e+01 1.769581451710150119e-02 1.256159446189366768e+01 9.632109662928248772e-01
9.123653368719843115e+00 4.487181996648629223e+01 1.769581451710150119e-02 1.256159446189366768e+01 9.632109662928248772e-01
9.123653368719843115e+00 4.487181996648629223e+01 1.769581451710150119e-02 1.256159446189366768e+01 9.632109662928248772e-01
9.123653368719843115e+00 4.487181996648629223e+01 1.769581451710150119e-02 1.256159446189366768e+01 9.632109662928248772e-01
9.123653368719843115e+00 4.487181996648629223e+01 1.769581451710150119e-02 1.256159446189366768e+01 9.632109662928248772e-01
9.123653368719843115e+00 4.487181996648629223e+01 1.769581451710150119e-02 1.256159446189366768e+01 9.632109662928248772e-01
9.123653368719843115e+00 4.487181996648629223e+01 1.769581451710150119e-02 1.256159446189366768e+01 9.632109662928248772e-01
9.123653368719843115e+00 4.487181996648629223e+01 1.769581451710150119e-02 1.256159446189366768e+01 9.632109662928248772e-01
9.123653368719843115e+00 4.487181996648629223e+01 1.769581451710150119e-02 1.256159446189366768e+01 9.632109662928248772e-01
9.123653368719843115e+00 4.487181996648629223e+01 1.769581451710150119e-02 1.256159446189366768e+01 9.632109662928248772e-01
9.123653368719843115e+00 4.487181996648629223e+01 1.769581451710150119e-02 1.256159446189366768e+01 9.632109662928248772e-01
9.123653368719843115e+00 4.487181996648629223e+01 1.769581451710150119e-02 1.256159446189366768e+01 9.632109662928248772e-01
9.123653368719843115e+00 4.487181996648629223e+01 1.769581451710150119e-02 1.256159446189366768e+01 9.632109662928248772e-01
9.123653368719843115e+00 4.487181996648629223e+01 1.769581451710150119e-02 1.256159446189366768e+01 9.632109662928248772e-01
9.123653368719843115e+00 4.487181996648629223e+01 1.769581451710150119e-02 1.256159446189366768e+01 9.632109662928248772e-01
9.123653368719843115e+00 4.487181996648629223e+01 1.769581451710150119e-02 1.256159446189366768e+01 9.632109662928248772e-01
9.123653368719843115e+00 4.487181996648629223e+01 1.769581451710150119e-02 1.256159446189366768e+01 9.632109662928248772e-01
9.117635792775750758e+00 4.487086385098282193e+01 1.828650863659802769e-02 1.259115093001162045e+01 9.577022495801228441e-01
9.117635792775750758e+00 4.487086385098282193e+01 1.828650863659802769e-02 1.259115093001162045e+01 9.577022495801228441e-01
9.117635792775750758e+00 4.487086385098282193e+01 1.828650863659802769e-02 1.259115093001162045e+01 9.577022495801228441e-01
9.117635792775750758e+00 4.487086385098282193e+01 1.828650863659802769e-02 1.259115093001162045e+01 9.577022495801228441e-01
9.117635792775750758e+00 4.487086385098282193e+01 1.828650863659802769e-02 1.259115093001162045e+01 9.577022495801228441e-01
9.117635792775750758e+00 4.487086385098282193e+01 1.828650863659802769e-02 1.259115093001162045e+01 9.577022495801228441e-01
9.117635792775750758e+00 4.487086385098282193e+01 1.828650863659802769e-02 1.259115093001162045e+01 9.577022495801228441e-01
9.117635792775750758e+00 4.487086385098282193e+01 1.828650863659802769e-02 1.259115093001162045e+01 9.577022495801228441e-01
9.117635792775750758e+00 4.487086385098282193e+01 1.828650863659802769e-02 1.259115093001162045e+01 9.577022495801228441e-01
9.117635792775750758e+00 4.487086385098282193e+01 1.828650863659802769e-02 1.259115093001162045e+01 9.577022495801228441e-01
9.117635792775750758e+00 4.487086385098282193e+01 1.828650863659802769e-02 1.259115093001162045e+01 9.577022495801228441e-01
9.117635792775750758e+00 4.487086385098282193e+01 1.828650863659802769e-02 1.259115093001162045e+01 9.577022495801228441e-01
9.117635792775750758e+00 4.487086385098282193e+01 1.828650863659802769e-02 1.259115093001162045e+01 9.577022495801228441e-01
9.117635792775750758e+00 4.487086385098282193e+01 1.828650863659802769e-02 1.259115093001162045e+01 9.577022495801228441e-01
9.117635792775750758e+00 4.487086385098282193e+01 1.828650863659802769e-02 1.259115093001162045e+01 9.577022495801228441e-01
9.117635792775750758e+00 4.487086385098282193e+01 1.828650863659802769e-02 1.259115093001162045e+01 9.577022495801228441e-01
9.117635792775750758e+00 4.487086385098282193e+01 1.828650863659802769e-02 1.259115093001162045e+01 9.577022495801228441e-01
9.117635792775750758e+00 4.487086385098282193e+01 1.828650863659802769e-02 1.259115093001162045e+01 9.577022495801228441e-01
9.117635792775750758e+00 4.487086385098282193e+01 1.828650863659802769e-02 1.259115093001162045e+01 9.577022495801228441e-01
9.117635792775750758e+00 4.487086385098282193e+01 1.828650863659802769e-02 1.259115093001162045e+01 9.577022495801228441e-01
9.117635792775750758e+00 4.487086385098282193e+01 1.828650863659802769e-02 1.259115093001162045e+01 9.577022495801228441e-01
9.117635792775750758e+00 4.487086385098282193e+01 1.828650863659802769e-02 1.259115093001162045e+01 9.577022495801228441e-01
9.117635792775750758e+00 4.487086385098282193e+01 1.828650863659802769e-02 1.259115093001162045e+01 9.577022495801228441e-01
9.117635792775750758e+00 4.487086385098282193e+01 1.828650863659802769e-02 1.259115093001162045e+01 9.577022495801228441e-01
9.117635792775750758e+00 4.487086385098282193e+01 1.828650863659802769e-02 1.259115093001162045e+01 9.577022495801228441e-01
9.117635792775750758e+00 4.487086385098282193e+01 1.828650863659802769e-02 1.259115093001162045e+01 9.577022495801228441e-01
9.117635792775750758e+00 4.487086385098282193e+01 1.828650863659802769e-02 1.259115093001162045e+01 9.577022495801228441e-01
9.117635792775750758e+00 4.487086385098282193e+01 1.828650863659802769e-02 1.259115093001162045e+01 9.577022495801228441e-01
9.117635792775750758e+00 4.487086385098282193e+01 1.828650863659802769e-02 1.259115093001162045e+01 9.577022495801228441e-01
9.117635792775750758e+00 4.487086385098282193e+01 1.828650863659802769e-02 1.259115093001162045e+01 9.577022495801228441e-01
9.117635792775750758e+00 4.487086385098282193e+01 1.828650863659802769e-02 1.259115093001162045e+01 9.577022495801228441e-01
9.117635792775750758e+00 4.487086385098282193e+01 1.828650863659802769e-02 1.259115093001162045e+01 9.577022495801228441e-01
9.117635792775750758e+00 4.487086385098282193e+01 1.828650863659802769e-02 1.259115093001162045e+01 9.577022495801228441e-01
9.117635792775750758e+00 4.487086385098282193e+01 1.828650863659802769e-02 1.259115093001162045e+01 9.577022495801228441e-01
9.117635792775750758e+00 4.487086385098282193e+01 1.828650863659802769e-02 1.259115093001162045e+01 9.577022495801228441e-01
9.117635792775750758e+00 4.487086385098282193e+01 1.828650863659802769e-02 1.259115093001162045e+01 9.577022495801228441e-01
9.122969593356524243e+00 4.487806745074846049e+01 1.862942321934502737e-02 1.350526591925851783e+01 9.810026903013595589e-01
9.122969593356524243e+00 4.487806745074846049e+01 1.862942321934502737e-02 1.350526591925851783e+01 9.810026903013595589e-01
9.122969593356524243e+00 4.487806745074846049e+01 1.862942321934502737e-02 1.350526591925851783e+01 9.810026903013595589e-01
9.122969593356524243e+00 4.487806745074846049e+01 1.862942321934502737e-02 1.350526591925851783e+01 9.810026903013595589e-01
9.122969593356524243e+00 4.487806745074846049e+01 1.862942321934502737e-02 1.350526591925851783e+01 9.810026903013595589e-01
9.122969593356524243e+00 4.487806745074846049e+01 1.862942321934502737e-02 1.350526591925851783e+01 9.810026903013595589e-01
9.122969593356524243e+00 4.487806745074846049e+01 1.862942321934502737e-02 1.350526591925851783e+01 9.810026903013595589e-01
9.122969593356524243e+00 4.487806745074846049e+01 1.862942321934502737e-02 1.350526591925851783e+01 9.810026903013595589e-01
9.122969593356524243e+00 4.487806745074846049e+01 1.862942321934502737e-02 1.350526591925851783e+01 9.810026903013595589e-01
9.122969593356524243e+00 4.487806745074846049e+01 1.862942321934502737e-02 1.350526591925851783e+01 9.810026903013595589e-01
9.122969593356524243e+00 4.487806745074846049e+01 1.862942321934502737e-02 1.350526591925851783e+01 9.810026903013595589e-01
9.122969593356524243e+00 4.487806745074846049e+01 1.862942321934502737e-02 1.350526591925851783e+01 9.810026903013595589e-01
9.122969593356524243e+00 4.487806745074846049e+01 1.862942321934502737e-02 1.350526591925851783e+01 9.810026903013595589e-01
9.122969593356524243e+00 4.487806745074846049e+01 1.862942321934502737e-02 1.350526591925851783e+01 9.810026903013595589e-01
9.117782680209062462e+00 4.489783561505829113e+01 1.548793753373366167e-02 1.388170283575822772e+01 9.816090889293656030e-01
9.117782680209062462e+00 4.489783561505829113e+01 1.548793753373366167e-02 1.388170283575822772e+01 9.816090889293656030e-01
9.117782680209062462e+00 4.489783561505829113e+01 1.548793753373366167e-02 1.388170283575822772e+01 9.816090889293656030e-01
9.117782680209062462e+00 4.489783561505829113e+01 1.548793753373366167e-02 1.388170283575822772e+01 9.816090889293656030e-01
9.117782680209062462e+00 4.489783561505829113e+01 1.548793753373366167e-02 1.388170283575822772e+01 9.816090889293656030e-01
9.117782680209062462e+00 4.489783561505829113e+01 1.548793753373366167e-02 1.388170283575822772e+01 9.816090889293656030e-01
9.117782680209062462e+00 4.489783561505829113e+01 1.548793753373366167e-02 1.388170283575822772e+01 9.816090889293656030e-01
9.117782680209062462e+00 4.489783561505829113e+01 1.548793753373366167e-02 1.388170283575822772e+01 9.816090889293656030e-01
9.117782680209062462e+00 4.489783561505829113e+01 1.548793753373366167e-02 1.388170283575822772e+01 9.816090889293656030e-01
9.117782680209062462e+00 4.489783561505829113e+01 1.548793753373366167e-02 1.388170283575822772e+01 9.816090889293656030e-01
9.117782680209062462e+00 4.489783561505829113e+01 1.548793753373366167e-02 1.388170283575822772e+01 9.816090889293656030e-01
9.117782680209062462e+00 4.489783561505829113e+01 1.548793753373366167e-02 1.388170283575822772e+01 9.816090889293656030e-01
9.117782680209062462e+00 4.489783561505829113e+01 1.548793753373366167e-02 1.388170283575822772e+01 9.816090889293656030e-01
9.117782680209062462e+00 4.489783561505829113e+01 1.548793753373366167e-02 1.388170283575822772e+01 9.816090889293656030e-01
9.117782680209062462e+00 4.489783561505829113e+01 1.548793753373366167e-02 1.388170283575822772e+01 9.816090889293656030e-01
9.117782680209062462e+00 4.489783561505829113e+01 1.548793753373366167e-02 1.388170283575822772e+01 9.816090889293656030e-01
9.117782680209062462e+00 4.489783561505829113e+01 1.548793753373366167e-02 1.388170283575822772e+01 9.816090889293656030e-01
9.117782680209062462e+00 4.489783561505829113e+01 1.548793753373366167e-02 1.388170283575822772e+01 9.816090889293656030e-01
9.117782680209062462e+00 4.489783561505829113e+01 1.548793753373366167e-02 1.388170283575822772e+01 9.816090889293656030e-01
9.117782680209062462e+00 4.489783561505829113e+01 1.548793753373366167e-02 1.388170283575822772e+01 9.816090889293656030e-01
9.117782680209062462e+00 4.489783561505829113e+01 1.548793753373366167e-02 1.388170283575822772e+01 9.816090889293656030e-01
9.117782680209062462e+00 4.489783561505829113e+01 1.548793753373366167e-02 1.388170283575822772e+01 9.816090889293656030e-01
9.117782680209062462e+00 4.489783561505829113e+01 1.548793753373366167e-02 1.388170283575822772e+01 9.816090889293656030e-01
9.117782680209062462e+00 4.489783561505829113e+01 1.548793753373366167e-02 1.388170283575822772e+01 9.816090889293656030e-01
9.117782680209062462e+00 4.489783561505829113e+01 1.548793753373366167e-02 1.388170283575822772e+01 9.816090889293656030e-01
9.117782680209062462e+00 4.489783561505829113e+01 1.548793753373366167e-02 1.388170283575822772e+01 9.816090889293656030e-01
9.117782680209062462e+00 4.489783561505829113e+01 1.548793753373366167e-02 1.388170283575822772e+01 9.816090889293656030e-01
9.322736561769312758e+00 4.489336924513958849e+01 1.430655051188631233e-02 1.413427382998795245e+01 1.003917852867439731e+00
9.322736561769312758e+00 4.489336924513958849e+01 1.430655051188631233e-02 1.413427382998795245e+01 1.003917852867439731e+00
9.322736561769312758e+00 4.489336924513958849e+01 1.430655051188631233e-02 1.413427382998795245e+01 1.003917852867439731e+00
9.322736561769312758e+00 4.489336924513958849e+01 1.430655051188631233e-02 1.413427382998795245e+01 1.003917852867439731e+00
9.322736561769312758e+00 4.489336924513958849e+01 1.430655051188631233e-02 1.413427382998795245e+01 1.003917852867439731e+00
9.322736561769312758e+00 4.489336924513958849e+01 1.430655051188631233e-02 1.413427382998795245e+01 1.003917852867439731e+00
9.322736561769312758e+00 4.489336924513958849e+01 1.430655051188631233e-02 1.413427382998795245e+01 1.003917852867439731e+00
9.322736561769312758e+00 4.489336924513958849e+01 1.430655051188631233e-02 1.413427382998795245e+01 1.003917852867439731e+00
9.322736561769312758e+00 4.489336924513958849e+01 1.430655051188631233e-02 1.413427382998795245e+01 1.003917852867439731e+00
9.322736561769312758e+00 4.489336924513958849e+01 1.430655051188631233e-02 1.413427382998795245e+01 1.003917852867439731e+00
9.322736561769312758e+00 4.489336924513958849e+01 1.430655051188631233e-02 1.413427382998795245e+01 1.003917852867439731e+00
9.322736561769312758e+00 4.489336924513958849e+01 1.430655051188631233e-02 1.413427382998795245e+01 1.003917852867439731e+00
9.322736561769312758e+00 4.489336924513958849e+01 1.430655051188631233e-02 1.413427382998795245e+01 1.003917852867439731e+00
9.322736561769312758e+00 4.489336924513958849e+01 1.430655051188631233e-02 1.413427382998795245e+01 1.003917852867439731e+00
9.322736561769312758e+00 4.489336924513958849e+01 1.430655051188631233e-02 1.413427382998795245e+01 1.003917852867439731e+00
9.322736561769312758e+00 4.489336924513958849e+01 1.430655051188631233e-02 1.413427382998795245e+01 1.003917852867439731e+00
9.322736561769312758e+00 4.489336924513958849e+01 1.430655051188631233e-02 1.413427382998795245e+01 1.003917852867439731e+00
9.322736561769312758e+00 4.489336924513958849e+01 1.430655051188631233e-02 1.413427382998795245e+01 1.003917852867439731e+00
9.322736561769312758e+00 4.489336924513958849e+01 1.430655051188631233e-02 1.413427382998795245e+01 1.003917852867439731e+00
9.322736561769312758e+00 4.489336924513958849e+01 1.430655051188631233e-02 1.413427382998795245e+01 1.003917852867439731e+00
9.322736561769312758e+00 4.489336924513958849e+01 1.430655051188631233e-02 1.413427382998795245e+01 1.003917852867439731e+00
9.322736561769312758e+00 4.489336924513958849e+01 1.430655051188631233e-02 1.413427382998795245e+01 1.003917852867439731e+00
9.322736561769312758e+00 4.489336924513958849e+01 1.430655051188631233e-02 1.413427382998795245e+01 1.003917852867439731e+00
9.322736561769312758e+00 4.489336924513958849e+01 1.430655051188631233e-02 1.413427382998795245e+01 1.003917852867439731e+00
9.327050889004235401e+00 4.489771911962016304e+01 1.295630807498271940e-02 1.502121332897069195e+01 9.133653945533614094e-01
9.327050889004235401e+00 4.489771911962016304e+01 1.295630807498271940e-02 1.502121332897069195e+01 9.133653945533614094e-01
9.327050889004235401e+00 4.489771911962016304e+01 1.295630807498271940e-02 1.502121332897069195e+01 9.133653945533614094e-01
9.327050889004235401e+00 4.489771911962016304e+01 1.295630807498271940e-02 1.502121332897069195e+01 9.133653945533614094e-01
9.327050889004235401e+00 4.489771911962016304e+01 1.295630807498271940e-02 1.502121332897069195e+01 9.133653945533614094e-01
9.327050889004235401e+00 4.489771911962016304e+01 1.295630807498271940e-02 1.502121332897069195e+01 9.133653945533614094e-01
9.327050889004235401e+00 4.489771911962016304e+01 1.295630807498271940e-02 1.502121332897069195e+01 9.133653945533614094e-01
9.327050889004235401e+00 4.489771911962016304e+01 1.295630807498271940e-02 1.502121332897069195e+01 9.133653945533614094e-01
9.327050889004235401e+00 4.489771911962016304e+01 1.295630807498271940e-02 1.502121332897069195e+01 9.133653945533614094e-01
9.327050889004235401e+00 4.489771911962016304e+01 1.295630807498271940e-02 1.502121332897069195e+01 9.133653945533614094e-01
9.327050889004235401e+00 4.489771911962016304e+01 1.295630807498271940e-02 1.502121332897069195e+01 9.133653945533614094e-01
9.327050889004235401e+00 4.489771911962016304e+01 1.295630807498271940e-02 1.502121332897069195e+01 9.133653945533614094e-01
9.327050889004235401e+00 4.489771911962016304e+01 1.295630807498271940e-02 1.502121332897069195e+01 9.133653945533614094e-01
9.327050889004235401e+00 4.489771911962016304e+01 1.295630807498271940e-02 1.502121332897069195e+01 9.133653945533614094e-01
9.327050889004235401e+00 4.489771911962016304e+01 1.295630807498271940e-02 1.502121332897069195e+01 9.133653945533614094e-01
9.327050889004235401e+00 4.489771911962016304e+01 1.295630807498271940e-02 1.502121332897069195e+01 9.133653945533614094e-01
9.327050889004235401e+00 4.489771911962016304e+01 1.295630807498271940e-02 1.502121332897069195e+01 9.133653945533614094e-01
9.320773488491052916e+00 4.487809299202548630e+01 1.485008901988293245e-02 1.608034008296477779e+01 9.222341193473827525e-01
9.320773488491052916e+00 4.487809299202548630e+01 1.485008901988293245e-02 1.608034008296477779e+01 9.222341193473827525e-01
9.320773488491052916e+00 4.487809299202548630e+01 1.485008901988293245e-02 1.608034008296477779e+01 9.222341193473827525e-01
9.320773488491052916e+00 4.487809299202548630e+01 1.485008901988293245e-02 1.608034008296477779e+01 9.222341193473827525e-01
9.320773488491052916e+00 4.487809299202548630e+01 1.485008901988293245e-02 1.608034008296477779e+01 9.222341193473827525e-01
9.332215648863126489e+00 4.487460181841727547e+01 1.573488102312410250e-02 1.568196710740117616e+01 9.039219918121960129e-01
9.332215648863126489e+00 4.487460181841727547e+01 1.573488102312410250e-02 1.568196710740117616e+01 9.039219918121960129e-01
9.332215648863126489e+00 4.487460181841727547e+01 1.573488102312410250e-02 1.568196710740117616e+01 9.039219918121960129e-01
9.332215648863126489e+00 4.487460181841727547e+01 1.573488102312410250e-02 1.568196710740117616e+01 9.039219918121960129e-01
9.332215648863126489e+00 4.487460181841727547e+01 1.573488102312410250e-02 1.568196710740117616e+01 9.039219918121960129e-01
9.332215648863126489e+00 4.487460181841727547e+01 1.573488102312410250e-02 1.568196710740117616e+01 9.039219918121960129e-01
9.332215648863126489e+00 4.487460181841727547e+01 1.573488102312410250e-02 1.568196710740117616e+01 9.039219918121960129e-01
9.332215648863126489e+00 4.487460181841727547e+01 1.573488102312410250e-02 1.568196710740117616e+01 9.039219918121960129e-01
9.332215648863126489e+00 4.487460181841727547e+01 1.573488102312410250e-02 1.568196710740117616e+01 9.039219918121960129e-01
9.120409660755116832e+00 4.487051750990556798e+01 1.635167943891040893e-02 1.586645612493150992e+01 9.165042160962290074e-01
9.120409660755116832e+00 4.487051750990556798e+01 1.635167943891040893e-02 1.586645612493150992e+01 9.165042160962290074e-01
9.120409660755116832e+00 4.487051750990556798e+01 1.635167943891040893e-02 1.586645612493150992e+01 9.165042160962290074e-01
9.120409660755116832e+00 4.487051750990556798e+01 1.635167943891040893e-02 1.586645612493150992e+01 9.165042160962290074e-01
9.120409660755116832e+00 4.487051750990556798e+01 1.635167943891040893e-02 1.586645612493150992e+01 9.165042160962290074e-01
9.120409660755116832e+00 4.487051750990556798e+01 1.635167943891040893e-02 1.586645612493150992e+01 9.165042160962290074e-01
9.120409660755116832e+00 4.487051750990556798e+01 1.635167943891040893e-02 1.586645612493150992e+01 9.165042160962290074e-01
9.120409660755116832e+00 4.487051750990556798e+01 1.635167943891040893e-02 1.586645612493150992e+01 9.165042160962290074e-01
9.120409660755116832e+00 4.487051750990556798e+01 1.635167943891040893e-02 1.586645612493150992e+01 9.165042160962290074e-01
9.120409660755116832e+00 4.487051750990556798e+01 1.635167943891040893e-02 1.586645612493150992e+01 9.165042160962290074e-01
9.120409660755116832e+00 4.487051750990556798e+01 1.635167943891040893e-02 1.586645612493150992e+01 9.165042160962290074e-01
9.120409660755116832e+00 4.487051750990556798e+01 1.635167943891040893e-02 1.586645612493150992e+01 9.165042160962290074e-01
9.120409660755116832e+00 4.487051750990556798e+01 1.635167943891040893e-02 1.586645612493150992e+01 9.165042160962290074e-01
9.120409660755116832e+00 4.487051750990556798e+01 1.635167943891040893e-02 1.586645612493150992e+01 9.165042160962290074e-01
8.987443167143705836e+00 4.487045959826578212e+01 1.444416845105614758e-02 1.753274475305132540e+01 7.829070180245032429e-01
8.987443167143705836e+00 4.487045959826578212e+01 1.444416845105614758e-02 1.753274475305132540e+01 7.829070180245032429e-01
8.987443167143705836e+00 4.487045959826578212e+01 1.444416845105614758e-02 1.753274475305132540e+01 7.829070180245032429e-01
9.116446838098903882e+00 4.487518251334191888e+01 1.434823636012545062e-02 1.784749238225563772e+01 7.903703920926721249e-01
9.116446838098903882e+00 4.487518251334191888e+01 1.434823636012545062e-02 1.784749238225563772e+01 7.903703920926721249e-01
9.116446838098903882e+00 4.487518251334191888e+01 1.434823636012545062e-02 1.784749238225563772e+01 7.903703920926721249e-01
9.116446838098903882e+00 4.487518251334191888e+01 1.434823636012545062e-02 1.784749238225563772e+01 7.903703920926721249e-01
9.116446838098903882e+00 4.487518251334191888e+01 1.434823636012545062e-02 1.784749238225563772e+01 7.903703920926721249e-01
9.116446838098903882e+00 4.487518251334191888e+01 1.434823636012545062e-02 1.784749238225563772e+01 7.903703920926721249e-01
9.119579418463789722e+00 4.487979939827619802e+01 1.757057859454760895e-02 1.850795874410422925e+01 8.301564049519947197e-01
9.119579418463789722e+00 4.487979939827619802e+01 1.757057859454760895e-02 1.850795874410422925e+01 8.301564049519947197e-01
9.119579418463789722e+00 4.487979939827619802e+01 1.757057859454760895e-02 1.850795874410422925e+01 8.301564049519947197e-01
9.119579418463789722e+00 4.487979939827619802e+01 1.757057859454760895e-02 1.850795874410422925e+01 8.301564049519947197e-01
9.119579418463789722e+00 4.487979939827619802e+01 1.757057859454760895e-02 1.850795874410422925e+01 8.301564049519947197e-01
9.119579418463789722e+00 4.487979939827619802e+01 1.757057859454760895e-02 1.850795874410422925e+01 8.301564049519947197e-01
9.119579418463789722e+00 4.487979939827619802e+01 1.757057859454760895e-02 1.850795874410422925e+01 8.301564049519947197e-01
9.119579418463789722e+00 4.487979939827619802e+01 1.757057859454760895e-02 1.850795874410422925e+01 8.301564049519947197e-01
9.119579418463789722e+00 4.487979939827619802e+01 1.757057859454760895e-02 1.850795874410422925e+01 8.301564049519947197e-01
9.119579418463789722e+00 4.487979939827619802e+01 1.757057859454760895e-02 1.850795874410422925e+01 8.301564049519947197e-01
9.119579418463789722e+00 4.487979939827619802e+01 1.757057859454760895e-02 1.850795874410422925e+01 8.301564049519947197e-01
9.119579418463789722e+00 4.487979939827619802e+01 1.757057859454760895e-02 1.850795874410422925e+01 8.301564049519947197e-01
9.119579418463789722e+00 4.487979939827619802e+01 1.757057859454760895e-02 1.850795874410422925e+01 8.301564049519947197e-01
9.119579418463789722e+00 4.487979939827619802e+01 1.757057859454760895e-02 1.850795874410422925e+01 8.301564049519947197e-01
9.119579418463789722e+00 4.487979939827619802e+01 1.757057859454760895e-02 1.850795874410422925e+01 8.301564049519947197e-01
9.119579418463789722e+00 4.487979939827619802e+01 1.757057859454760895e-02 1.850795874410422925e+01 8.301564049519947197e-01
9.119579418463789722e+00 4.487979939827619802e+01 1.757057859454760895e-02 1.850795874410422925e+01 8.301564049519947197e-01
9.119579418463789722e+00 4.487979939827619802e+01 1.757057859454760895e-02 1.850795874410422925e+01 8.301564049519947197e-01
9.119579418463789722e+00 4.487979939827619802e+01 1.757057859454760895e-02 1.850795874410422925e+01 8.301564049519947197e-01
9.119579418463789722e+00 4.487979939827619802e+01 1.757057859454760895e-02 1.850795874410422925e+01 8.301564049519947197e-01
9.119579418463789722e+00 4.487979939827619802e+01 1.757057859454760895e-02 1.850795874410422925e+01 8.301564049519947197e-01
9.119579418463789722e+00 4.487979939827619802e+01 1.757057859454760895e-02 1.850795874410422925e+01 8.301564049519947197e-01
9.119579418463789722e+00 4.487979939827619802e+01 1.757057859454760895e-02 1.850795874410422925e+01 8.301564049519947197e-01
9.119579418463789722e+00 4.487979939827619802e+01 1.757057859454760895e-02 1.850795874410422925e+01 8.301564049519947197e-01
9.119579418463789722e+00 4.487979939827619802e+01 1.757057859454760895e-02 1.850795874410422925e+01 8.301564049519947197e-01
9.119579418463789722e+00 4.487979939827619802e+01 1.757057859454760895e-02 1.850795874410422925e+01 8.301564049519947197e-01
9.119579418463789722e+00 4.487979939827619802e+01 1.757057859454760895e-02 1.850795874410422925e+01 8.301564049519947197e-01
9.119579418463789722e+00 4.487979939827619802e+01 1.757057859454760895e-02 1.850795874410422925e+01 8.301564049519947197e-01
9.119579418463789722e+00 4.487979939827619802e+01 1.757057859454760895e-02 1.850795874410422925e+01 8.301564049519947197e-01
9.119579418463789722e+00 4.487979939827619802e+01 1.757057859454760895e-02 1.850795874410422925e+01 8.301564049519947197e-01
9.119579418463789722e+00 4.487979939827619802e+01 1.757057859454760895e-02 1.850795874410422925e+01 8.301564049519947197e-01
9.119579418463789722e+00 4.487979939827619802e+01 1.757057859454760895e-02 1.850795874410422925e+01 8.301564049519947197e-01
9.119579418463789722e+00 4.487979939827619802e+01 1.757057859454760895e-02 1.850795874410422925e+01 8.301564049519947197e-01
9.119579418463789722e+00 4.487979939827619802e+01 1.757057859454760895e-02 1.850795874410422925e+01 8.301564049519947197e-01
9.119579418463789722e+00 4.487979939827619802e+01 1.757057859454760895e-02 1.850795874410422925e+01 8.301564049519947197e-01
9.119579418463789722e+00 4.487979939827619802e+01 1.757057859454760895e-02 1.850795874410422925e+01 8.301564049519947197e-01
9.119579418463789722e+00 4.487979939827619802e+01 1.757057859454760895e-02 1.850795874410422925e+01 8.301564049519947197e-01
9.119579418463789722e+00 4.487979939827619802e+01 1.757057859454760895e-02 1.850795874410422925e+01 8.301564049519947197e-01
9.119579418463789722e+00 4.487979939827619802e+01 1.757057859454760895e-02 1.850795874410422925e+01 8.301564049519947197e-01
9.119579418463789722e+00 4.487979939827619802e+01 1.757057859454760895e-02 1.850795874410422925e+01 8.301564049519947197e-01
9.119579418463789722e+00 4.487979939827619802e+01 1.757057859454760895e-02 1.850795874410422925e+01 8.301564049519947197e-01
9.119579418463789722e+00 4.487979939827619802e+01 1.757057859454760895e-02 1.850795874410422925e+01 8.301564049519947197e-01
9.119579418463789722e+00 4.487979939827619802e+01 1.757057859454760895e-02 1.850795874410422925e+01 8.301564049519947197e-01
9.119579418463789722e+00 4.487979939827619802e+01 1.757057859454760895e-02 1.850795874410422925e+01 8.301564049519947197e-01
9.119579418463789722e+00 4.487979939827619802e+01 1.757057859454760895e-02 1.850795874410422925e+01 8.301564049519947197e-01
9.119579418463789722e+00 4.487979939827619802e+01 1.757057859454760895e-02 1.850795874410422925e+01 8.301564049519947197e-01
9.119579418463789722e+00 4.487979939827619802e+01 1.757057859454760895e-02 1.850795874410422925e+01 8.301564049519947197e-01
9.119579418463789722e+00 4.487979939827619802e+01 1.757057859454760895e-02 1.850795874410422925e+01 8.301564049519947197e-01
9.119579418463789722e+00 4.487979939827619802e+01 1.757057859454760895e-02 1.850795874410422925e+01 8.301564049519947197e-01
9.119579418463789722e+00 4.487979939827619802e+01 1.757057859454760895e-02 1.850795874410422925e+01 8.301564049519947197e-01
9.119579418463789722e+00 4.487979939827619802e+01 1.757057859454760895e-02 1.850795874410422925e+01 8.301564049519947197e-01
9.119579418463789722e+00 4.487979939827619802e+01 1.757057859454760895e-02 1.850795874410422925e+01 8.301564049519947197e-01
9.119579418463789722e+00 4.487979939827619802e+01 1.757057859454760895e-02 1.850795874410422925e+01 8.301564049519947197e-01
9.119579418463789722e+00 4.487979939827619802e+01 1.757057859454760895e-02 1.850795874410422925e+01 8.301564049519947197e-01
9.119579418463789722e+00 4.487979939827619802e+01 1.757057859454760895e-02 1.850795874410422925e+01 8.301564049519947197e-01
9.119579418463789722e+00 4.487979939827619802e+01 1.757057859454760895e-02 1.850795874410422925e+01 8.301564049519947197e-01
9.119579418463789722e+00 4.487979939827619802e+01 1.757057859454760895e-02 1.850795874410422925e+01 8.301564049519947197e-01
9.103784461945847895e+00 4.489878330730724088e+01 1.191433250843344088e-02 1.915312514314632608e+01 7.851584643077650361e-01
8.977919150131588921e+00 4.490215392519600357e+01 1.184147050344864366e-02 1.982518016480306500e+01 7.923709095217588150e-01
8.977919150131588921e+00 4.490215392519600357e+01 1.184147050344864366e-02 1.982518016480306500e+01 7.923709095217588150e-01
8.977919150131588921e+00 4.490215392519600357e+01 1.184147050344864366e-02 1.982518016480306500e+01 7.923709095217588150e-01
8.977919150131588921e+00 4.490215392519600357e+01 1.184147050344864366e-02 1.982518016480306500e+01 7.923709095217588150e-01
8.983262720781853616e+00 4.490371291468883896e+01 1.594589465402997466e-02 2.146297870999278956e+01 8.077315330084892109e-01
8.983262720781853616e+00 4.490371291468883896e+01 1.594589465402997466e-02 2.146297870999278956e+01 8.077315330084892109e-01
8.983262720781853616e+00 4.490371291468883896e+01 1.594589465402997466e-02 2.146297870999278956e+01 8.077315330084892109e-01
8.983262720781853616e+00 4.490371291468883896e+01 1.594589465402997466e-02 2.146297870999278956e+01 8.077315330084892109e-01
8.983262720781853616e+00 4.490371291468883896e+01 1.594589465402997466e-02 2.146297870999278956e+01 8.077315330084892109e-01
8.983262720781853616e+00 4.490371291468883896e+01 1.594589465402997466e-02 2.146297870999278956e+01 8.077315330084892109e-01
8.983262720781853616e+00 4.490371291468883896e+01 1.594589465402997466e-02 2.146297870999278956e+01 8.077315330084892109e-01
8.983262720781853616e+00 4.490371291468883896e+01 1.594589465402997466e-02 2.146297870999278956e+01 8.077315330084892109e-01
8.983262720781853616e+00 4.490371291468883896e+01 1.594589465402997466e-02 2.146297870999278956e+01 8.077315330084892109e-01
8.983262720781853616e+00 4.490371291468883896e+01 1.594589465402997466e-02 2.146297870999278956e+01 8.077315330084892109e-01
8.983262720781853616e+00 4.490371291468883896e+01 1.594589465402997466e-02 2.146297870999278956e+01 8.077315330084892109e-01
8.983262720781853616e+00 4.490371291468883896e+01 1.594589465402997466e-02 2.146297870999278956e+01 8.077315330084892109e-01
8.983262720781853616e+00 4.490371291468883896e+01 1.594589465402997466e-02 2.146297870999278956e+01 8.077315330084892109e-01
8.983262720781853616e+00 4.490371291468883896e+01 1.594589465402997466e-02 2.146297870999278956e+01 8.077315330084892109e-01
8.983262720781853616e+00 4.490371291468883896e+01 1.594589465402997466e-02 2.146297870999278956e+01 8.077315330084892109e-01
8.983262720781853616e+00 4.490371291468883896e+01 1.594589465402997466e-02 2.146297870999278956e+01 8.077315330084892109e-01
8.983262720781853616e+00 4.490371291468883896e+01 1.594589465402997466e-02 2.146297870999278956e+01 8.077315330084892109e-01
8.983262720781853616e+00 4.490371291468883896e+01 1.594589465402997466e-02 2.146297870999278956e+01 8.077315330084892109e-01
8.983262720781853616e+00 4.490371291468883896e+01 1.594589465402997466e-02 2.146297870999278956e+01 8.077315330084892109e-01
8.983262720781853616e+00 4.490371291468883896e+01 1.594589465402997466e-02 2.146297870999278956e+01 8.077315330084892109e-01
8.983262720781853616e+00 4.490371291468883896e+01 1.594589465402997466e-02 2.146297870999278956e+01 8.077315330084892109e-01
8.983262720781853616e+00 4.490371291468883896e+01 1.594589465402997466e-02 2.146297870999278956e+01 8.077315330084892109e-01
8.983262720781853616e+00 4.490371291468883896e+01 1.594589465402997466e-02 2.146297870999278956e+01 8.077315330084892109e-01
8.983262720781853616e+00 4.490371291468883896e+01 1.594589465402997466e-02 2.146297870999278956e+01 8.077315330084892109e-01
8.983262720781853616e+00 4.490371291468883896e+01 1.594589465402997466e-02 2.146297870999278956e+01 8.077315330084892109e-01
8.983262720781853616e+00 4.490371291468883896e+01 1.594589465402997466e-02 2.146297870999278956e+01 8.077315330084892109e-01
8.983262720781853616e+00 4.490371291468883896e+01 1.594589465402997466e-02 2.146297870999278956e+01 8.077315330084892109e-01
8.983262720781853616e+00 4.490371291468883896e+01 1.594589465402997466e-02 2.146297870999278956e+01 8.077315330084892109e-01
8.983262720781853616e+00 4.490371291468883896e+01 1.594589465402997466e-02 2.146297870999278956e+01 8.077315330084892109e-01
8.983262720781853616e+00 4.490371291468883896e+01 1.594589465402997466e-02 2.146297870999278956e+01 8.077315330084892109e-01
8.983262720781853616e+00 4.490371291468883896e+01 1.594589465402997466e-02 2.146297870999278956e+01 8.077315330084892109e-01
8.983262720781853616e+00 4.490371291468883896e+01 1.594589465402997466e-02 2.146297870999278956e+01 8.077315330084892109e-01
8.983262720781853616e+00 4.490371291468883896e+01 1.594589465402997466e-02 2.146297870999278956e+01 8.077315330084892109e-01
8.983262720781853616e+00 4.490371291468883896e+01 1.594589465402997466e-02 2.146297870999278956e+01 8.077315330084892109e-01
8.983262720781853616e+00 4.490371291468883896e+01 1.594589465402997466e-02 2.146297870999278956e+01 8.077315330084892109e-01
8.983262720781853616e+00 4.490371291468883896e+01 1.594589465402997466e-02 2.146297870999278956e+01 8.077315330084892109e-01
8.983262720781853616e+00 4.490371291468883896e+01 1.594589465402997466e-02 2.146297870999278956e+01 8.077315330084892109e-01
8.983262720781853616e+00 4.490371291468883896e+01 1.594589465402997466e-02 2.146297870999278956e+01 8.077315330084892109e-01
8.983262720781853616e+00 4.490371291468883896e+01 1.594589465402997466e-02 2.146297870999278956e+01 8.077315330084892109e-01
8.983262720781853616e+00 4.490371291468883896e+01 1.594589465402997466e-02 2.146297870999278956e+01 8.077315330084892109e-01
8.983262720781853616e+00 4.490371291468883896e+01 1.594589465402997466e-02 2.146297870999278956e+01 8.077315330084892109e-01
8.983262720781853616e+00 4.490371291468883896e+01 1.594589465402997466e-02 2.146297870999278956e+01 8.077315330084892109e-01
8.983262720781853616e+00 4.490371291468883896e+01 1.594589465402997466e-02 2.146297870999278956e+01 8.077315330084892109e-01
8.983262720781853616e+00 4.490371291468883896e+01 1.594589465402997466e-02 2.146297870999278956e+01 8.077315330084892109e-01
8.983262720781853616e+00 4.490371291468883896e+01 1.594589465402997466e-02 2.146297870999278956e+01 8.077315330084892109e-01
8.983262720781853616e+00 4.490371291468883896e+01 1.594589465402997466e-02 2.146297870999278956e+01 8.077315330084892109e-01
9.107813908151005222e+00 4.489566473879939679e+01 1.846046829100658759e-02 2.194957461169240531e+01 8.146739277216763497e-01
9.107813908151005222e+00 4.489566473879939679e+01 1.846046829100658759e-02 2.194957461169240531e+01 8.146739277216763497e-01
9.107813908151005222e+00 4.489566473879939679e+01 1.846046829100658759e-02 2.194957461169240531e+01 8.146739277216763497e-01
9.107813908151005222e+00 4.489566473879939679e+01 1.846046829100658759e-02 2.194957461169240531e+01 8.146739277216763497e-01
9.107813908151005222e+00 4.489566473879939679e+01 1.846046829100658759e-02 2.194957461169240531e+01 8.146739277216763497e-01
9.107813908151005222e+00 4.489566473879939679e+01 1.846046829100658759e-02 2.194957461169240531e+01 8.146739277216763497e-01
9.107813908151005222e+00 4.489566473879939679e+01 1.846046829100658759e-02 2.194957461169240531e+01 8.146739277216763497e-01
9.107813908151005222e+00 4.489566473879939679e+01 1.846046829100658759e-02 2.194957461169240531e+01 8.146739277216763497e-01
9.107813908151005222e+00 4.489566473879939679e+01 1.846046829100658759e-02 2.194957461169240531e+01 8.146739277216763497e-01
9.107813908151005222e+00 4.489566473879939679e+01 1.846046829100658759e-02 2.194957461169240531e+01 8.146739277216763497e-01
9.107813908151005222e+00 4.489566473879939679e+01 1.846046829100658759e-02 2.194957461169240531e+01 8.146739277216763497e-01
9.107813908151005222e+00 4.489566473879939679e+01 1.846046829100658759e-02 2.194957461169240531e+01 8.146739277216763497e-01
9.107813908151005222e+00 4.489566473879939679e+01 1.846046829100658759e-02 2.194957461169240531e+01 8.146739277216763497e-01
9.107813908151005222e+00 4.489566473879939679e+01 1.846046829100658759e-02 2.194957461169240531e+01 8.146739277216763497e-01
9.107813908151005222e+00 4.489566473879939679e+01 1.846046829100658759e-02 2.194957461169240531e+01 8.146739277216763497e-01
9.107813908151005222e+00 4.489566473879939679e+01 1.846046829100658759e-02 2.194957461169240531e+01 8.146739277216763497e-01
9.107813908151005222e+00 4.489566473879939679e+01 1.846046829100658759e-02 2.194957461169240531e+01 8.146739277216763497e-01
9.107813908151005222e+00 4.489566473879939679e+01 1.846046829100658759e-02 2.194957461169240531e+01 8.146739277216763497e-01
9.107813908151005222e+00 4.489566473879939679e+01 1.846046829100658759e-02 2.194957461169240531e+01 8.146739277216763497e-01
9.107813908151005222e+00 4.489566473879939679e+01 1.846046829100658759e-02 2.194957461169240531e+01 8.146739277216763497e-01
9.107813908151005222e+00 4.489566473879939679e+01 1.846046829100658759e-02 2.194957461169240531e+01 8.146739277216763497e-01
9.107813908151005222e+00 4.489566473879939679e+01 1.846046829100658759e-02 2.194957461169240531e+01 8.146739277216763497e-01
9.107813908151005222e+00 4.489566473879939679e+01 1.846046829100658759e-02 2.194957461169240531e+01 8.146739277216763497e-01
9.107813908151005222e+00 4.489566473879939679e+01 1.846046829100658759e-02 2.194957461169240531e+01 8.146739277216763497e-01
9.107813908151005222e+00 4.489566473879939679e+01 1.846046829100658759e-02 2.194957461169240531e+01 8.146739277216763497e-01
9.107813908151005222e+00 4.489566473879939679e+01 1.846046829100658759e-02 2.194957461169240531e+01 8.146739277216763497e-01
9.107813908151005222e+00 4.489566473879939679e+01 1.846046829100658759e-02 2.194957461169240531e+01 8.146739277216763497e-01
9.107813908151005222e+00 4.489566473879939679e+01 1.846046829100658759e-02 2.194957461169240531e+01 8.146739277216763497e-01
9.107813908151005222e+00 4.489566473879939679e+01 1.846046829100658759e-02 2.194957461169240531e+01 8.146739277216763497e-01
9.107813908151005222e+00 4.489566473879939679e+01 1.846046829100658759e-02 2.194957461169240531e+01 8.146739277216763497e-01
9.107813908151005222e+00 4.489566473879939679e+01 1.846046829100658759e-02 2.194957461169240531e+01 8.146739277216763497e-01
9.107813908151005222e+00 4.489566473879939679e+01 1.846046829100658759e-02 2.194957461169240531e+01 8.146739277216763497e-01
9.107813908151005222e+00 4.489566473879939679e+01 1.846046829100658759e-02 2.194957461169240531e+01 8.146739277216763497e-01
9.107813908151005222e+00 4.489566473879939679e+01 1.846046829100658759e-02 2.194957461169240531e+01 8.146739277216763497e-01
9.107813908151005222e+00 4.489566473879939679e+01 1.846046829100658759e-02 2.194957461169240531e+01 8.146739277216763497e-01
9.107813908151005222e+00 4.489566473879939679e+01 1.846046829100658759e-02 2.194957461169240531e+01 8.146739277216763497e-01
9.107813908151005222e+00 4.489566473879939679e+01 1.846046829100658759e-02 2.194957461169240531e+01 8.146739277216763497e-01
9.107813908151005222e+00 4.489566473879939679e+01 1.846046829100658759e-02 2.194957461169240531e+01 8.146739277216763497e-01
9.107813908151005222e+00 4.489566473879939679e+01 1.846046829100658759e-02 2.194957461169240531e+01 8.146739277216763497e-01
9.107813908151005222e+00 4.489566473879939679e+01 1.846046829100658759e-02 2.194957461169240531e+01 8.146739277216763497e-01
9.107813908151005222e+00 4.489566473879939679e+01 1.846046829100658759e-02 2.194957461169240531e+01 8.146739277216763497e-01
9.107813908151005222e+00 4.489566473879939679e+01 1.846046829100658759e-02 2.194957461169240531e+01 8.146739277216763497e-01
9.107813908151005222e+00 4.489566473879939679e+01 1.846046829100658759e-02 2.194957461169240531e+01 8.146739277216763497e-01
9.107813908151005222e+00 4.489566473879939679e+01 1.846046829100658759e-02 2.194957461169240531e+01 8.146739277216763497e-01
9.107813908151005222e+00 4.489566473879939679e+01 1.846046829100658759e-02 2.194957461169240531e+01 8.146739277216763497e-01
9.107813908151005222e+00 4.489566473879939679e+01 1.846046829100658759e-02 2.194957461169240531e+01 8.146739277216763497e-01
9.107813908151005222e+00 4.489566473879939679e+01 1.846046829100658759e-02 2.194957461169240531e+01 8.146739277216763497e-01
9.107813908151005222e+00 4.489566473879939679e+01 1.846046829100658759e-02 2.194957461169240531e+01 8.146739277216763497e-01
9.107813908151005222e+00 4.489566473879939679e+01 1.846046829100658759e-02 2.194957461169240531e+01 8.146739277216763497e-01
9.107813908151005222e+00 4.489566473879939679e+01 1.846046829100658759e-02 2.194957461169240531e+01 8.146739277216763497e-01
9.107252654903302158e+00 4.490805868198165030e+01 1.571878048721426710e-02 2.233911596173616942e+01 7.504097371909232983e-01
9.107252654903302158e+00 4.490805868198165030e+01 1.571878048721426710e-02 2.233911596173616942e+01 7.504097371909232983e-01
9.107252654903302158e+00 4.490805868198165030e+01 1.571878048721426710e-02 2.233911596173616942e+01 7.504097371909232983e-01
9.107252654903302158e+00 4.490805868198165030e+01 1.571878048721426710e-02 2.233911596173616942e+01 7.504097371909232983e-01
9.107252654903302158e+00 4.490805868198165030e+01 1.571878048721426710e-02 2.233911596173616942e+01 7.504097371909232983e-01
9.107252654903302158e+00 4.490805868198165030e+01 1.571878048721426710e-02 2.233911596173616942e+01 7.504097371909232983e-01
9.107252654903302158e+00 4.490805868198165030e+01 1.571878048721426710e-02 2.233911596173616942e+01 7.504097371909232983e-01
9.107252654903302158e+00 4.490805868198165030e+01 1.571878048721426710e-02 2.233911596173616942e+01 7.504097371909232983e-01
9.107252654903302158e+00 4.490805868198165030e+01 1.571878048721426710e-02 2.233911596173616942e+01 7.504097371909232983e-01
9.107252654903302158e+00 4.490805868198165030e+01 1.571878048721426710e-02 2.233911596173616942e+01 7.504097371909232983e-01
9.107252654903302158e+00 4.490805868198165030e+01 1.571878048721426710e-02 2.233911596173616942e+01 7.504097371909232983e-01
9.107252654903302158e+00 4.490805868198165030e+01 1.571878048721426710e-02 2.233911596173616942e+01 7.504097371909232983e-01
9.107252654903302158e+00 4.490805868198165030e+01 1.571878048721426710e-02 2.233911596173616942e+01 7.504097371909232983e-01
9.111568855076926710e+00 4.491810325151887184e+01 1.307816311956118763e-02 2.210645694551214646e+01 7.773475023022520247e-01
9.111568855076926710e+00 4.491810325151887184e+01 1.307816311956118763e-02 2.210645694551214646e+01 7.773475023022520247e-01
9.111568855076926710e+00 4.491810325151887184e+01 1.307816311956118763e-02 2.210645694551214646e+01 7.773475023022520247e-01
9.111568855076926710e+00 4.491810325151887184e+01 1.307816311956118763e-02 2.210645694551214646e+01 7.773475023022520247e-01
9.111568855076926710e+00 4.491810325151887184e+01 1.307816311956118763e-02 2.210645694551214646e+01 7.773475023022520247e-01
9.111568855076926710e+00 4.491810325151887184e+01 1.307816311956118763e-02 2.210645694551214646e+01 7.773475023022520247e-01
9.111568855076926710e+00 4.491810325151887184e+01 1.307816311956118763e-02 2.210645694551214646e+01 7.773475023022520247e-01
9.111568855076926710e+00 4.491810325151887184e+01 1.307816311956118763e-02 2.210645694551214646e+01 7.773475023022520247e-01
9.111568855076926710e+00 4.491810325151887184e+01 1.307816311956118763e-02 2.210645694551214646e+01 7.773475023022520247e-01
9.111568855076926710e+00 4.491810325151887184e+01 1.307816311956118763e-02 2.210645694551214646e+01 7.773475023022520247e-01
9.111568855076926710e+00 4.491810325151887184e+01 1.307816311956118763e-02 2.210645694551214646e+01 7.773475023022520247e-01
9.111568855076926710e+00 4.491810325151887184e+01 1.307816311956118763e-02 2.210645694551214646e+01 7.773475023022520247e-01
9.111568855076926710e+00 4.491810325151887184e+01 1.307816311956118763e-02 2.210645694551214646e+01 7.773475023022520247e-01
9.111568855076926710e+00 4.491810325151887184e+01 1.307816311956118763e-02 2.210645694551214646e+01 7.773475023022520247e-01
9.111568855076926710e+00 4.491810325151887184e+01 1.307816311956118763e-02 2.210645694551214646e+01 7.773475023022520247e-01
9.111568855076926710e+00 4.491810325151887184e+01 1.307816311956118763e-02 2.210645694551214646e+01 7.773475023022520247e-01
9.111568855076926710e+00 4.491810325151887184e+01 1.307816311956118763e-02 2.210645694551214646e+01 7.773475023022520247e-01
9.111568855076926710e+00 4.491810325151887184e+01 1.307816311956118763e-02 2.210645694551214646e+01 7.773475023022520247e-01
9.111568855076926710e+00 4.491810325151887184e+01 1.307816311956118763e-02 2.210645694551214646e+01 7.773475023022520247e-01
9.111568855076926710e+00 4.491810325151887184e+01 1.307816311956118763e-02 2.210645694551214646e+01 7.773475023022520247e-01
9.111568855076926710e+00 4.491810325151887184e+01 1.307816311956118763e-02 2.210645694551214646e+01 7.773475023022520247e-01
9.111568855076926710e+00 4.491810325151887184e+01 1.307816311956118763e-02 2.210645694551214646e+01 7.773475023022520247e-01
9.111568855076926710e+00 4.491810325151887184e+01 1.307816311956118763e-02 2.210645694551214646e+01 7.773475023022520247e-01
9.111568855076926710e+00 4.491810325151887184e+01 1.307816311956118763e-02 2.210645694551214646e+01 7.773475023022520247e-01
9.111568855076926710e+00 4.491810325151887184e+01 1.307816311956118763e-02 2.210645694551214646e+01 7.773475023022520247e-01
9.111568855076926710e+00 4.491810325151887184e+01 1.307816311956118763e-02 2.210645694551214646e+01 7.773475023022520247e-01
9.111568855076926710e+00 4.491810325151887184e+01 1.307816311956118763e-02 2.210645694551214646e+01 7.773475023022520247e-01
9.111568855076926710e+00 4.491810325151887184e+01 1.307816311956118763e-02 2.210645694551214646e+01 7.773475023022520247e-01
9.111568855076926710e+00 4.491810325151887184e+01 1.307816311956118763e-02 2.210645694551214646e+01 7.773475023022520247e-01
9.111568855076926710e+00 4.491810325151887184e+01 1.307816311956118763e-02 2.210645694551214646e+01 7.773475023022520247e-01
9.111568855076926710e+00 4.491810325151887184e+01 1.307816311956118763e-02 2.210645694551214646e+01 7.773475023022520247e-01
9.111568855076926710e+00 4.491810325151887184e+01 1.307816311956118763e-02 2.210645694551214646e+01 7.773475023022520247e-01
9.111568855076926710e+00 4.491810325151887184e+01 1.307816311956118763e-02 2.210645694551214646e+01 7.773475023022520247e-01
9.112282682780747933e+00 4.491147216188678470e+01 1.316116026389902056e-02 2.273909704884895078e+01 7.036141216698835743e-01
9.112282682780747933e+00 4.491147216188678470e+01 1.316116026389902056e-02 2.273909704884895078e+01 7.036141216698835743e-01
9.112282682780747933e+00 4.491147216188678470e+01 1.316116026389902056e-02 2.273909704884895078e+01 7.036141216698835743e-01
9.112282682780747933e+00 4.491147216188678470e+01 1.316116026389902056e-02 2.273909704884895078e+01 7.036141216698835743e-01
9.113098789853944837e+00 4.492777779020856599e+01 1.423618968862130907e-02 2.221077421290289777e+01 6.989976088187459524e-01
9.113098789853944837e+00 4.492777779020856599e+01 1.423618968862130907e-02 2.221077421290289777e+01 6.989976088187459524e-01
9.113098789853944837e+00 4.492777779020856599e+01 1.423618968862130907e-02 2.221077421290289777e+01 6.989976088187459524e-01
9.113098789853944837e+00 4.492777779020856599e+01 1.423618968862130907e-02 2.221077421290289777e+01 6.989976088187459524e-01
9.113098789853944837e+00 4.492777779020856599e+01 1.423618968862130907e-02 2.221077421290289777e+01 6.989976088187459524e-01
9.113098789853944837e+00 4.492777779020856599e+01 1.423618968862130907e-02 2.221077421290289777e+01 6.989976088187459524e-01
9.113098789853944837e+00 4.492777779020856599e+01 1.423618968862130907e-02 2.221077421290289777e+01 6.989976088187459524e-01
9.113098789853944837e+00 4.492777779020856599e+01 1.423618968862130907e-02 2.221077421290289777e+01 6.989976088187459524e-01
9.113098789853944837e+00 4.492777779020856599e+01 1.423618968862130907e-02 2.221077421290289777e+01 6.989976088187459524e-01
9.113098789853944837e+00 4.492777779020856599e+01 1.423618968862130907e-02 2.221077421290289777e+01 6.989976088187459524e-01
9.113098789853944837e+00 4.492777779020856599e+01 1.423618968862130907e-02 2.221077421290289777e+01 6.989976088187459524e-01
9.113098789853944837e+00 4.492777779020856599e+01 1.423618968862130907e-02 2.221077421290289777e+01 6.989976088187459524e-01
9.113098789853944837e+00 4.492777779020856599e+01 1.423618968862130907e-02 2.221077421290289777e+01 6.989976088187459524e-01
9.113098789853944837e+00 4.492777779020856599e+01 1.423618968862130907e-02 2.221077421290289777e+01 6.989976088187459524e-01
9.113098789853944837e+00 4.492777779020856599e+01 1.423618968862130907e-02 2.221077421290289777e+01 6.989976088187459524e-01
9.113098789853944837e+00 4.492777779020856599e+01 1.423618968862130907e-02 2.221077421290289777e+01 6.989976088187459524e-01
9.113098789853944837e+00 4.492777779020856599e+01 1.423618968862130907e-02 2.221077421290289777e+01 6.989976088187459524e-01
9.094516796540936809e+00 4.494518610592730568e+01 1.685370109769632196e-02 2.334611009426457073e+01 7.302407525283328704e-01
9.094516796540936809e+00 4.494518610592730568e+01 1.685370109769632196e-02 2.334611009426457073e+01 7.302407525283328704e-01
9.094516796540936809e+00 4.494518610592730568e+01 1.685370109769632196e-02 2.334611009426457073e+01 7.302407525283328704e-01
9.094516796540936809e+00 4.494518610592730568e+01 1.685370109769632196e-02 2.334611009426457073e+01 7.302407525283328704e-01
9.094516796540936809e+00 4.494518610592730568e+01 1.685370109769632196e-02 2.334611009426457073e+01 7.302407525283328704e-01
9.094516796540936809e+00 4.494518610592730568e+01 1.685370109769632196e-02 2.334611009426457073e+01 7.302407525283328704e-01
9.094516796540936809e+00 4.494518610592730568e+01 1.685370109769632196e-02 2.334611009426457073e+01 7.302407525283328704e-01
9.094516796540936809e+00 4.494518610592730568e+01 1.685370109769632196e-02 2.334611009426457073e+01 7.302407525283328704e-01
9.094516796540936809e+00 4.494518610592730568e+01 1.685370109769632196e-02 2.334611009426457073e+01 7.302407525283328704e-01
9.094516796540936809e+00 4.494518610592730568e+01 1.685370109769632196e-02 2.334611009426457073e+01 7.302407525283328704e-01
9.094516796540936809e+00 4.494518610592730568e+01 1.685370109769632196e-02 2.334611009426457073e+01 7.302407525283328704e-01
9.094516796540936809e+00 4.494518610592730568e+01 1.685370109769632196e-02 2.334611009426457073e+01 7.302407525283328704e-01
9.094516796540936809e+00 4.494518610592730568e+01 1.685370109769632196e-02 2.334611009426457073e+01 7.302407525283328704e-01
9.094516796540936809e+00 4.494518610592730568e+01 1.685370109769632196e-02 2.334611009426457073e+01 7.302407525283328704e-01
9.094516796540936809e+00 4.494518610592730568e+01 1.685370109769632196e-02 2.334611009426457073e+01 7.302407525283328704e-01
9.094516796540936809e+00 4.494518610592730568e+01 1.685370109769632196e-02 2.334611009426457073e+01 7.302407525283328704e-01
9.094516796540936809e+00 4.494518610592730568e+01 1.685370109769632196e-02 2.334611009426457073e+01 7.302407525283328704e-01
9.094516796540936809e+00 4.494518610592730568e+01 1.685370109769632196e-02 2.334611009426457073e+01 7.302407525283328704e-01
9.094516796540936809e+00 4.494518610592730568e+01 1.685370109769632196e-02 2.334611009426457073e+01 7.302407525283328704e-01
9.094516796540936809e+00 4.494518610592730568e+01 1.685370109769632196e-02 2.334611009426457073e+01 7.302407525283328704e-01
9.094516796540936809e+00 4.494518610592730568e+01 1.685370109769632196e-02 2.334611009426457073e+01 7.302407525283328704e-01
9.094516796540936809e+00 4.494518610592730568e+01 1.685370109769632196e-02 2.334611009426457073e+01 7.302407525283328704e-01
9.094516796540936809e+00 4.494518610592730568e+01 1.685370109769632196e-02 2.334611009426457073e+01 7.302407525283328704e-01
9.094516796540936809e+00 4.494518610592730568e+01 1.685370109769632196e-02 2.334611009426457073e+01 7.302407525283328704e-01
9.094516796540936809e+00 4.494518610592730568e+01 1.685370109769632196e-02 2.334611009426457073e+01 7.302407525283328704e-01
9.094516796540936809e+00 4.494518610592730568e+01 1.685370109769632196e-02 2.334611009426457073e+01 7.302407525283328704e-01
9.094516796540936809e+00 4.494518610592730568e+01 1.685370109769632196e-02 2.334611009426457073e+01 7.302407525283328704e-01
9.094516796540936809e+00 4.494518610592730568e+01 1.685370109769632196e-02 2.334611009426457073e+01 7.302407525283328704e-01
9.094516796540936809e+00 4.494518610592730568e+01 1.685370109769632196e-02 2.334611009426457073e+01 7.302407525283328704e-01
9.094516796540936809e+00 4.494518610592730568e+01 1.685370109769632196e-02 2.334611009426457073e+01 7.302407525283328704e-01
9.094516796540936809e+00 4.494518610592730568e+01 1.685370109769632196e-02 2.334611009426457073e+01 7.302407525283328704e-01
9.094516796540936809e+00 4.494518610592730568e+01 1.685370109769632196e-02 2.334611009426457073e+01 7.302407525283328704e-01
9.094516796540936809e+00 4.494518610592730568e+01 1.685370109769632196e-02 2.334611009426457073e+01 7.302407525283328704e-01
9.094516796540936809e+00 4.494518610592730568e+01 1.685370109769632196e-02 2.334611009426457073e+01 7.302407525283328704e-01
9.094516796540936809e+00 4.494518610592730568e+01 1.685370109769632196e-02 2.334611009426457073e+01 7.302407525283328704e-01
9.094516796540936809e+00 4.494518610592730568e+01 1.685370109769632196e-02 2.334611009426457073e+01 7.302407525283328704e-01
9.094516796540936809e+00 4.494518610592730568e+01 1.685370109769632196e-02 2.334611009426457073e+01 7.302407525283328704e-01
9.094516796540936809e+00 4.494518610592730568e+01 1.685370109769632196e-02 2.334611009426457073e+01 7.302407525283328704e-01
9.094516796540936809e+00 4.494518610592730568e+01 1.685370109769632196e-02 2.334611009426457073e+01 7.302407525283328704e-01
9.094516796540936809e+00 4.494518610592730568e+01 1.685370109769632196e-02 2.334611009426457073e+01 7.302407525283328704e-01
9.094516796540936809e+00 4.494518610592730568e+01 1.685370109769632196e-02 2.334611009426457073e+01 7.302407525283328704e-01
8.968989695303427823e+00 4.493216888766099970e+01 1.602529690126030734e-02 2.278233347889582916e+01 7.062564460827095436e-01
8.968989695303427823e+00 4.493216888766099970e+01 1.602529690126030734e-02 2.278233347889582916e+01 7.062564460827095436e-01
8.971905841888418109e+00 4.492961363010328313e+01 1.553074717879151037e-02 2.121465118275217066e+01 6.926710811683997049e-01
8.971905841888418109e+00 4.492961363010328313e+01 1.553074717879151037e-02 2.121465118275217066e+01 6.926710811683997049e-01
8.971905841888418109e+00 4.492961363010328313e+01 1.553074717879151037e-02 2.121465118275217066e+01 6.926710811683997049e-01
8.971905841888418109e+00 4.492961363010328313e+01 1.553074717879151037e-02 2.121465118275217066e+01 6.926710811683997049e-01
8.971905841888418109e+00 4.492961363010328313e+01 1.553074717879151037e-02 2.121465118275217066e+01 6.926710811683997049e-01
8.971905841888418109e+00 4.492961363010328313e+01 1.553074717879151037e-02 2.121465118275217066e+01 6.926710811683997049e-01
8.971905841888418109e+00 4.492961363010328313e+01 1.553074717879151037e-02 2.121465118275217066e+01 6.926710811683997049e-01
8.971905841888418109e+00 4.492961363010328313e+01 1.553074717879151037e-02 2.121465118275217066e+01 6.926710811683997049e-01
8.971905841888418109e+00 4.492961363010328313e+01 1.553074717879151037e-02 2.121465118275217066e+01 6.926710811683997049e-01
8.971905841888418109e+00 4.492961363010328313e+01 1.553074717879151037e-02 2.121465118275217066e+01 6.926710811683997049e-01
8.971905841888418109e+00 4.492961363010328313e+01 1.553074717879151037e-02 2.121465118275217066e+01 6.926710811683997049e-01
8.971905841888418109e+00 4.492961363010328313e+01 1.553074717879151037e-02 2.121465118275217066e+01 6.926710811683997049e-01
8.971905841888418109e+00 4.492961363010328313e+01 1.553074717879151037e-02 2.121465118275217066e+01 6.926710811683997049e-01
8.971905841888418109e+00 4.492961363010328313e+01 1.553074717879151037e-02 2.121465118275217066e+01 6.926710811683997049e-01
8.971905841888418109e+00 4.492961363010328313e+01 1.553074717879151037e-02 2.121465118275217066e+01 6.926710811683997049e-01
