FeH,v_phi,label
-1.0003521019867188,104.40974575522668,0
-2.136491250466954,47.97707650053937,3
-1.1098229818550815,-9.950882536387809,1
-1.0469567437652538,97.67662358198504,0
-0.7747917148281833,118.46071077846442,0
-1.9008511712948353,19.267568231294582,1
-1.5496521238809895,189.4223617360509,2
-0.9935447807549083,86.7135844580917,0
-1.654498880775648,25.315639738194314,3
-0.41576659337595834,122.48388213553686,0
-1.228173777614543,184.9771198906918,2
-1.0120049270811857,176.21561297132868,2
-1.2775440199332122,3.3714795159847135,1
-2.239552752725771,-5.094691356727747,1
-1.0429152534930202,26.70727729088305,3
-1.816308274996597,5.433150009640297,1
-0.808950247734351,150.0467852061014,2
-1.2543603001860153,122.84691376654972,0
-1.4055258693333292,121.86841746301583,0
-1.2197344436244681,110.4094010872989,0
-2.3307748260736667,6.516507580807884,1
-0.7567251415532515,101.06986670211501,0
-1.329408835159832,29.501826252061015,3
-1.8482871870099364,76.673067422076,3
-0.3990227779089795,125.05548784384874,0
-0.9650843544673398,125.35778180360491,0
-1.3356985710219602,135.6605442248056,0
-1.8859584101213314,-21.07397040740107,1
-1.4858362730339645,161.32576816472084,2
-0.6298412186276622,136.11606210263244,0
-0.9457904372687368,105.35466578134749,0
-2.091618548192919,37.17710475030427,3
-2.3473893331419124,10.68669992687716,1
-2.2545747279679196,7.172547292961623,1
-0.7694284163189646,82.91572355018386,0
-1.105807980955749,173.6935623047532,2
-2.264715671594296,50.14040723239322,3
-0.976623482448108,133.00514931734935,0
-1.416563324386787,198.77290377753178,2
-0.5865877778007542,130.18167130651292,0
-1.4320165954573336,30.17327153825482,3
-0.533603927772142,100.7611080311383,0
-0.7809696362085008,130.9409936910212,0
-2.402046598530524,-10.954182328282442,1
-0.7050152826365105,138.5846378935383,0
-2.23978105165081,21.70080814658536,1
-1.6429418026595517,51.26736996893355,3
-1.008373234320207,101.86963745769697,0
-1.4595146742310212,30.36801923255856,3
-1.9448785925978183,11.29402110422244,1
-0.9095580926474713,58.01554889811819,3
-0.4537793352363154,125.19361943980017,0
-0.9287031862744497,124.0860936410237,0
-2.129450478363438,7.915905600923896,1
-1.9533333938799133,70.41338450338628,3
-1.7879021092735772,-24.286485745007766,1
-1.9111649208556372,21.314975179050105,1
-1.17639647639072,120.6980333330245,0
-2.3368487187123357,30.013201853082375,3
-2.201756331829249,51.036017818583474,3
-2.2990674793420434,3.9721026887848545,1
-0.3573864189623552,147.72056183113224,2
-1.8367851201578862,60.23162262047601,3
-1.1850027010395747,65.86133749570321,3
-1.4837573886985693,179.91087700690082,2
-0.8996395765105758,175.77516357894592,2
-1.6707166742836046,30.995016489377306,3
-0.5245537459921631,160.48039225037513,2
-1.5516733164929217,-61.097814298127986,1
-0.8472923148670233,103.01203523833742,0
-3.237986116081943,34.97493414063677,3
-0.6708707107071004,109.7898061102168,0
-1.1485786193691432,73.2461122253969,3
-1.7756288922893972,194.32057226664267,2
-1.0475451069434834,157.7832265663733,2
-1.6883079446928786,24.955026397522857,3
-1.5808939399736093,152.39391777251873,2
-1.333451426509517,110.88506937783943,0
-0.8840724995940573,43.917126149409384,3
-0.7287050107508272,129.44390330080836,0
-0.5979250560915659,126.26454017247822,0
-2.1969717346882387,8.917004375063394,1
-2.1766932309662996,58.211141451168295,3
-1.058463984322991,75.65345330074896,3
-1.6722181042363375,45.836916016070624,3
-1.774036531803388,6.585016534797223,1
-2.185380912109784,-23.727691286197476,1
-2.794744124144811,46.17115582403885,3
-2.187425518330136,15.816535027955766,1
-1.2023906411822045,151.74131833929616,2
-1.3245224113975396,123.00941636377962,0
-0.5114550513972994,98.15570443728927,0
-1.8185402946341354,177.14676645599275,2
-2.5595955322730255,-4.655506714926581,1
-2.3203572981450105,-10.232071504716977,1
-2.1257007532518846,-6.741057904241032,1
-2.471672353344011,6.367962172307102,1
-1.0829157627013541,192.7623471798865,2
-0.8719389526237975,127.2473801659283,0
-1.8924028386867882,29.70007278591641,3
-1.5494550435533176,-24.914503854668062,1
-0.9436631713652253,119.896906517476,0
-1.7513774153034127,13.270633310257509,1
-0.6240281813298131,121.60761440420305,0
-2.4791280655682355,-3.1256102448085166,1
-2.1421310776259563,81.14162812725569,3
-2.449193280592408,20.534106181564894,1
-1.0574868300051188,50.984068428726715,3
-1.9991856182556695,43.384822360736166,3
-0.9163849083143428,88.15263067881263,0
-2.3743242165107787,6.853717964303289,1
-0.8188120866877516,108.00882683126088,0
-2.372582431975606,13.151595360318558,1
-2.0033202324470807,64.49804176674579,3
-1.3622523036668868,112.48310059401126,0
-1.3033726982487974,72.20355110795163,3
-1.4154929762614046,24.85443284540344,3
-1.419367147831312,0.5061108058954176,1
-0.4332133304446313,130.68576898031824,0
-1.6664912635621936,8.421072529238828,1
-1.9355019496059884,52.6139587692795,3
-1.9237220175408356,31.9333018682207,3
-0.7566334144456754,102.34959599734204,0
-0.7455623371024415,102.5739558452748,0
-0.46358526333421873,114.18924577947978,0
-1.9065858916258867,17.915128847441686,1
-2.1048682231947713,-5.613059250390506,1
-2.5864493835474884,41.20630153491534,3
-1.8160453735888624,4.321375917219072,1
-1.9797316863066732,37.753826062416785,3
-1.5708190007390348,198.23374589657692,2
-1.814016913725569,9.468362456851553,1
-1.9762088710157404,29.05020759303766,3
-1.2404249751298038,187.2250040066384,2
-0.6060801203851303,105.84998490694063,0
-1.8472625667370786,21.457025419929135,1
-1.5506590489265961,1.4846258484235015,1
-2.094039773371003,60.53013541262317,3
-0.9768435689169925,101.90409309186315,0
-2.528108074187941,-52.92794422060234,1
-2.43144460283182,42.67202713014531,3
-1.3204599817631226,122.0636496425992,0
-1.795780147282913,38.8054724332155,3
-0.5475361808520927,97.85703957427961,0
-0.9845769053506953,200.9769977092719,2
-1.2309291086244443,102.7020979845002,0
-0.692962237389183,77.87581079620995,3
-0.7830716879280553,84.43231574536765,0
-1.5031380437696846,50.019143928327864,3
-0.7933731942029485,105.71752321309089,0
-1.1669575264181884,165.18584604766744,2
-1.0623104355247097,51.13008654833561,3
-2.5558676631778976,34.88328713843899,3
-0.575272603240274,100.10491937687128,0
-1.9474323496025994,37.89066867717013,3
-1.6257305562084143,70.96692828626487,3
-2.177118045559453,20.75720349894143,1
-0.6061718347588014,140.4464873586169,0
-0.5486177352188766,69.98080250545365,3
-2.5118499573966133,32.603334719874425,3
-2.108470608427943,29.921044413630952,3
-1.066728426021466,148.09322159726716,2
-0.6827179276052909,125.52989370726081,0
-2.9015973781221294,71.35856641810079,3
-0.7758294741831024,108.61624903787902,0
-2.231339549140487,62.57094677994757,3
-1.253852543890508,196.12502713839405,2
-2.101075789148597,30.121769606044843,3
-1.1363569283922692,-4.368012771856016,1
-2.311421471938343,25.982755589536183,3
-0.767096769557934,99.0219857941594,0
-0.7323274550963667,115.55644415918678,0
-1.5825664801806778,35.63093507909154,3
-1.0737128523494301,200.34476750659047,2
-1.3895764595669646,185.41842564594154,2
-0.8974162374237885,41.110948525610496,3
-1.37638565163537,-24.007583687619352,1
-1.1483955867308415,164.98449878230693,2
-2.1109445916320038,5.779208611842627,1
-0.7845044077852348,147.7762433861108,2
-3.020350870299294,-2.66370411952553,1
-2.5739654026701047,3.6006956154638914,1
-1.4985505444620744,-33.011386665484295,1
-1.887868838465564,158.419771836065,2
-1.4806297462741291,119.28210442941769,0
-1.872489702881001,54.16489029739704,3
-1.5022661326251086,-10.891306021352836,1
-1.5297376452959006,92.20250967787791,0
-2.12200266293663,22.51497024040855,1
-1.1786595561560338,142.7582495475063,0
-0.8983246643838024,95.92759961685599,0
-1.9559416624902888,-6.611853347206125,1
-2.1645505424588234,12.214313841610688,1
-1.7204506184258788,8.446814842374296,1
-1.4088931544473717,36.83153255183123,3
-2.553250956795969,10.158651357547102,1
-1.6714669425639703,128.13444777521752,0
-1.0857729958552378,111.07055411665351,0
-0.599817227839166,154.59297416580682,2
-1.0448110264941026,178.15170777845373,2
-2.7412270355890977,24.530463264795998,3
-1.5455211718686692,-9.526255360950923,1
-0.18721757890630453,99.98770097489765,0
-1.7954712908086041,70.42510804598427,3
-2.1509202104433087,24.811439641967723,3
-1.9884609334549366,23.06080070080099,1
-1.7978757152488927,37.82915386627038,3
-0.7178255309123973,88.39943569455522,0
-1.4655806690946704,181.63687978532474,2
-2.361138945673804,29.39131359839467,3
-0.8862980703367185,112.16814966776778,0
-2.630267785350676,25.809696937093165,3
-1.0179207837280206,85.06388900256266,0
-0.7509879771006813,167.77946550352658,2
-1.7125117623092023,-19.433527980868433,1
-0.9997976095057737,156.93328812436488,2
-0.5939466587085607,123.38842707622926,0
-1.139073867050414,170.93529309767843,2
-1.5059886340497086,-30.815591847662226,1
-0.8584416242283919,135.60928844564,0
-0.4523856706329208,121.785366593981,0
-1.921079877178757,114.00547565105028,0
-1.3990574678448184,21.151972924856324,1
-2.70639661579664,-22.43559436768458,1
-1.3582540320684657,128.01331103639777,0
-1.1474739333500679,105.23972555320127,0
-1.3698000343163617,42.50172091642654,3
-1.282902881451035,116.68584904185946,0
-2.091087119585802,38.34760448285671,3
-1.2495080336480884,231.08603336504675,2
-1.7666440763910825,41.825754981780634,3
-0.542343982711582,78.67409943954613,3
-2.232164472637372,75.90985291562097,3
-2.2043444560102574,15.650119929448806,1
-2.101226548518715,-17.926729262222487,1
-1.04161273708663,146.4183175637694,0
-0.17137098336692314,112.40642793845576,0
-2.0541509140937415,15.859506578819818,1
-0.8247869144897298,116.32984226407403,0
-0.38520317881178334,127.85431846883019,0
-2.2663657042451373,37.78957637553458,3
-1.3781645469589856,157.35006908860117,2
-1.1190680094740435,147.88275322334385,2
-2.141276817996189,59.93381653497527,3
-0.45767926113167784,132.54011517606753,0
-1.539913703307225,22.08367360184836,1
-2.5032530657894316,-13.59356096621186,1
-1.453994320427062,39.06389761308668,3
-0.7789525307948691,21.585171109126012,1
-0.523634581160151,96.60554624330425,0
-0.5247103766151278,233.7274136165599,2
-1.0498883708895301,118.22267331988317,0
-1.5698699731213623,64.77200114146194,3
-1.3801279364541157,130.02017543203925,0
-2.095672746128415,6.593719738162845,1
-1.9467253099646917,32.607048629715806,3
0.007634299962592572,133.8851474969517,0
-1.389899691272996,199.22928382449933,2
-1.5565630148977707,233.05936644245978,2
-2.21330734908477,54.62768213531243,3
-1.314941808583118,199.52134818654343,2
-1.959914853722718,40.884005049481885,3
-0.46824260009447133,125.71342506198377,0
-2.3233123888785934,40.04479606533867,3
-2.45215523174022,47.502391433177195,3
-1.2845775536577666,113.9742352426149,0
-2.693195929888538,89.47812034120491,0
-1.8825062226340832,27.311177640469705,3
-2.03757776274958,5.205230164659959,1
-1.2274989724719485,67.64932395586898,3
-1.6665463901925737,71.71743218290635,3
-1.9170714632997599,158.82945720512342,2
-0.9095900738435447,183.19308101235887,2
-1.4631635686087623,-11.431701965251246,1
-1.1127737743492139,133.83599863170576,0
-1.1885130989989825,-25.176838306900237,1
-1.348203664877809,50.81187547334453,3
-1.4092337504959116,34.05452989735008,3
-0.17349810756482775,114.97270296360122,0
-0.680164809356721,76.36354132432035,3
-1.7475144484279777,4.757301512634122,1
-0.691970604685352,133.07879491811647,0
-1.8811356844408689,-3.1500927109088437,1
-2.380211743468353,27.39367286974855,3
-0.9366943737057175,196.9574051964663,2
-1.8123051586412973,22.173796441894684,1
-1.8220822635204357,-16.7656027467851,1
-1.1175435670778697,184.25695076297754,2
-2.3429023895272074,15.563503710385058,1
-2.3134302278583667,53.237743481899834,3
-0.7342584943081677,106.14598747749052,0
-0.303363192513971,97.18392056654416,0
-1.8803210222135205,213.0873873620653,2
-0.3768858204281041,124.48461882257185,0
-1.6828842535130086,-31.70418081942556,1
-1.9540073111910083,-10.60494669723403,1
-1.6671854325762194,-5.208877160063622,1
-0.8303751158360216,37.328997008743094,3
-1.4184761814317963,-10.269862453026573,1
-1.6823166179658229,25.652113249015404,3
-2.429171582308285,1.213635706907894,1
-0.5182284980994399,113.43409920911897,0
-1.4549387205007493,27.108508302918736,3
-1.725245334087321,17.37759084634416,1
-1.154193007179366,137.47384195221068,0
0.06251732370375396,159.40185061861536,2
-1.30615154341716,39.92405712753948,3
-1.2169417854170141,146.7071605516743,0
-1.288709757352655,29.688200511487764,3
-0.9725564304744811,60.91997956606244,3
-1.495979431373039,100.0222124873655,0
-2.154151051792562,-14.708249027860205,1
-1.925985524775282,-10.844307652591251,1
-1.1931616416470558,208.1196354313479,2
-1.7706964312607285,-9.465137225286185,1
-0.23132871191461024,100.77498767187542,0
-1.0965480845118027,145.9771784973266,0
-1.8855467489390367,20.212584720288206,1
-1.2251101032035168,61.925588071251326,3
-2.1605313325376616,99.61595475221984,0
-2.1318927946774524,29.71263086098959,3
-1.0582447104900436,53.81416876496465,3
-0.9972105079075742,89.65271607899635,0
-1.9128214735321514,37.10001514712533,3
-2.2554201885661738,37.97283971500667,3
-2.2811454350105778,-5.647011215386865,1
-0.6360174970026762,147.17457471780796,2
-1.8477980044104858,35.575592787869084,3
-1.1074474538415353,144.48424479090266,0
-2.613386308307728,70.25916704607579,3
-0.9951575155396527,157.2434777793993,2
-1.3639763363797088,38.0034265636295,3
-1.017092612848772,123.66478834856174,0
-1.6011540176100139,-16.950475113333184,1
-1.9809606110962397,38.75879800352858,3
-0.8898604588103209,115.81218994014691,0
-2.3092077198291983,-27.439498570706952,1
-1.5460613344300875,46.52191765964457,3
-0.962685291738458,130.1769714751886,0
-1.5166706520062527,173.9216262735292,2
-1.8926531596684792,223.69744699424388,2
-0.8881258831082364,220.1071317680047,2
-0.6052310776592809,113.39122977517776,0
-2.091615929842031,16.39426655811919,1
-1.9064575341098462,61.469358974535,3
-1.6573681978554116,39.08767534755228,3
-0.6119538050848283,-36.49589130029492,1
-0.8365832710535535,109.07275461821853,0
-0.4097108406803233,98.88045927317278,0
-1.1244013518625002,39.948991198635696,3
-0.1716158189594581,162.93646592814164,2
-2.6967231450736073,-1.1550233251917845,1
-1.660241814454473,32.649514529189005,3
-0.8009584391275615,140.73626669963528,0
-1.7597447617745812,47.050527826198135,3
-2.700213435676743,39.491202154464894,3
-1.12232963698474,98.02014578484516,0
-2.013532975501584,0.5798639256021794,1
-1.1812909740539337,118.94636105820202,0
-1.9478105854349874,-19.422356287813137,1
-2.094000460352609,20.351931875780167,1
-0.7090978436506334,139.5308421118803,0
-1.3943963160006043,4.255180471078766,1
-1.884049373401943,22.28667874987572,1
-1.3060474356303065,146.71589894789304,0
-0.8568698083844488,88.01445911574541,0
-2.305544446743218,34.27399176264453,3
-1.7547718683910238,79.04659902301569,3
-1.6072031240508518,146.614341925928,0
-0.42248531391716154,141.7252600343363,0
-0.5848077833468921,126.34224609515306,0
-1.337528927031827,30.47028476778292,3
-0.963697984284317,12.93869715497695,1
-1.2729882648097512,1.1091695393891001,1
-1.5212171148209592,243.66545732159574,2
-0.9270066645297156,129.07774671012945,0
-0.88608828741785,182.43134696650355,2
-0.7433581770020686,124.94312920244998,0
-0.7041996455552747,107.13447443814958,0
-1.8918940727984868,-34.56760205628359,1
-1.9219176626426067,27.925611237860913,3
-1.8654949817587276,4.457160584986523,1
-1.738768678472003,41.29698397279603,3
-1.5695350972669844,11.944365167914576,1
-0.6614184465363919,120.8810021524267,0
-0.7845113012132499,121.73072242719394,0
-0.0407618366866922,77.34029138990725,3
-1.4517193817073317,170.54712577377578,2
-2.457394602296501,-3.3574710096111,1
-0.6436311598121264,139.0350899009835,0
-1.4398291015500448,38.18069721183579,3
-0.4669915347332744,164.45486023918005,2
-1.3570653306358584,40.21945819789863,3
-0.5733052350891681,133.17820290780506,0
-2.3963682899901984,-0.5273728489609475,1
-1.5531171430734376,8.283133214802998,1
-0.697117818349066,162.19857078831217,2
-2.4738459742810694,10.19235347680984,1
-2.2461987226102442,46.49480923110552,3
-2.570863885108604,-1.766152100523847,1
-1.2545871330654625,88.69997022978657,0
-0.841975394038836,155.29758023715158,2
-0.8066738265381973,134.70685145654483,0
-1.2116287537262267,77.35933266648343,3
-1.4740530600927186,61.26889749283541,3
-1.944481541743439,36.50164248451022,3
-1.0459800701610287,132.48981112397763,0
-2.1578976871533047,50.25143636426279,3
-1.5565272282905023,32.85391899053252,3
-1.4630650671055605,27.00382966633304,3
-1.495341139070535,133.01361835653023,0
-1.1496728464329586,-8.622842041638613,1
-1.2169012917452775,183.25826288592674,2
-2.061958743627467,26.641889994892885,3
-1.2072782013167804,114.8161341814536,0
-1.4592447339774275,13.999743121682172,1
-1.8649497696939634,37.99538943218022,3
-1.9153890545790373,11.03529459755273,1
-2.147322097373536,76.76284075538416,3
-1.2398519004893596,45.478822663700825,3
-2.3548612971315652,85.77775509423995,0
-0.7519422841709849,121.55454963940791,0
-1.375965782174589,58.64265211749919,3
-1.9318117413637814,47.02173231956817,3
-0.7354944276161348,117.640633375913,0
-1.1230035522831177,78.33920764646476,3
-0.6640460422313792,115.97787576072673,0
-1.936971954284156,26.623728381283815,3
-1.1777690369029472,152.83966930693515,2
-2.0714873539276275,-9.13824722832269,1
-1.6624968549662875,1.577614857341434,1
-1.6586446955248384,28.207090387146835,3
-1.9105994532021642,83.82163092764934,0
-1.3430031455420675,151.24296556896954,2
-1.8092509989823886,22.309673889389572,1
-1.3250210139843728,127.44038576763371,0
-2.1390125439474343,-51.825043684006445,1
-0.8229252117814784,152.7520262941028,2
-0.574415843557295,160.39478707776047,2
-0.6220447924834588,149.1088841211399,2
-1.8142169787075204,38.227100271541744,3
-1.8177407081239172,33.44426999881101,3
-1.372579140336031,-20.927936176925016,1
-1.4215142390763842,48.7715774479141,3
-0.8723888555619058,109.52553492611823,0
-0.9032474672196855,142.02677519435838,0
-2.1316268838276735,29.6178919440329,3
-0.7918959174079028,74.28955322344282,3
-2.241280161447862,49.15080225045518,3
-2.8134515625878986,-11.815617397383836,1
-0.837285444216233,184.46177245141345,2
-1.7709128066997608,32.7620652978707,3
-0.6499443648238938,126.53112344131199,0
-2.0699643976833713,-5.246627027352556,1
-0.16098612356453723,137.6844668938661,0
-1.4258505585118857,10.66405047676217,1
-1.6615021807377532,164.1818365325535,2
-2.748012509021831,-26.5249909087973,1
-0.23456281849600158,83.98569351984301,0
-1.1405414513356764,44.47341690095653,3
-1.5475801318843212,1.6724591612274224,1
-1.8776761744525488,10.551740854528937,1
-1.0655879365596055,176.5166432671427,2
-1.934326053870702,-13.802444548415863,1
-0.7963340210344463,138.09316285867737,0
-0.7708131647352338,87.44794695523044,0
-0.807394346541416,135.14227443165896,0
-2.580157186535919,37.030426175859844,3
-2.1273678595103163,83.09104788646086,0
-0.9844370235864315,109.0366231561233,0
-0.5928672654245912,100.9291403091564,0
-2.1641924863920075,4.127429606546892,1
-0.4932307363873095,134.328533541049,0
-2.2692069856256056,31.653223555694716,3
-0.3740212388491601,101.3049391999902,0
-2.2438394536307227,-33.667201449619526,1
-1.411503704374111,64.97368161987583,3
-1.222481833122228,204.2456331994104,2
-0.7651858041875851,181.05089204053309,2
-2.3766680081877025,2.20745631805784,1
-1.2148312021756094,148.31160361509222,2
-0.5983684876786772,178.50954907194782,2
-0.7042436353531624,150.42020329907734,2
-2.180267381476188,-10.818003337575764,1
-1.32627828948504,92.67135819041019,0
-1.58646896351003,151.39190723055987,2
-1.5595395887940762,84.04173484087156,0
-1.6525126247705741,25.478862170004277,3
-2.085564698817158,73.27230921512918,3
-0.6410175489315929,81.46449714228606,3
-1.5183014463506228,75.43253972317444,3
-2.626420031084754,12.112539344372427,1
-1.2902826358422064,17.576660062040652,1
-1.2101241845191009,15.120647625850857,1
-1.1732454752975043,-13.690133976394996,1
-2.399187285628031,5.536466210817736,1
-2.254714617709969,4.615887304589261,1
-0.5054635957242548,120.05419127086114,0
-1.3058975747778108,66.54596180233918,3
-1.7550734860164816,99.70941832666712,0
-2.386294600608104,-28.780510321652635,1
-0.9038104072006747,118.4186745865429,0
-1.2156079772614188,142.56663506598986,0
-1.0696910051313828,138.0651497283573,0
-1.7591968653574936,86.25417246248247,0
-0.91515706131566,110.83938862108268,0
-0.6205328607263343,102.134790160625,0
-1.6199649477322795,31.32343098415498,3
-0.953841986217857,113.28974401412965,0
-1.4462793991457898,-52.861522225410894,1
-0.8943905041519392,103.38405758559574,0
-2.2467143898136386,39.721038008179235,3
-1.3839636463830642,150.1883696648783,2
-0.8731584910511263,157.79158604089463,2
-1.3707307379977476,-3.836697684347893,1
-1.3807626793449677,200.8561302274599,2
-1.5799026957632674,-11.900248260336902,1
-1.6636327220874978,62.47028024133616,3
-1.6849492934163934,21.132227697811253,1
-0.9304134548450826,86.64888299953574,0
-1.4908412409056462,16.57562731251562,1
-1.1706160153351755,179.96201697084155,2
-1.4180433382617401,152.20318469767267,2
-1.152877889418979,0.3556291496429971,1
-0.7643269362838984,104.04730607661688,0
-2.0494553901287076,46.732017280486915,3
-1.632180829776044,194.1164928730564,2
-1.0229088900301537,212.09871135305855,2
-0.7947388210292822,139.75219560347,0
-1.3683119109981134,197.848612837118,2
-1.5094967702796311,58.25318476959191,3
-2.4707535166543644,11.024478084062554,1
-0.5971722579913963,130.36331391907302,0
-1.0279590548273754,157.023762582252,2
-2.2951720619741374,-18.884088450413977,1
-0.7258373827796312,138.72436272057905,0
-2.0535784002580946,13.532552270225407,1
-1.3117570896575246,17.01179332396014,1
-1.9863546793431104,94.367952804665,0
-2.2344497157566137,25.88984050467063,3
-2.602130113877925,67.00918308730229,3
-2.0104833540171683,29.863788665444844,3
-1.9520937611416471,18.376655377992066,1
-1.6077332555142387,47.827538678593385,3
-2.447269380522418,4.28819803508523,1
-1.3657666687911267,54.74599488275547,3
-0.8343435720353662,86.3316550240612,0
-0.5666949318858328,104.29775740880433,0
-1.410160387750016,43.09378104515526,3
-2.9753891480377006,27.634416182484127,3
-1.7526274524178822,-9.826486735873381,1
-0.7957179585516769,64.01241480401427,3
-0.9156515746892857,151.612683586141,2
-1.9088886044067919,-51.41135089328243,1
-1.8383098063153251,32.61735832101445,3
-2.1294292618518695,-11.607701239199876,1
-1.8675338743384249,11.443504727398684,1
-0.6792937931017012,138.30299732272348,0
-2.744125978719885,13.650470909588634,1
-1.8277957864960144,96.1368662959433,0
-0.9264559169499686,234.77066015539384,2
-0.3566651998275466,114.58908220819501,0
-1.0138333441449905,108.9542072818993,0
-2.208249058620824,14.700129988436757,1
-0.4655729829956348,98.89361869678925,0
-1.8787319126455597,45.6889204816527,3
-1.8605869194622486,161.20940233912387,2
-2.6365266929063793,35.49222733739299,3
-1.3809076416607986,-43.16457345847226,1
-1.3924245747038289,169.9621895368279,2
-1.8473223272239598,28.726234992465052,3
-1.4523433538922386,148.33677402011398,2
-2.145264114783398,58.52876527894518,3
-2.7734999924586234,37.69846583592376,3
-1.0371053217110568,101.94533909915484,0
-0.6878857449751173,146.30084049401074,0
-2.0088983009513974,18.92254547686642,1
-1.6898744896380067,65.64262374419374,3
-1.068172165615709,116.24449935085833,0
-2.174053279882979,52.952650410657604,3
-3.1151365996887623,86.99580442583658,0
-1.3156073580574308,31.353293795881875,3
-1.134488838249018,125.76266173871933,0
-2.758762190104992,55.63460356616734,3
-0.7537038792679002,124.78469261477927,0
-1.6180331127439835,53.040410448782026,3
-1.0700960164252125,56.66490461382741,3
-2.1435650542694225,1.219154636367179,1
-0.7400209016996253,118.26868177381725,0
-1.3677583367019404,134.95724346105905,0
-0.5717112680748943,94.4732454999498,0
-1.6210380817936598,13.773424733739217,1
-1.4716551771108746,213.67997417062924,2
-0.5326761907862041,116.28991348491998,0
-0.31081318720824225,161.40133193879166,2
-0.7669104134943633,144.15863636975342,0
-1.8197265051862213,5.598497505919433,1
-0.9862526559683475,149.00821098639304,2
-0.8367106373013389,184.58483204228833,2
-1.408958468052494,88.97868645838561,0
-1.6772950867829788,24.861868650053033,3
-1.766390969592204,28.305571080341906,3
-1.650047899545393,45.66939766451743,3
-0.8779356375115056,124.99095769671175,0
-2.0417502625588786,43.736765627867534,3
-2.2949884097171545,19.60060637729612,1
-0.9437710482782136,203.85206254126177,2
-1.0289091886102415,108.8255488420996,0
-2.3829164037612847,42.044802124615615,3
-2.0066331475013732,15.272688477974887,1
-1.0332704544685616,151.31492097899402,2
-0.8569695067924843,66.80926507601055,3
-1.7468511166862335,40.41199015138368,3
-1.872004053712691,44.61329059448946,3
-2.178787631623126,-20.08043142070661,1
-1.8031865640249423,27.913696190346695,3
-2.233908252937928,-1.0641038542760768,1
-2.4815234775853807,19.202710316285135,1
-1.278724042870812,130.58474720734702,0
-1.8525388812030528,86.42902726177385,0
-1.471889133732857,17.037135482253074,1
-2.5644528395731516,-15.93614541864789,1
-2.033804680840518,54.37408408854503,3
-0.48322488836823546,73.02420801549033,3
-2.556547339951204,71.84119613139366,3
-1.8438257098586621,53.430062859031025,3
-0.5385994490300423,130.10212359631262,0
-1.8058488259593266,-14.608933987736215,1
-1.660854522802941,121.048685740318,0
-0.6492207096888447,117.28600302422119,0
-0.9613176357450811,108.21740364568213,0
-1.5837508112169854,90.3929199940259,0
-2.1169865187693127,29.449047044336332,3
-2.5468781886253304,-18.05593386527761,1
-0.9232813384828426,195.3689556983647,2
-1.1495372661067822,202.78435132493743,2
-1.567708178376225,10.738235533816976,1
-1.2327327640870376,17.575010484517716,1
-0.2355287805549473,92.94969676084605,0
-0.30478595513991963,96.82969305664537,0
-2.435273694219361,-6.667574663283805,1
-1.0820398522667758,90.72548194490759,0
-0.6162702469981137,149.78523563107495,2
-2.0314102217560714,9.343489881272298,1
-1.0897160957062981,130.14664952307373,0
-1.9932496292150543,24.937578215613588,3
-1.345194197839556,197.0328783738104,2
-1.0686106981214398,143.59666895818268,0
-1.6698236915408096,70.77943759423869,3
-1.3526819195287303,0.1348542798892467,1
-2.295016363177812,24.48585700507276,3
-1.1329815367009004,147.31204389879076,2
-0.8854220420257528,44.66276453391045,3
-2.5110051321130715,26.44262203408789,3
-0.6195794284629614,214.20729789642752,2
-1.0248592133696737,127.47295307794919,0
-1.7000706262521472,194.1508996021087,2
-1.2585245568161278,183.2243574063489,2
-1.1498674023258544,161.47127260603818,2
-1.3103914981941642,157.7585053346043,2
-2.109840892353568,-25.950034774538835,1
-2.266978208386698,29.9102306589102,3
-2.1654923836259603,9.116795065844006,1
-0.6733402826703967,157.72943437200314,2
-1.6286334014896162,202.69589211154735,2
-1.2392844399415912,14.33608982679673,1
-0.847244974178515,152.77310975820538,2
-1.3876334746847137,201.25466318466167,2
-0.5891366044931909,185.7792646008383,2
-1.2280420786977584,102.7763221204259,0
-1.2792875046942118,162.16355091334023,2
-2.5158526219282313,63.70599304520272,3
-1.4759537468248347,8.113940675551696,1
-2.2116924423131152,70.73170081541602,3
-0.42463279137302934,126.2482848751321,0
-1.13411656440754,26.524446985723486,3
-1.0220824073737826,133.08178563079858,0
-0.9397714647300408,109.15836134162313,0
-1.4435928437263086,67.55883049433919,3
-2.005492275000433,62.40079276812379,3
-0.5804829014951309,119.37054949892335,0
-1.1223056444358885,17.946834654926842,1
-2.3013016910650737,64.12898716823526,3
-1.8859927048930014,-6.260056701586109,1
-2.125647503931853,-4.33860587718728,1
-2.6696664510561594,35.23091097248064,3
-1.731310902705115,32.277742606865104,3
-0.5751448940637091,123.45290463708537,0
-1.5708484886221687,17.160155057760264,1
-1.0120129984659711,202.51628224935567,2
-1.724431379658911,-20.339589902176442,1
-2.068829088311846,4.384018450163776,1
-3.2575556003228234,-32.09941993048304,1
-1.1182530229424303,130.83917789062517,0
-1.9870291331957284,-10.664164055460414,1
-2.09090942145038,23.04740964916001,1
-2.0126167514773385,13.678810561782914,1
-2.3026284073169885,23.944317122947513,3
-1.6898230602140585,-27.298149779092952,1
-1.310510406054822,-19.407852441289464,1
-1.1135619953274678,122.35155328106597,0
-2.020524219165314,61.58185826968542,3
-0.9172001331831727,243.64421924236512,2
-2.1287014127724353,-11.08470962730059,1
-0.6619622424786565,122.40502172751121,0
-1.2135372713971413,101.1398296551638,0
-0.8359217144967599,125.25311382235164,0
-2.179989052359038,51.112274343591004,3
-2.059350199496022,-15.417396077473448,1
-1.004228619903172,148.43567568996065,2
-1.2843719807135194,67.32994303302499,3
-1.5211848431000643,180.877539758606,2
-1.4160097166794692,52.163021927330306,3
-0.44594277429969675,187.12809427205556,2
-1.4623393728971874,46.10777483629503,3
-1.9835749633621194,50.120016714869834,3
-2.0300085769666745,15.98376302253094,1
-2.541725685260687,60.90569225755311,3
-0.9176912515146711,30.4006361232125,3
-1.1101112253163845,12.724136698039985,1
-1.6122594288918202,21.802002414615465,1
-2.213495431727237,-0.6576756674918549,1
-1.6250549910485652,190.04464303889776,2
-1.4223804346299571,172.29347519627808,2
-2.0144114218414644,24.021133317537263,3
-1.6167057944879875,-8.765553970996763,1
-1.2887528426440447,187.05687148964535,2
-1.6573478685600156,6.959456265203961,1
-1.362234045675083,18.94058950846742,1
-2.3518928784696818,16.74412064042163,1
-2.5914258811517126,57.4943261898741,3
-2.1078452448082365,10.144213485986594,1
-1.7721677375432103,54.339922744387785,3
-1.3106733569438191,58.33387977778676,3
-0.5919501747881747,159.94070945162525,2
-1.0099435615395254,83.40668872070455,0
-0.8357702407215314,120.8509216882601,0
-1.2564096969186869,27.271849448605856,3
-1.570103287397253,162.97722109662845,2
-1.3693282807362737,98.50707721346636,0
-2.57021241478771,25.258030401895272,3
-0.8691506326972106,112.58982880598666,0
-2.6183062390694785,-14.598169201883508,1
-2.096599031163707,27.33244494693195,3
-2.023373797060251,19.914449030077744,1
-1.8889242642375077,31.612059910151565,3
-1.2367318144456152,26.326178257019347,3
-2.091815517798507,83.4088729166615,0
-2.3649602467982955,30.88203205129801,3
-2.2095388204770976,5.494073376252874,1
-2.645172392306893,18.11790527349297,1
-0.7385479293021912,134.1009286684133,0
-2.5500809219875213,54.20379375220028,3
-0.5547355392223391,93.93025323516854,0
-1.5639256355066238,39.08496558518749,3
-1.394038402352444,55.54342770308175,3
-1.6073986213575844,35.83587821457909,3
-1.9094962302485274,42.39949020779288,3
-1.2604412089087915,22.392413452724774,1
-2.5774975031432046,44.91748292309093,3
-1.049086553213017,172.56042023391083,2
-1.3781337610942124,206.49038178883185,2
-2.4733580882629065,40.054974407457536,3
-1.6356296199433333,46.39617763861537,3
-1.9198226874391928,209.90450755683855,2
-1.911385715936172,102.79309951965264,0
-0.49808659214458195,105.66212329865948,0
-1.7857489530583242,222.92202760824406,2
-2.0756381791069503,47.95693057723995,3
-2.1055480950442904,15.272604525426443,1
-1.2652874748236618,161.10746439158038,2
-1.743384360777258,40.861431487548984,3
-1.428490341511836,36.89054105567462,3
-2.6329599705616107,38.42136988402247,3
-0.9712295973831444,108.69389719016125,0
-1.9195089098532319,7.350529476694858,1
-2.4920759100416383,36.70655897669474,3
-2.139075850758096,57.68532413990201,3
-1.587757920555478,51.34857569114032,3
-0.5105846637604547,163.40572276048502,2
-1.6706011825208562,1.6971117131124345,1
-1.9033399418043055,59.5253944854451,3
-2.4896000843476864,42.965822608315946,3
-1.7782267369648932,-15.172399902208745,1
-0.5569607963568263,119.91260818768403,0
-2.2480819616841488,-35.937738675542654,1
-1.6704287106695637,19.088010829427525,1
-0.5335784960601095,162.74122376303387,2
-1.555676463105074,40.67854443583678,3
-1.5301922906067853,65.76173083086655,3
-1.4282862385356943,63.697388797685036,3
-2.120128732050294,-18.363505708336504,1
-2.1519407936792803,35.61896389594875,3
-1.2069648041097452,126.4422636205054,0
-1.9634699228597194,74.49495827551523,3
-2.420836992910295,35.62645543027533,3
-1.0092117463535297,143.73199814591808,0
-0.7756536859115406,-8.317331065654262,1
-1.333322388162912,84.94162653600476,0
-0.3202517124001629,151.78974442490255,2
-2.010070570414595,7.76721146189894,1
-1.9702276195601924,57.35637455292789,3
-0.8145100464922377,65.45105879831891,3
-0.8906930768116095,106.81322993091167,0
-1.1952479841931374,118.7422529519614,0
-0.6259035592392584,123.29072141973975,0
-0.5958792619996045,31.63948857935451,3
-3.032754222810746,9.787063505115695,1
-1.6273716297885221,181.59604530248043,2
-1.357570211768639,136.74722040601276,0
-0.7242597876744277,109.71318572260182,0
-1.6983234231664888,34.11567317179436,3
-1.4664211674650833,163.7179592015388,2
-0.47861283711780755,109.91659993471468,0
-1.1947394323941383,80.62184632279907,3
-0.9471962587709623,97.62944277993512,0
-2.560314056019462,-16.925551205415694,1
-2.712444845442765,-5.249009930888921,1
-0.7421020598862323,154.90631388040794,2
-1.2191473682516283,161.99755618892925,2
-0.5661997424370622,178.84304277974564,2
-2.277067961104991,22.352763560079318,1
-0.594874640880626,148.45298965702963,2
-1.4713541274691226,76.92815630223959,3
-1.4943287303610822,12.398093872649106,1
-2.05827172939236,14.818612610728795,1
-0.5040823824813598,101.55241569226021,0
-1.608920316063294,67.0954181853265,3
-0.9392745849578199,193.20854635108938,2
-1.3171566894869313,95.78390835849639,0
-1.7095632078852512,178.6194165760226,2
-0.48463363377718965,129.56085444029048,0
-0.6690828781428502,150.31609447830044,2
-0.8428265454961005,118.31006423727955,0
-1.716706906329219,61.01349723290599,3
-1.7332173828948965,91.27346799178216,0
-1.8831145136752996,-24.925547088636954,1
-2.2077531524703256,11.985179008790794,1
-1.8706722396199658,36.156780208348785,3
-2.1681003630491036,52.3767318436589,3
-1.4938753251498338,-33.85813096135175,1
-2.172380897138655,-10.50013756103273,1
-1.6986536712554126,35.35296688048766,3
-0.4829841931319241,133.00039112296272,0
-2.5954768233535805,30.519302211308702,3
-1.4262342455346233,154.13218244761788,2
-2.4539669143190204,17.00798010636221,1
-0.5989345286168755,120.6664104937568,0
-2.4361295442974664,-0.05837965649384813,1
-2.3749726408211362,37.98735771124787,3
-1.6169156308989963,-16.862811096611757,1
-1.6103562610307265,196.9064816752714,2
-0.42017033098885526,148.35413389448433,2
-0.5354757315920111,148.57311195240766,2
-1.0774246983775055,162.42764823327582,2
-1.9392674412421091,42.01578770977243,3
-2.540302982772367,2.129966465361033,1
-2.2588923441682773,-59.6686734620252,1
-0.7754758727332192,161.14044138327282,2
-0.760180232156229,82.2659896974852,3
-1.8625915590212834,9.313240363040233,1
-2.025497168033585,49.5752966287734,3
-1.0705339901152522,49.089375058174475,3
-2.2838137049509895,22.284256616173085,1
-1.7678384586890146,14.84613253687014,1
-1.2802400553514774,30.65749712096713,3
-2.028817593693052,-9.724170509845514,1
-1.2166368925929203,127.89751467869603,0
-1.8310265032937094,31.514098894467026,3
-2.424879844100502,21.771075813390237,1
-1.3931654747220477,-15.35447609524195,1
-2.15607669468614,45.15511639683246,3
-1.6502142069459356,18.55660368030974,1
-1.2284723569106124,87.29393339743649,0
-2.0169065778870086,-11.802715398564729,1
-2.3698246674244556,46.60383438163619,3
-0.6015664560309814,74.50336072185087,3
-2.871826632811337,26.972333357013596,3
-1.4910466955643875,120.72918955298461,0
-2.0574387253705684,22.152384234202025,1
-1.8989077220684545,80.05538248309625,3
-1.7610158273664527,5.346429911146693,1
-2.427714824118095,27.081485592261764,3
-1.1302678040226306,20.510939755087353,1
-0.881918118392797,161.64331275118096,2
-0.497316000827597,119.88464814787977,0
-1.1975878317366624,120.27297989638154,0
-0.5907356537195863,72.71600450167648,3
-2.667511484202313,33.92045849279552,3
-1.8219907443060483,12.677036965297948,1
-0.9370296862102118,139.56892245892908,0
-1.3512522782806382,17.433544819962762,1
-0.6968904973431482,70.93536012133588,3
-1.2570245512787026,7.302750076656027,1
-1.9865700383183267,1.2351250686946535,1
-2.7008107113956896,58.30343419660826,3
-1.7085961791238946,203.85403671428818,2
-1.7318051875959624,-7.1957883009281325,1
-2.286535321660833,68.03036846272273,3
-2.504684932381124,38.61061001938593,3
-1.2853037299578611,37.872014610876555,3
-1.346503221489744,180.6124435344665,2
-0.6051059167540773,119.579074114429,0
-1.4615874693485718,100.56327479290945,0
-1.509611399055266,49.74682045344752,3
-0.8642626127124212,196.14367996837726,2
-0.9440807067452005,53.883603468331046,3
-1.4035056607068512,174.1740118420043,2
-0.5557681477746692,106.5539978552481,0
-1.4504999466681983,200.78543267991392,2
-0.9099507769896917,145.4759241341993,0
-1.3714128219451243,106.2176758796957,0
-2.196734369986986,11.36545768347289,1
-0.9435818416796236,149.1263663722057,2
-1.0829717993204386,102.43033396878435,0
-0.6693246163643122,110.20456326172365,0
-0.37411891540249903,110.60961508050468,0
-1.678566043640839,61.73877217311379,3
-1.463041889070559,52.160847416082646,3
-1.5439255122638105,17.612118790893994,1
-0.6844880259317905,135.79964990476125,0
-2.154280036512876,77.91601844904363,3
-1.157712449168286,186.36864686496102,2
-1.4640429575387777,166.68105970280038,2
-2.176146214853695,48.92268702687356,3
-1.736798345697272,66.5797663650926,3
-1.8453722731510365,76.71913645876218,3
-1.1817117610953396,151.64608837512338,2
-1.9035347529474895,-19.874375101422125,1
-0.5505615621125994,123.38072463896971,0
-0.9347217675451758,139.9877938948067,0
-1.6181465275544102,4.244504069496795,1
-1.3872738390492327,90.58882271472119,0
-1.0940190193881023,200.26950092444503,2
-0.8270941023359853,132.07716043444205,0
-2.0399848369077818,15.473690995192726,1
-2.196026860422224,41.3414055884776,3
-2.2319390689142202,-65.11244550196781,1
-0.744212134653766,115.7170538936083,0
-0.9601357081453451,118.77221127524489,0
-1.3185170799008967,1.9020110417204563,1
-1.6568590412759407,150.82748408054002,2
-1.2037745289936836,-30.861662634998112,1
-1.354919203594097,26.73052206422304,3
-1.3181356934794086,64.33048575349464,3
-1.2250302727364493,138.35372390310866,0
-1.211971095586699,92.54284293320121,0
-0.6029971713711212,111.6143591757989,0
-0.5283103827846316,207.36117210756112,2
-0.7539076927203447,101.31272160846355,0
-1.8103978208549558,25.04545670342021,3
-0.24133634063789233,142.94989197136402,0
-0.9568307285217149,140.9136019389762,0
-2.075069439239218,15.150282378144764,1
-1.5870422255445327,83.63313684555692,0
-1.5738942944229197,65.54418586925993,3
-1.0971189867336584,2.2437226769095027,1
-1.2672377825464327,176.36032131150932,2
-0.7622780694047097,105.91438007997516,0
-0.18253902991291837,109.61213458494478,0
-1.790630004376679,-1.68895661184526,1
-1.9805324702336526,26.461051388067578,3
-1.2503419657019201,67.44313095384105,3
-1.9870994341170816,24.699279501455838,3
-1.4162117615402787,201.2932358059323,2
-1.7530658190523427,51.63331215751076,3
-2.74032017749199,-34.98052869259571,1
-0.9888427389426421,88.81645327928547,0
-0.9616429610592259,145.27964095487602,0
-0.4336066256655109,64.35635481625516,3
-1.3688803840316042,105.41603955485273,0
-1.3717424805003473,4.085718769288787,1
-2.157007601096713,80.37012981887045,3
-1.6584605864244841,56.700822059275346,3
-2.4988172364039105,22.235174550570562,1
-0.34021106011709235,115.97320296825374,0
-0.7568143325758805,174.20738071282537,2
-0.878941062301699,168.13480943341278,2
-0.9344358260335347,135.26250504130593,0
-1.8591670166767362,30.81055968726243,3
-0.9375624883017248,185.01408085005897,2
-2.045570031780331,0.46552685613688993,1
-1.230502038961805,35.66336364271157,3
-1.2000627424720538,9.280638828456944,1
-0.9649934516596915,114.51373888796542,0
-0.8350625529511728,81.20794722321438,3
-1.0221155517250509,158.2508739298849,2
-1.0144981193545537,162.4692413101587,2
-0.8780093115255481,168.9885007315323,2
-2.987607446897142,0.7539027203676518,1
-1.156565088013968,70.47811059483197,3
-1.249038599034569,218.35105645658473,2
-2.504806613388868,23.405316917649028,3
-2.1494788157951543,36.49472342921342,3
-0.7468386400751074,104.89152105502535,0
-2.019069410662174,-3.022428867500871,1
-1.8239833192383028,52.847534420089495,3
-0.7415786160532444,106.08601392316011,0
-0.9190421116341746,124.95290862060382,0
-1.0935053832947152,136.24592219782593,0
-2.366763863975852,20.00773227555202,1
-0.9598318235132622,61.929522845338745,3
-1.8291858306439472,-15.22429606320923,1
-2.433923930522642,7.512255170213182,1
-1.9971443917617508,37.61101594256846,3
-0.5071751469133432,94.97803334352716,0
-1.8237103511184554,173.72969987747203,2
-1.7124869442538933,121.36026297427932,0
-1.2883090864459872,11.359339143482941,1
-1.4707205894887558,48.488057157983896,3
-1.5621407529784845,-0.3050893923291653,1
-0.6276477967805327,108.91302780165906,0
-0.5885446003734724,155.6532784730965,2
-1.794417563498786,24.89663151401524,3
-0.47778343613110935,127.73618719156191,0
-1.5574811427156359,23.81939019779108,3
-2.580365932978334,69.00821115027887,3
-0.9536628114695881,9.165101360107833,1
-2.1154710266190917,58.79670391796635,3
-0.4983503878889922,228.3444996697138,2
-0.44048232448148855,144.49171756541608,0
-1.8600847397270537,31.955370782692455,3
-0.8296930510699024,92.1952775091089,0
-2.2447387675400923,4.04207146692764,1
-0.46827788655488944,83.10114901520946,0
-1.1219612034658706,103.44915256142971,0
-2.2624228040949914,26.73024269039643,3
-1.153960783386826,67.43703710505716,3
-1.6299824427768554,213.4260568356202,2
-2.662516770618927,42.642286211753955,3
-1.143226340028609,163.80115028146042,2
-1.3774820621741641,14.854635598336465,1
-1.5238293952841404,42.88318958493093,3
-2.4119064460706583,15.082935729194515,1
-2.442822637646634,17.984368232977456,1
-1.9422811608268786,45.142752627823,3
-1.7950930914404966,59.19430701029067,3
-0.8056931648148095,109.9070778431619,0
-1.680255754005702,12.691919874473378,1
-0.4496318678075768,115.075058046588,0
-1.4999703893074223,178.03888358166554,2
-2.309574279676907,17.819650342121008,1
-2.343416647894119,9.896395555765585,1
-1.7243609095149273,-14.366612625930074,1
-1.3285367205348515,184.20591502418185,2
-2.272307780687084,-0.7045320998622913,1
-2.5954977175476746,48.427951787188896,3
-0.728411772001428,27.873612718691767,3
-1.9479616481848634,173.04416498774867,2
-0.8890899531689249,178.49273478459693,2
-1.770334219742283,59.51160493575626,3
-1.1194981609365027,134.24386253264092,0
-1.5654250374579106,168.3124792065858,2
-2.2461682654295023,-5.920985785413585,1
-0.8963680448278706,138.7878028688807,0
-0.6238822328792664,105.58269490855224,0
-2.07921537057317,69.85877834179922,3
-1.9726135161058618,25.481076063690743,3
-0.7665966589797968,129.79683112037895,0
-0.7836565159504273,98.59571046055268,0
-1.832736713232067,-19.043769196361247,1
-1.239301543395768,46.86197694388388,3
-1.7321860250431935,13.816078775601152,1
-1.964564119024851,49.152465258510276,3
-1.1224612902455664,86.85625925998836,0
-2.554504101088161,66.65466310879955,3
-0.5731864217117604,89.78011158355406,0
-1.9597102945280978,9.479712398608868,1
-1.8755284563073777,59.00661938754877,3
-1.644036238434726,12.779736491516969,1
-1.5862411785398425,19.009040996699785,1
-2.7472071378944385,23.541752968341786,3
-0.8404756081499583,112.08436189696864,0
-1.0830771047475376,28.145904350129058,3
-0.8746705450583118,135.8683728434504,0
-1.0078009668609107,59.79678613478572,3
-1.0371981179444765,130.57221160211006,0
-1.7758908188819822,26.374975303505177,3
-0.5229193454484125,125.77839138264599,0
-0.955379962741852,74.2456727667546,3
-1.4260752795658282,154.97999088231643,2
-0.8677090487001342,121.28490881154984,0
-1.603338050285495,72.9854552767093,3
-1.6940329295817702,60.01881595734135,3
-1.6873116358271092,73.25774212891062,3
-1.9807390214876146,23.787173680435174,3
-0.4551396048488143,130.14872310449798,0
-0.6710401401385233,121.05283965093759,0
-0.5018536286874784,128.80576205480364,0
-2.202446600905011,30.550517115841366,3
-1.4021779246054797,165.09307302257855,2
-0.3410298359587123,137.2343781979344,0
-1.0008517311277032,145.68718031330332,0
-0.5065997128341091,125.58217450878207,0
-1.6796020193306598,122.51917659314552,0
-0.67145635382114,162.86304726464894,2
-1.9014803609279414,6.393002356536853,1
-1.7826011128739983,11.899882415309023,1
-1.7219810685421466,86.32586456503306,0
-1.7126352941852385,5.539491941665709,1
-1.491040680239792,29.557552592173295,3
-1.4527616751947114,74.58274644403134,3
-0.7065897440964688,126.38406881831999,0
-1.2042586847642769,-11.125647486344551,1
-2.5353159498514612,49.44213599038072,3
-2.949696161875123,11.044014661948783,1
-0.8002992925977288,99.54828036222918,0
-1.066723735935311,110.80074848736234,0
-2.016391975595063,-3.8551612069177565,1
-0.6801125637126693,122.90187889735085,0
-2.1537525246191724,30.839937397310663,3
-2.2112248152669998,27.60140733207045,3
-1.9878023280680577,34.58575641805053,3
-1.5634046845785976,40.08925393592257,3
-2.092857349508936,44.6186142446459,3
-0.7167017842801823,146.25960916610032,0
-0.6213667097793161,116.2455319831954,0
-0.49313385292459677,145.77890974807713,0
-1.7626893082397266,-33.8567931820244,1
-1.6362834184809532,-24.15711532125347,1
-1.5364985717219222,58.60147541519461,3
-1.4871407086551178,63.08387392182387,3
-1.4347162825236066,236.71165103237948,2
-0.77160762171609,114.39405494946755,0
-0.1260837693859559,113.04161546627111,0
-2.0029510701452624,46.15152835904465,3
-1.5001612075605522,60.12441320576528,3
-0.929023467954755,173.05975234128238,2
-2.5672788603370043,-6.410507258684685,1
-1.9431836274880336,-49.085590842531005,1
-1.8360354067738196,35.324474965067836,3
-1.5418485766174246,184.11688174724287,2
-1.5518821059407857,18.658540986800233,1
-2.711225892511448,30.13148554267278,3
-1.2368921701237598,164.52766518652982,2
-1.6580089300376684,27.932651949612758,3
-1.4384088063384168,-23.741464608366954,1
-2.646759510934669,36.8331458242732,3
-2.1802620944491897,61.48512201315652,3
-0.41365479366749,144.17628515177813,0
-0.6810919446486021,96.1473685597319,0
-1.632383853207022,188.95922218865348,2
-2.190517251928667,58.303609216978444,3
-1.192525540631487,154.40550690480697,2
-1.6448180513163262,57.24243847796599,3
-2.201149556117612,6.2352856380626935,1
-1.8315963806247406,63.23711563274894,3
-1.400870369992179,117.87946289681548,0
-0.721941662718939,193.73291404264072,2
-2.432654478699823,-14.140998305662151,1
-0.5125234880788825,107.9816277044115,0
-2.0734776843410048,4.635656341389151,1
-1.2285738146923235,-18.459693179799466,1
-0.8795827667887903,202.4132853550377,2
-2.4652506355112114,-9.767131244493733,1
-0.5289842031732611,56.41319618773363,3
-0.588650703240433,110.82310879924697,0
-2.0760537152969647,-38.5485892064504,1
-1.1436078947479555,29.986686788669086,3
-1.6719139588549705,10.223220283450518,1
-0.43187630151484296,109.2202063700236,0
-0.7451375201382431,104.56178655998478,0
-1.9105869708282355,16.704152287825735,1
-1.8130865417941378,-6.483373458353661,1
-0.7398435298798228,95.84239682292716,0
-1.250172006073268,160.50291627287288,2
-1.1882481981217237,117.82269546361097,0
-1.3536642642800254,197.5406374286976,2
-1.5195038137520915,78.77795134545579,3
-2.0220634416920316,4.642809377313682,1
-2.0032065867584112,14.868488642589465,1
-2.2966628807216383,7.31109840892962,1
-1.5030272560749263,25.94906929571217,3
-0.8543690639639872,164.7065881306421,2
-2.4845885295826347,100.28470068561954,0
-0.4970200283433616,120.43051735784694,0
-2.0600556444844234,-8.911166777164478,1
-1.889800809322631,47.62747995083181,3
-1.7047570592678443,83.69449396358448,0
-1.1337408459561051,97.32606427318535,0
-0.4550276442008709,104.53560053121997,0
-1.6181045406777363,0.5114546189007605,1
0.02853141380617774,96.71782564652538,0
-2.1664971784656584,-22.454102503308775,1
-2.451570534451009,-6.238581387600284,1
-0.6699885145350091,126.60938737615704,0
-1.5133030596198953,118.35035731661384,0
-2.298271813872754,-22.281646140158024,1
-2.6896590225875743,-2.4224782332013213,1
-0.9864097599151352,132.57961183586292,0
-0.9779644734920669,120.15748140054622,0
-0.8611525256180449,118.71951490363479,0
-2.3535723342404804,-27.670235990242666,1
-1.726917898740747,79.31650839450845,3
-0.7232598352217965,155.8284600219758,2
-2.5393785912160083,34.763191263076656,3
-0.8368785280690628,121.63726609693781,0
-1.0779722363281086,102.97076651810218,0
-0.8789341846706842,74.221898798533,3
-2.034924225788194,42.659831267072825,3
-0.39680088355190485,115.75553171935942,0
-2.0055498654039563,31.24307290836419,3
-1.5150236958918186,249.54498411513575,2
-2.7506664503771097,34.38422095045173,3
-0.9819334816916763,132.94939447650052,0
-1.7359891300367405,-8.625634068760363,1
-1.8490967316098972,101.08740606180851,0
-2.2979377997483557,81.33877283245762,3
-0.8838974752335851,101.93824365063966,0
-1.8756660007098827,-35.17909184900598,1
-0.5105200372797449,172.90755664854768,2
-1.4196160118539676,165.07689755112096,2
-1.9316532117744192,63.87044465066975,3
-1.6324461294916142,33.11697212481416,3
-1.2451474247395757,74.98427718278,3
-0.47285770403840194,145.90166878850522,0
-1.6180028940072162,67.65067819388827,3
-0.9817889538758929,111.24946205638491,0
-1.0259497864672622,154.21917578104478,2
-1.0307163972482694,132.5827244271213,0
-0.2881564973078574,114.63800794908853,0
-2.310319979933696,-2.3345777607584424,1
-0.8853847238291206,51.77919367176106,3
-0.7550663736672278,105.20378232303045,0
-1.720335444705728,64.58118749178743,3
-2.0467029157533427,35.13328830747764,3
-2.057025794052593,24.10207219090804,3
-0.5062929135209421,120.23385127324349,0
-3.0827541555207394,-38.196037598310674,1
-1.1933570539190577,43.66541549362566,3
-2.081933986135985,34.89182809065836,3
-0.8840886181104027,154.45682930574176,2
-1.234783669917081,126.60256672877843,0
-1.927157147375614,-2.0566952272091577,1
-0.617707715126982,95.1285764004011,0
-0.9453262831780493,119.12332301988114,0
-2.473528895493704,25.243712128503567,3
-0.7117930044552961,87.71516610756572,0
-0.5762515649801692,109.33777188947894,0
-1.6737210917434695,-19.0208984946361,1
-1.9554754674535966,-12.315150669288037,1
-2.1590235641064153,20.25806552937493,1
-0.6554873457875292,211.12185019947464,2
-2.0476662682665263,10.369428544772704,1
-1.296589406764387,213.59886292600316,2
-1.5267297442850993,138.50404078178883,0
-2.548099690029443,15.7239620793004,1
-1.994454384254131,96.29340108159835,0
-1.0780574040791517,128.15954575927708,0
-1.728777264768542,12.019340691807365,1
-1.3792239089355984,69.54329872789611,3
-0.9704586082638939,89.77992570608133,0
-1.5706757768966157,-58.408625492856984,1
-2.5029502104728243,18.886827996107495,1
-1.1357597687267478,84.68799250595416,0
-1.4331463671235385,11.875501073351224,1
-2.209058625679968,24.88256157030382,3
-0.5781311910264454,129.1287097614826,0
-2.1037244054099062,-5.558006524313754,1
-2.456444128503465,9.459789881090988,1
-1.2039913657584813,241.11042671829233,2
-2.4600662451569906,-33.450561133609085,1
-0.3703437775009343,73.44657155535702,3
-0.8991811904776271,126.53858337392542,0
-1.7776937800680976,68.06225972999958,3
-1.1219989188365416,72.58717793307193,3
-3.0386726245308138,27.080502499959138,3
-0.7786436086916341,148.26644651797247,2
-0.950350835103799,-13.386323905848421,1
-0.9060588270161596,122.38635139206582,0
-1.1654813162000301,35.51392702675503,3
-1.3550898877513844,52.31757762589388,3
-0.9038949647899849,108.00346921485414,0
-0.5309926949841982,141.59425495782142,0
-1.7100867964282123,197.21762782132032,2
-1.5433174805015988,51.35604611885674,3
-0.8728543761866865,135.5122065261631,0
-0.3095721797407552,129.8445372537261,0
-1.046952567583961,31.517486468456433,3
-2.2601027073902054,43.00878789731797,3
-1.1152323764334509,210.77112691349095,2
-1.3251598589686953,26.54280595132673,3
-2.145835062459462,28.115771306181088,3
-0.3697438028393604,141.47363888885516,0
-1.3478829664355088,17.0523309883595,1
-1.1567250099369937,-22.515294029079598,1
-2.098939139529279,10.635717027126416,1
-1.4105632728297803,86.76299244927426,0
-1.9381925359132042,3.814584184839248,1
-0.8372484944523557,140.0865345118511,0
-0.5528925335256502,32.75807632707014,3
-0.6881288914995903,147.6646498703729,2
-1.2721535551020704,124.15392366791542,0
0.006131330645748445,147.17290513890399,2
-1.8251129441882918,22.121854528661675,1
-2.5264033783949356,5.801091948709329,1
-0.7761429408259948,184.19355572920034,2
-2.47234761053101,-2.1448268051358603,1
-1.8152174111933097,-27.363127896691275,1
-0.8550488869481112,159.65121563885367,2
-2.842170078855947,33.38645283408788,3
-1.9594648730683086,191.57050938221707,2
-1.117712195719729,197.7163998402062,2
-1.3384442739183178,147.6791409432471,2
-0.7437782432345773,161.48067802809038,2
-1.2201674509191476,197.99968057428407,2
-0.5409987567509735,124.51667449435199,0
-0.960041402816137,92.63554257695209,0
-1.0455523091801489,181.49450039075083,2
-0.6989264773722796,138.11880569233563,0
-1.5509837228962164,-19.01229332641458,1
-0.7698946816806871,198.07313468008988,2
-1.4468547683064896,36.51893206932601,3
-0.8174353236583239,107.8175016671127,0
-3.085877038477937,-10.207946825176649,1
-1.8741315346092073,-36.92384816028202,1
-0.9118615149231801,91.18242070864234,0
-1.3532025217543144,-24.06632578386734,1
-1.8261787571506416,18.688695727392034,1
-1.486624240929194,224.7960831466072,2
-0.9873827519608205,148.50683030384235,2
-1.2201864599188152,164.99578511005225,2
-0.9235532429580866,103.05698728041645,0
-1.5239735366125604,38.7602695928944,3
-0.8806689628427912,167.83517929645822,2
-1.8394661449460983,22.800108121702902,1
-0.5762255861027349,91.59731604097061,0
-1.236129248224847,162.54598000027192,2
-2.5327624849738344,-41.52111022420849,1
-1.0861128888728067,83.06545042464114,0
-0.9036039657882979,172.50033675607304,2
-1.9523769303966183,32.97410855184789,3
-1.4408929737076444,215.6798263599937,2
-2.3681642780041603,6.29841156729818,1
-1.42510679486108,126.9925941597186,0
-1.9174728290241614,41.260018105333565,3
-1.0944439971718778,6.5846671247053905,1
-2.3401795822825435,9.345070700938386,1
-0.906807466969136,36.448484510360714,3
-0.36645402955184936,158.19311529773108,2
-0.39278586919678177,122.05534789764133,0
-2.033665120099024,7.495300599189747,1
-0.5841426954329901,128.42038401253444,0
-0.07901041286938892,149.5438337721783,2
-2.445153962925932,57.96121933800379,3
-1.850571692934938,-3.599111171563351,1
-2.2195720563020447,72.7686160891696,3
-0.021832582925332855,127.55713751265645,0
-0.2604231320218521,149.42334899807824,2
-0.6470741483498517,123.27694330547928,0
-0.9650191757608015,177.73750110774475,2
-0.03799080003528277,92.65736992149978,0
-0.4676764934510857,71.82399374684363,3
-0.8395673862489219,105.00103819093343,0
-0.847404625909524,76.83602894927554,3
-1.4854621394696126,-47.310900519479674,1
-0.8088066830554712,87.44011586313701,0
-1.2528804796078958,131.71006483142116,0
-1.5744230762355655,18.372390259885673,1
-1.4274751975056459,35.27818842551686,3
-2.832940444194507,22.979379005900338,1
-1.3067278851494457,16.340368603557636,1
-1.2254442179451406,-3.729929601098803,1
-1.4668499356486737,75.73412730081998,3
-2.5088161842646652,26.48244859082676,3
-0.8073275339779377,162.66294722916052,2
-0.49888064767788,144.89638346273662,0
-1.8201350729558714,24.2748093190509,3
-0.954059444631677,205.34371338416219,2
-0.9526356124190011,68.04057968483752,3
-0.9777832133014298,229.43437913776754,2
-2.476283702349323,68.95724072673316,3
0.34504524472194475,101.2095755614172,0
-2.1218945954388846,19.866216170481458,1
-1.2433457154627499,120.79103607964505,0
-1.7386445075833294,35.73540996375499,3
-1.3135583389010352,110.73321433829958,0
-2.138035421989215,16.952435214106853,1
-1.2127321687790096,124.95983102521133,0
-0.8291809804678902,75.65870048038784,3
-0.36983606601933455,101.63697699921475,0
-1.6529998958986822,-18.76011270960096,1
-1.4572258699525715,183.93368055055322,2
-0.7558643672453685,120.39411530748293,0
-2.701086413672325,-37.84583227460854,1
-1.909674138571102,15.894691873644028,1
-0.15155601583752032,148.14483956639157,2
-1.7071601929218625,5.760019480240173,1
-0.8812973524402195,177.1279674017388,2
-1.3501779512482055,5.677613522899323,1
-0.9735490775253136,28.50924537337523,3
-2.184784076405071,34.3057467670483,3
-1.5080518735106847,65.10412719170458,3
-1.1445922650710934,129.1177359477809,0
-1.4689811925310727,204.2476579088267,2
-1.1859930709449595,-9.939487877150917,1
-0.6896373253349373,119.22649839535839,0
-2.714793004182134,4.724809162655388,1
-2.2719397962120467,40.84729304828564,3
-2.2410439494238146,96.1116288666113,0
-2.7061879445020853,-23.88167332080512,1
-1.6682813912655823,-44.121450532071265,1
-1.8850310413741351,81.11608092225507,3
-2.050173467481442,15.892354601075574,1
-2.4952958541770913,10.750025755650812,1
-1.452295703641556,51.512072946014165,3
-0.5747940627911414,117.07657864212581,0
-0.19238171165660656,102.35825638386305,0
-2.577126002007952,45.11564237937246,3
-1.3132785285058985,133.4616129917213,0
-0.553233730230966,121.20547619831584,0
-2.148990193632737,1.2039662847563726,1
-1.8884138737588325,30.135732840645364,3
-1.6501789391120856,55.97370820862068,3
-0.9392399917173819,66.41714438605806,3
-0.28270074371398957,131.71026940854625,0
-1.0836561122237365,15.0525672022566,1
-1.2940524256363004,95.00122814419238,0
-1.870410256019821,71.50041489769237,3
-1.3664343597391861,12.420459683013355,1
-1.2250788674988282,68.80929490570165,3
-1.5059010796193915,67.85801732433904,3
-3.1426477274588382,76.12725751856769,3
-2.5890958231751617,-9.210076800870077,1
-1.8726514568358013,30.027842332505564,3
-1.9403261131793244,149.8173799131779,2
-2.30406868162978,-20.246133326083125,1
-0.8988933650880209,173.48846623480435,2
-2.0691404501421475,24.932280261950577,3
-1.2066543416374333,197.97240195829144,2
-1.7147132354659305,67.08922954721018,3
-2.1858203129817477,20.277672309934456,1
-1.7202638642095307,-18.91963149616859,1
-0.9286078956166861,142.37862901829428,0
-1.8947502469971007,94.99782431410628,0
-1.6597063384314399,65.82822278796678,3
-1.6372822043949018,-23.041109746840213,1
-1.75464410144546,18.09381392281694,1
-0.5146237660474962,111.48738117265609,0
-1.227185369521191,96.19668394372141,0
-1.08219958071675,65.1683350661152,3
-2.6403051040862984,58.880394920251,3
-2.3271546511891574,70.55076115562791,3
-0.5483496495854729,156.4107921777794,2
-1.5740607111141613,27.232714994880865,3
-2.6887117555461812,48.83463864137268,3
-1.2103888293658183,181.1247366116795,2
-3.1084146331137275,-19.63912938942544,1
-0.726780895890127,217.0083371448699,2
-2.5133695647468413,-27.93757980899212,1
-0.5628628509710378,91.83923236987829,0
-1.7699454339638214,46.566539309107306,3
-1.0356645637477215,116.63704727067486,0
-0.5729920231352357,68.1265076218165,3
-1.4191578838375494,104.30023652051791,0
-1.6213976382861652,187.71090689582613,2
-0.5845932449224199,93.36967802147785,0
-1.6747974001991746,-37.90749168794482,1
-0.7026276778542672,109.63487567623963,0
-1.1138028197469065,53.93298998133248,3
-1.9259261545716964,-0.5851933788975927,1
-1.60279039651573,41.76553656359345,3
-2.13960862174744,20.49115363365566,1
-0.6879972659131819,102.31944438021522,0
-2.6837425872758707,57.64934519389729,3
-1.453027143728226,38.97789687133647,3
-1.4144143366281887,52.14262446378027,3
-1.5395894354540642,-44.39772230851706,1
-0.8794183350696705,200.05474371220214,2
-1.049926060957194,67.59487573958089,3
-1.3870879856333804,37.76757352192503,3
-0.3145894584433121,133.43162587999683,0
-1.0231080958215164,132.10052061666653,0
-0.7680698314823899,104.24762703610266,0
-2.2898737192645084,7.106201003789243,1
-1.9101622146565191,-11.683564267489235,1
-0.6038754769220344,174.8145406478904,2
-1.8725976989022466,30.357867673393443,3
-1.265497857755308,-52.03754432798755,1
-0.44544051439016785,4.583790942985246,1
-0.4621409395775471,89.98224134653756,0
-1.1415264771646263,72.33677554036785,3
-2.0907753205557285,47.67737078386193,3
-0.9647422443504903,170.76350810372884,2
-1.0530784983075516,64.19497040575577,3
-0.9811824643708644,115.05958030277229,0
-1.2426400396641808,63.23070551494882,3
-1.0008111078755433,170.032859978272,2
-2.623292945289332,36.81800323572993,3
-2.34427351000937,32.347035325934776,3
-2.490607509714493,31.415109529892327,3
-1.7813278864268105,4.3940837075823325,1
-1.9348285811117498,1.4114744420178944,1
-1.4227391138957306,16.174251905193657,1
-1.1971270224601478,24.351637226201298,3
-1.920975710760823,45.328530963209275,3
-1.4325736928297235,74.08940189130558,3
-0.47080762221615263,151.11099961048083,2
-0.41087542767908936,99.4776562531371,0
-1.8457067608909843,92.19885522109037,0
-1.3391896548236062,162.34353045553502,2
-1.2154730539925815,0.5336141023786034,1
-2.1703979802487128,7.380254406949874,1
-2.0721136206045374,-12.327189143992811,1
-2.8151896358803894,43.163873764035344,3
-1.089955502264873,71.74733190791243,3
-2.7268090720958873,15.644575628193284,1
-0.7574399336999597,114.20521570888812,0
-1.997492059859013,62.369287258872944,3
-1.93559497794348,50.286663328608086,3
-0.9082198379138982,73.18267760703203,3
-1.360628100254645,162.65501443279098,2
-2.0607981343392656,63.48444395287193,3
-2.2205405828351474,-35.04834292551777,1
-1.302114464412577,156.03328959713454,2
-1.0233186219650914,112.10332190979571,0
-0.8638156012726704,98.11443982124554,0
-0.5938134703634621,138.9281249503701,0
-1.0482784717202145,16.113676006189095,1
-0.9603338158761907,153.4876634942412,2
-1.2610682197453607,57.367228951598975,3
-1.9114929058611287,73.98890788543295,3
-1.998050491776051,128.07244174176452,0
-2.4014560872347404,53.957209076346416,3
-1.6167117411454814,6.076145546852256,1
-1.5059874948496905,61.66713825584112,3
-0.6276912623700797,123.77418520398234,0
-2.770629491585916,-14.288128848264066,1
-2.3637544518902898,-28.540648361804493,1
-0.622682018548256,198.1838620473185,2
-1.090024430968805,156.64539541119694,2
-1.7981814732370882,5.996793262451881,1
-2.6811678081351324,-40.9707267238585,1
-1.1140537831935404,120.58241558530608,0
-2.017706188069223,26.21425686882914,3
-1.2989434138815872,129.87653843523742,0
-0.7906315584980742,90.44146539340444,0
-1.2167634057501586,5.966538882772198,1
-1.628481542770906,-15.229115228591262,1
-1.1031998089528396,58.30310306799381,3
-0.6975138367195811,92.27338957851975,0
-1.5449613669072955,99.08909073437593,0
-0.4538834945962218,101.9892645877426,0
-2.177928503176981,22.113945156796127,1
-0.6203047795024569,129.79507450534342,0
-2.8093765285070993,-8.343995348231772,1
-2.194349124497113,-23.77812265937584,1
-0.598004126928178,134.63827743450327,0
-0.968190730679294,51.09918167953599,3
-0.8848868673560569,134.70597721161366,0
-0.64043185046046,140.16265903626996,0
-0.4905861552203074,106.21448452702984,0
-0.5548179912123963,157.37269907638478,2
-2.386876416508931,-9.66765039850777,1
-1.461965667384201,13.177685312655608,1
-1.16064586385758,90.40305712171408,0
-1.184170034156425,136.18564270926603,0
-0.7115277743184787,123.90339514653273,0
-2.0173749436955646,33.47279624633266,3
-0.906848822630108,95.59086651605655,0
-1.4198937240203213,23.62877327525574,3
-2.145809927959904,-14.394666296732908,1
-1.474467093327727,43.03321179278655,3
-2.371315368107122,26.970633072362237,3
-0.4109134881127859,103.75927964118199,0
-2.0425009977440407,32.144828593297675,3
-0.7332402639065326,94.85615243248401,0
-2.040368249429603,81.57650138046313,3
-0.6962214562627198,35.787168692341055,3
-1.3257420405577236,64.88129551663775,3
-1.8424405277503642,25.892809394767617,3
-1.8424010452299862,194.85285913983864,2
-0.6294752141941684,118.85998714993212,0
-1.6598491160950721,6.8556333041104764,1
-1.9673650517037649,-5.166248690618598,1
-1.08516682329033,118.73939966460745,0
-1.2322984101221381,-41.28509134742576,1
-1.0614186242135801,22.53822603749392,1
-0.17966603808246895,126.03960197788543,0
-0.46693232319109945,131.52213210342205,0
-2.4842756243419375,52.49510887914945,3
-1.891651217633323,69.18302335519121,3
-1.9337280319912078,39.81802017939792,3
-1.6363497743901394,11.688537865873885,1
-0.8114739031183007,161.87898905002046,2
-1.4816870138070002,33.45316539258379,3
-2.511481871362763,6.7444048360611895,1
-0.2242790963426492,80.39256064933645,3
-0.8351188990538786,149.75097780638387,2
-2.0515309805296376,60.546988145194504,3
-2.040107065530649,47.2416499294314,3
-0.24809225387800493,137.44096728305442,0
-1.149777162290784,118.50330995182944,0
-2.7914818064854026,46.81998015816542,3
-1.8140893309911734,43.449218728114985,3
-1.7023868516159304,-7.939768347701765,1
-1.968780297684759,41.130302334424016,3
-1.0639903695899693,-23.471702974511402,1
-0.8765722118250125,140.34904727295168,0
-2.3444113523836676,45.864896742727765,3
-2.6718536899392897,-10.66559292611516,1
-1.6217144619768897,42.06023642434585,3
-0.9023252009538931,132.66938068669248,0
-1.4642101754394548,133.88376406101006,0
-0.9519832170787801,82.10965041481973,3
-1.9055174964464057,36.348893981652324,3
-1.1556583215291192,133.09590995875766,0
-1.705774186087598,-33.59384588526448,1
-2.251061109397693,91.53649490018762,0
-1.113356937298915,48.48875395113329,3
-0.4820281222916002,209.2486802416004,2
-1.2917968415986478,19.082494658053367,1
-1.4482305889186544,160.37477246411723,2
-1.0433083940145476,138.5292336016301,0
-1.4473714065582683,-29.41133486600662,1
-2.1019591305115743,51.61334254613631,3
-0.7162167948172138,97.95326708638672,0
-2.950418300948506,45.84971592354029,3
-1.2792013902449846,212.81189330246178,2
-1.808221736607573,23.4902963123133,3
-0.5466700862665379,124.58061935326788,0
-1.3850331020738014,173.00079058008552,2
-1.0884105731101388,74.75648654725686,3
-0.28409873234584926,123.9608628976389,0
-1.1828768880178224,189.99395983683573,2
-1.6260196192011156,23.21301220446813,1
-1.3966835057147642,-6.54990351362094,1
-2.641681149747415,45.29571600886362,3
-1.5127925835036082,168.03933111873377,2
-1.5686991479228927,209.69426489752493,2
-0.6093751794913982,108.16840853907838,0
-0.4306331037376298,103.59908256134389,0
-0.895926235874671,115.07261185153705,0
-1.0895597424466776,119.84168151371482,0
-1.3082081116208908,110.74301596949041,0
-0.8224936722723111,112.52374035853308,0
-2.30874028381892,34.83820028309055,3
-1.8620592497978392,57.66245623999819,3
-0.9340644465716241,135.92996030221641,0
-0.8802482646036862,52.37061939062834,3
-0.8136723897090131,88.2087947269069,0
-1.0922004564607788,105.21092279565184,0
-2.970117960523244,60.743146568940865,3
-1.9086958376096748,39.208319403236516,3
-1.216924374513233,13.316343367395973,1
-1.9722340731153007,-16.32158897804161,1
-0.8760185260789417,162.67326519980645,2
-1.91832883137562,31.93307832882418,3
-0.9146814389383605,191.2347704234622,2
-1.3286878498697585,179.30087394294327,2
-1.9368023116860296,83.37974311833267,0
-0.8230882202725651,199.83524199630247,2
-1.5852371629894257,19.605357709598533,1
-1.019661848728223,182.00623878065187,2
-0.8784921666664147,93.89993031639167,0
-0.5599320701764494,99.69487745567989,0
-1.1778622366052451,23.100240362575274,1
-0.5823099346122375,165.67773810529516,2
-0.7889175287149697,107.56657650946835,0
-0.8284336654904916,139.9990031829986,0
-1.7885405729978885,-4.066477397621615,1
-0.391070354025572,162.27418283439178,2
-1.4940353196304614,8.202404274550068,1
-2.1068399504907167,119.09126584431216,0
-0.9829380586813874,125.17123552263214,0
-2.4588209983398253,28.269185620761363,3
-1.0764882507328533,-12.383337868193571,1
-0.26040234160958387,143.39181026981373,0
-1.1019810113817168,115.3970316176142,0
-0.23964596081586764,123.65872118038918,0
-1.9252351697250278,8.383919133234564,1
-1.6304660135246798,42.24740966377582,3
-2.1559713171119914,5.582489156000202,1
-0.32520884816171614,115.86924114749122,0
-1.63418757703243,-46.556297651746576,1
-0.8432528313843168,99.48568814300077,0
-0.7005920635876068,146.31633340820878,0
-1.4568583880982757,20.716387941943307,1
-0.23308455312137222,109.99301510196682,0
-0.7481025933327482,120.07278606181144,0
-1.9314377297824867,64.2916039202974,3
-1.0558573520498546,114.8055850607842,0
-1.3364303870906038,141.65637722852253,0
-0.3806993215779784,125.55924519052849,0
-0.393938974977221,117.88756945484933,0
-1.4870410843882083,34.48597096198136,3
-1.5868309034301855,8.60787238007673,1
-1.7300368744753958,-39.17116027607689,1
-0.7223573807269761,99.74629167467153,0
-0.6259746640827414,137.02078458340063,0
-1.4014136220957427,116.40598980185088,0
-0.5048782430862255,117.14759417454803,0
-0.8235715285733759,136.40603117922745,0
-1.1292367722359546,154.2360357880826,2
-1.925229175484334,11.75189756019145,1
-0.262710696045402,131.11689254070373,0
-1.2722909903961772,185.90141888168404,2
-2.37417900072356,-12.714423220808982,1
-1.0420047121096752,19.38687546458883,1
-2.0109107166624116,0.2513804819839933,1
-0.16377640041033126,159.60628784478862,2
-0.9177353723442898,90.43879866922818,0
-0.5314296948884198,124.70364451370509,0
-0.6169003161607647,20.616225279929274,1
-0.7795844312169894,112.57874053889246,0
-0.6959745170636749,91.55690254017736,0
-2.68070440569604,-6.58253801485516,1
-0.8232665804936316,100.35250481298661,0
-1.7243942906075524,84.13279743501752,0
-2.1699061699440576,-10.039329069130247,1
-0.5900385873361109,81.24533690600691,3
-0.6662251566351673,73.6237187948798,3
-1.8055027930071714,16.565731807479228,1
-1.0948453635474094,63.477072491392775,3
-2.3340345886700216,-11.09707824502182,1
-0.7566166153887077,168.20825462764194,2
-0.792458332912227,43.32441652515425,3
-1.98397755976463,43.129123948179725,3
-1.0460356646265303,89.93779691527826,0
-1.9070021030263842,68.33034327703618,3
-1.723806434217327,-22.250111536763697,1
-1.5572356168351917,-14.340390888418966,1
-2.329306210346158,14.344923994824246,1
-2.0804315886448315,59.468616925249606,3
-1.1224049563710652,9.769245175124041,1
-1.9902823242820118,-0.4800316502143289,1
-1.7963494624829413,92.25066442103345,0
-1.3249591220041155,85.55159673547728,0
-0.6950972189947099,135.2720353570742,0
-2.799339474330057,26.684987860267306,3
-1.555532355388304,89.80322652675643,0
-0.7293908881939298,125.16702711276369,0
-0.22795844164860202,83.22104449636578,0
-2.601433944298619,74.14297477675059,3
-1.2678260057094919,141.83220560739815,0
-2.107936469481486,23.409686086694137,3
-1.2268765263508195,142.17902125183033,0
-0.260249063058859,158.77478036736028,2
-1.455575245993579,50.41897456728504,3
-1.197402098871657,163.88464645629693,2
-1.0342391647250113,167.00757314380132,2
-1.99796200601189,19.360371054548573,1
-2.078739377097049,-25.989091043017197,1
-2.5706222699540957,-12.067206415017871,1
-2.0329194347148727,56.83444568184154,3
-1.5430500685755648,11.594746407942607,1
-2.354711029324868,28.817044258198273,3
-1.2139919031156938,51.04581132360657,3
-1.4929006294809148,207.28880746134462,2
-1.4936109863724458,52.17347340255191,3
-2.5693717512407774,-1.3520008153174885,1
-1.1197886983445149,206.2629363583784,2
-1.2038379923343763,111.68895274675859,0
-0.5361619426947531,174.6905439746714,2
-2.645861480672472,-24.47049091298873,1
-0.1429788133737413,96.34863756319726,0
-2.283809497413338,76.51017374679664,3
-2.334414955942072,47.691103111965084,3
-0.872965067508988,123.69417455420921,0
-1.0627417225696445,115.73407835691852,0
-0.6304332093226551,106.75643625756915,0
-0.42978149715708425,229.24689478494452,2
-1.698228515374008,31.591747712208566,3
-2.3111996016112526,42.85685461863511,3
-0.9184003123189353,112.75006388365743,0
-1.447859897328137,-23.926210995846148,1
-2.1874687163975697,-18.15461350848507,1
-1.516067052558822,55.76184740465128,3
-0.764767069289503,115.63552264863132,0
-1.6949178739239723,184.2350073122389,2
-2.000501566409143,-4.204932888177087,1
-0.9555102116739522,116.01790355086935,0
-0.6525501891756257,109.61603770691059,0
-0.8641769034256754,111.76383844104531,0
-1.8043175957684723,6.279395845990473,1
-0.8266592490325928,103.55078555022236,0
-2.3893468392141255,37.35854427131444,3
-1.0949211704038244,136.95349571022797,0
-2.1192539876033183,58.15393420405084,3
-1.3751735814932071,133.1287909229059,0
-0.5956854451498816,124.89880509847507,0
-0.9954310228802463,120.75936772773382,0
-1.6998745559502741,32.41949268348837,3
-0.4887377021482846,143.68140510566457,0
-0.8203300783397471,52.428943613068625,3
-1.99883782503858,8.73996742779621,1
-2.632558381153697,48.07948409612358,3
-1.0398992692588878,11.66853546167764,1
-0.6531187490466293,97.94295644972547,0
-1.4493910176564362,125.75237013060989,0
-1.2632394906553739,1.1799284615076964,1
-1.2445966956633001,128.33089116458333,0
-1.270354293838089,120.75127281364298,0
-1.4566421491103325,60.17293153099762,3
-1.0569553373089118,164.32623020415812,2
-2.0406722989569803,52.19231793746017,3
-1.7454447395832675,169.60394420471428,2
-1.2768376611540322,30.43282520328656,3
-0.04945704527718642,132.83878746675495,0
-1.3537335432144162,-27.07582942598085,1
-1.199136655679347,12.113000711586736,1
-1.1006709734199487,104.46791972981259,0
-0.7348114385838791,182.44643760430634,2
-1.4066785862678954,171.54692826932956,2
-1.1281400211150459,80.37577946651092,3
-0.7860467215466319,145.5690065592851,0
-0.8781778946404035,77.50046677981479,3
-1.6298303710684126,74.8986071926047,3
-0.6092490987676228,110.41853822318598,0
-0.6750816076848444,107.69547278395085,0
-1.1316990908529705,145.80442205051784,0
-2.2740327427725813,54.30011654220763,3
-1.227415102120804,191.25863144257374,2
-1.7733015996512669,45.450424660891656,3
-1.3393902685030816,117.3272042125747,0
-1.269286536311097,48.91121871866024,3
-0.3852675445063503,94.20481251023976,0
-0.7709484328232411,192.32733802995588,2
-0.7411063750740844,128.75447936464528,0
-1.3204825235586086,119.46200011526788,0
-2.2873430485092388,19.783624563909424,1
-0.6643043997065959,113.20648894617912,0
-0.46733867335522083,138.07249984318298,0
-0.6095967463083496,129.61852046047196,0
-0.881118565410332,65.35122065463605,3
-1.8706558189467288,19.13141864494881,1
-1.7895316757698068,8.488248719377832,1
-0.34591230067418655,106.4884560565137,0
-0.6875661748384403,96.60924124867196,0
-1.0706752315197132,55.70274442503117,3
-0.39240575143564516,114.15206210772732,0
-2.0884344820183527,35.14659043549748,3
-2.400917558668728,64.76775815761354,3
-0.5577735584956153,117.2317478272696,0
-0.4118296106301602,103.33484399610259,0
-1.8154042313734047,44.72715693599436,3
-1.7452589506451086,8.86721647379646,1
-1.8278287305332563,-48.8411361308666,1
-2.0320015948121024,36.486220839807444,3
-0.29237909610697044,144.43868813640412,0
-0.4972562674528957,113.91434117848267,0
-0.4168768405185385,138.68208820629397,0
-2.4256545164257215,19.465963942242862,1
-0.7029865682204204,95.97345318020061,0
-2.5265095876493584,-18.864061092828393,1
-2.76043889215416,12.059366707944458,1
-0.7218553742491816,139.477512637385,0
-1.9800961105261958,43.723815872286295,3
-1.5931868858362317,-4.648470832571782,1
-2.6114367833392644,7.295527470315811,1
-2.301738618940284,60.47421456124203,3
-1.6306049073640798,150.17331632598263,2
-2.4463693353682103,-12.65808635033543,1
-1.050210959781608,113.68373497732088,0
-0.9557094849382665,51.78642674775238,3
-1.9971129169257364,53.698581622718514,3
-1.7409094769464313,16.35700534929965,1
-1.9160352994475247,16.98687830987803,1
-0.8365773405257549,149.9440671037485,2
-0.7298131918785271,140.11773151165346,0
-0.513336234561951,148.74918160751827,2
-1.847127776715318,-8.167406095285084,1
-1.9698864061051515,-12.332314430078284,1
-1.4478284276442535,96.23968670994498,0
-2.1352248890875587,195.31126416859905,2
-1.9077787711960363,-33.47813246889334,1
-1.8165941215561459,55.036477631089916,3
-2.02555761971772,18.034387514976945,1
-0.6128516856420321,122.05904556271096,0
-3.082542672087651,10.833424828786997,1
-1.139182041678831,212.91708745944794,2
-1.780883836610932,48.625402685740596,3
-0.8609309582375861,60.977804180079566,3
-2.038759869790437,-10.63516538830024,1
-2.5590559939996744,57.59388316865082,3
-1.2285404346502942,55.22521107266283,3
-0.915075783255318,122.22587222532346,0
-1.0042085616907934,143.4004526143481,0
-1.7370539171831492,20.131416198181753,1
-1.7528043152939838,-4.251360832928878,1
-0.27902024106094603,134.41777363769498,0
-1.5882890248381138,77.20465375862098,3
-1.4821897684049037,-8.761353252317477,1
-1.022770009964268,143.31201905767128,0
-1.0280104844449403,142.99859733204602,0
-2.3855786190776853,7.236365928353104,1
-2.805869612902915,29.368281072252977,3
-1.0792128258475997,48.36155694267478,3
-0.5088416113483668,25.094157227054147,3
-2.0876937901522927,13.732155187058444,1
-1.7333060402551823,82.69290644791974,0
-1.9268618995963553,32.90425058237079,3
-2.3431076148541217,55.07988142118399,3
-1.2380164801043672,125.74736137928548,0
-2.682347173981826,-16.343625340607588,1
-2.4406839043771797,41.41921872256388,3
-0.40886688687411904,126.25406264008245,0
-1.5361962034471155,-21.798056720854404,1
-2.203941489102128,49.8382000399919,3
-1.5827892567530593,158.17870483325717,2
-2.0761338450087883,7.951174252353544,1
-2.4319480548817483,-5.9752360681840635,1
-0.8716904230075189,188.9094389173053,2
-1.43623497592884,42.47744405992476,3
-2.0090411785581637,24.707715902426838,3
-1.5753365499113898,-8.325935418735611,1
-0.6408728067064434,119.65180446974628,0
-2.4345490645644174,84.22073930618807,0
-1.52898634764346,114.6054827983371,0
-1.6305040121319272,58.59970815615864,3
-1.0191833531428929,127.50014580800917,0
-0.810919025562319,64.68843403003984,3
-2.9908435764309647,10.76867087159299,1
-1.2528487263588164,217.09987419913136,2
-1.4026422200671826,128.49753863875827,0
-1.33009440546492,188.14806436454893,2
-0.6121977680303738,125.76017146105097,0
-1.4825709081055427,40.32633817615152,3
-0.7099054247459461,155.5813313761465,2
-0.7696985472362028,89.19103261814057,0
-2.6355797175905527,52.25290338815625,3
-1.7480056531397976,18.729213680294553,1
-1.9041164041580312,90.95626384208063,0
-1.3804932800315597,73.84275322714399,3
-2.550874624341307,44.163425427663825,3
-2.142824917598033,-5.51098305574147,1
-2.329349118249029,-33.06574062600724,1
-0.6004736800899323,127.71994398137961,0
-1.5738440789276025,36.50336928065085,3
-0.39823735721530557,127.11498537962738,0
-1.7793111651414968,14.970333116336263,1
-0.595324874902969,141.58952470271072,0
-2.43468473885954,-22.35780119059129,1
-1.447519019420127,-5.846557957881831,1
-1.0001753187790687,81.42179169599513,3
-1.9754679249940497,-1.5777103249119122,1
-1.2372307311003374,125.82102965138516,0
-1.721093770087677,53.81370921143853,3
-1.476539931612142,40.57516988957727,3
-1.8722637233555333,-36.29841592688246,1
-1.2643246478495447,91.62117048433021,0
-0.7255408938471971,104.95176630047436,0
-0.7679706528202203,150.698121161464,2
-2.308178104104527,24.854845436243103,3
-1.1116216779146528,112.82445018754535,0
-1.469422533519144,50.83866364962233,3
-0.7006910974858382,153.6579524610857,2
-1.1107920303327083,139.21521586345418,0
-2.6883533833065894,0.007005133959733456,1
-1.114957915325717,-69.69091564268012,1
-0.701907438364981,90.74296491654611,0
-2.1066112443809937,153.22099430758365,2
-1.884660623405006,0.6084337016338033,1
-1.3248106460863058,20.201903557077717,1
-0.39464515341284406,124.1482230082398,0
-0.8591473332246526,105.19151532524891,0
-0.4528160276166522,108.57117939398674,0
-2.1204578980990187,-26.48697245928723,1
-0.5362307529789363,101.57475824291397,0
-2.229655688769452,-7.4189629835435085,1
-1.0911081008653705,205.6854291462586,2
-2.4909474184116975,-16.214783058947617,1
-1.1391574052219196,46.71817991591698,3
-0.6065700011541475,120.04867722071954,0
-1.7708251729676172,1.8995869967919745,1
-1.950227774967858,25.441762196464975,3
-0.6211977946088463,154.52520641830324,2
-0.6722934483035319,168.60111048196364,2
-2.139940217897866,17.21377265860695,1
-2.09673604812209,-19.400871709035272,1
-1.6924263402178406,-14.813599157466037,1
-1.505189491859956,44.200724031538925,3
-1.198891296090376,12.105744887026304,1
-2.2792724806387827,10.373461263797042,1
-1.2227768806673975,194.74357900185967,2
-1.4308396060791906,196.53657094474516,2
-0.7849804681013828,214.4371390684217,2
-2.242512570988424,18.90731364619625,1
-2.242125278559478,19.47957919299173,1
-0.6655768866778369,76.50761973110403,3
-1.5228820220157582,220.45850177025858,2
-1.0598225709915798,116.03860436979183,0
-1.0655329045709823,116.18092696400338,0
-1.3516660501192124,197.09037084355376,2
-1.1440907439948331,169.1005331944109,2
-0.6974524220046671,131.54102854382583,0
-1.7601395693946038,174.58036915227956,2
-0.5884999491761231,142.86316414379957,0
-1.2259302658609004,136.78175829455324,0
-1.4368160953115727,52.95796718751107,3
-1.8920580342244813,-18.20184736163783,1
-1.323757845781751,68.13835279833211,3
-1.7089964910795667,46.130927105592434,3
-1.406855703385064,114.02398689806225,0
-0.7910016541771108,135.502270400917,0
-1.4118184470596555,-18.178056959230418,1
-2.3064603251362845,-34.521475622828824,1
-0.8216641061156775,127.44956507221626,0
-1.4376501411989224,128.11401373002968,0
-1.983059162014084,23.093008068481613,1
-2.2230072267625283,10.29342734271264,1
-0.9766549417768327,196.23510723861955,2
-0.23796154314296636,128.58393551889736,0
-1.1698288919598727,183.01541177470855,2
-1.049247775822328,153.25743482241847,2
-1.5926761642737426,227.4201806432904,2
-0.9358627577071236,129.78766949455462,0
-1.5463667432442672,7.354767906546222,1
-1.9519816590512922,54.115976851414636,3
-1.720374027585857,-12.286298344929627,1
-0.689567751085082,153.06122872777405,2
-1.6778282225111467,65.35952595454492,3
-0.1657579608316213,129.68386661970933,0
-0.9988580439835357,131.9112533109986,0
-0.4414368924351709,99.71889937899805,0
-0.9557958734752342,80.46480600717697,3
-0.4819205564833243,103.71093019041672,0
-2.1685532379834456,-1.0063003315584105,1
-1.8640195787408578,63.19065047560804,3
-1.431310920021553,-12.059841167967939,1
-1.4335043058514905,167.69291250999737,2
-0.7398201259669835,115.14159052034654,0
-1.2307815808337947,3.969959049342563,1
-0.9590531784810665,74.26536220748199,3
-1.2874360330695531,97.92499387789934,0
-0.7309096803860671,62.61316546298963,3
-2.599781769786973,69.75031438010375,3
-1.9570873623730682,46.29336371276118,3
-2.2920557844719283,-22.96716252472561,1
-0.8133098241304867,119.37709715578521,0
-2.2305595006581527,-14.293231800308547,1
-0.6122410018578546,120.0402536321682,0
-2.2177735505699667,31.755078774458752,3
-2.3423330244183234,48.63116037566158,3
-0.37702393201554846,126.14615071095128,0
-0.8379409416193127,107.16915339288845,0
-0.3053241052544282,109.14810964351366,0
-1.4684546334370652,36.224130673752924,3
-1.222027196588529,151.16797256009983,2
-2.0554724034790004,-1.6733946263182595,1
-2.3235242614023663,-10.73799829448101,1
-0.5123693198492177,88.6559193942981,0
-0.6297688855436595,145.2597775460875,0
-1.1089191175449749,66.78416347130795,3
-1.9047032758121487,26.94885671872614,3
-2.3317316281374376,46.39842259185164,3
-1.698948496076659,26.55042517932756,3
-1.8824026870235473,16.36406711246502,1
-2.426143058893574,-27.74428560342551,1
-2.786105210410212,56.53919691409752,3
-1.7426797052857466,64.65490709344162,3
-1.9492415750492162,-39.0415658195841,1
-1.3298799439728954,-29.239978187419645,1
-2.332493974181196,59.79905567285107,3
-0.9801695172171953,84.12061850184186,0
-0.8824920961225878,104.07067644524254,0
-2.425146694929883,23.285589139090494,1
-1.4817616836183773,19.58314357006826,1
-1.8873580169119692,-43.76325505149516,1
-0.9574030591908579,162.55311840292458,2
-1.733980768498486,-28.963800962690996,1
-1.3154492922548675,115.52105454975236,0
-1.857339397812383,66.3645407214889,3
-2.050080778761127,65.97698286959528,3
-1.5899898879968926,45.53341292626489,3
-0.971750532083347,103.37353823844754,0
-0.6602951950762204,221.89381633071835,2
-1.7474408153136145,6.69497716612921,1
-0.2681617945100869,68.59981906213034,3
-1.066567844740355,161.09752246521325,2
-0.9614851269461023,106.86593248419435,0
-1.1482731507859583,70.03873923021072,3
-1.3643791870829038,-4.429810307000501,1
-0.6257977521402294,101.22975652543296,0
-2.6994658741170126,24.25026351550706,3
-2.3230503757447987,-5.124102242320927,1
-0.5046198680726026,93.3203366286867,0
-2.351871627203204,-10.996806238958815,1
-1.209104317649258,144.65519872786945,0
-0.8040952059665633,135.37317865040333,0
-0.5325473843857986,167.98290219301202,2
-0.8621761341354361,110.98982967683138,0
-1.0454939620925345,148.57006470987,2
-1.188704711621007,87.80465842056716,0
-2.3043752931494814,58.02317656326867,3
-1.2395917627197954,35.38720069019275,3
-2.223015654468442,16.72090586936805,1
-2.8033559195892344,30.398213209107006,3
-0.5396589709802108,94.19507428017093,0
-1.9409393118482459,-5.920667965930278,1
-0.7956460898373008,169.5939188768192,2
-1.4407582184116445,-49.82323776694308,1
-1.4313853516699098,37.510265767143444,3
-2.0314245300807365,5.363026225094265,1
-1.7822607344699966,125.27515148556152,0
-1.3562843036455299,219.8849052557535,2
-1.0307543044107206,138.21603186015773,0
-0.9242989796882632,167.2536363479643,2
-1.1717438769762394,49.58040576369863,3
-1.1425049002482006,14.182808544063903,1
-0.6426843754649332,145.7767289461723,0
-1.7680301155614764,48.77374122069354,3
-1.9086867715040488,94.48150470765539,0
-0.995118351984857,132.58950022994415,0
-0.8285747915947873,100.69190921113619,0
-1.598340881033976,74.62029703152785,3
-1.8520181331756143,-45.257718918823116,1
-0.47880957592324247,60.206312191887015,3
-0.8926502654938229,179.01693787093825,2
-1.7042364172918663,24.819601237207205,3
-2.113004054916276,40.35225228137047,3
-2.4293798409515133,25.086258636605677,3
-1.986645232364385,42.98319847232493,3
-1.4035334599333253,51.397656502933636,3
-1.396101517109492,17.251520428442785,1
-0.4866450840709433,122.4305229287765,0
-0.991319545967191,62.40996750387954,3
-0.84988625889967,100.24463532329123,0
-1.0245394168153128,86.86468303553522,0
-1.1411338673451243,193.73923979800207,2
-0.6248546484635287,139.66655523828356,0
-0.45560335573254923,153.55869844661294,2
-1.6470498091700336,38.10241768852521,3
-2.1887087881318443,17.102557559680335,1
-1.8652164872133035,24.52768371430047,3
-1.8976585492445395,23.547836865300948,3
-1.7309849749780657,119.3155264627552,0
-1.4951881512905225,36.72474633196302,3
-2.1060729521174473,40.840267173459125,3
-1.5899559974116413,124.73144917482666,0
-1.5787520313572356,161.8561210432452,2
-1.5146124483540788,200.13154794452316,2
-2.3931543316884514,-13.039746819383367,1
-0.7214930237120105,156.18531497110075,2
-1.9460557256177426,-71.46050215985206,1
-0.19419253869638453,198.56348301619246,2
-2.8573220986523014,-18.41503261316825,1
-1.954907017707683,72.93858561082465,3
-2.430510859634742,14.936388113156,1
-0.7110024366222472,136.72601585333553,0
-1.1301210147747094,113.81000537854771,0
-0.8038793539693051,105.69576987578276,0
-1.4345435171008725,51.41037956547039,3
-2.18726517493282,40.338638421339716,3
-2.404446872160981,-24.20194672321869,1
-1.355951663018215,181.07183732050498,2
-1.3131775274705217,53.726334755931816,3
-1.8569743044158922,157.15643632829546,2
-2.181029545995935,-10.81418258045904,1
-0.8835330471961195,94.63178293375786,0
-1.2194851962727111,9.624795386209966,1
-1.520898456011524,89.21487223658639,0
-1.1065646265924698,147.24327858970332,2
-0.8852530998484794,115.42935736891522,0
-1.1583401625749947,46.212682370700385,3
-1.7578200071027483,35.664449860755816,3
-0.6201073554012158,199.44760107790026,2
-0.7487227195056612,135.2354301397562,0
-1.0896619320855263,124.0692666239732,0
-2.392934718201314,27.346928399491624,3
-2.015406891824454,-0.25676961571767265,1
-1.5241778855406394,109.89312056897445,0
-1.4860250767063854,32.234921707288095,3
-0.5799969448746518,116.04170947877165,0
-2.172313869955784,1.5684565566651152,1
-1.4067114360888726,25.83743816288609,3
-1.6390314616224781,78.90717674719852,3
-1.1936921117450658,51.648272567800554,3
-0.44341570617035914,137.1316077841885,0
-0.7022510135949789,95.28130160126193,0
-1.034840374038305,88.13769373957344,0
-1.7709693909374884,6.119037165013923,1
-0.8728986213431653,123.19605898117528,0
-1.81786520602704,-14.78876379805454,1
-0.7689832724695278,128.53374713524744,0
-0.2725888662158994,98.10574826904534,0
-1.742148551599731,35.36726426435235,3
-0.8634787857381133,115.81401244453471,0
-2.0256121821124062,61.73717050736153,3
-1.1762476915307358,160.25296585393681,2
-2.3990180584477208,40.9205092857856,3
-0.9924920555479424,134.73360864829277,0
-1.033584226858994,140.80012944874002,0
-0.6310607381399014,92.36946395806493,0
-0.7103747607864198,107.92258536645971,0
-2.0246703608391767,-17.497199054860154,1
-1.2391343417852827,11.8890410655575,1
-1.1451697112645491,168.5460246244006,2
-1.1346141208939144,110.21664261739835,0
-1.3730417015176712,42.052018349825616,3
-1.6245680374509988,32.35923407374851,3
-0.29969020825198667,168.1795672440397,2
-1.8850557433436967,175.10640682014025,2
-1.6985227407966588,11.223731476766995,1
-0.47465784893704493,57.910204339046686,3
-2.2217757101829387,3.535000412598926,1
-1.9389580604097252,8.599519769794405,1
-1.8287396213263505,-54.25847394249972,1
-1.6993491483919723,48.461017057946975,3
-0.6578752522477381,189.78142392806183,2
-1.2686891136760257,60.50853835682081,3
-2.1967910811471465,28.38645745923998,3
-1.469330170485296,128.76788661980348,0
-0.9746850304152194,58.06370583841672,3
-2.5213425197634454,-53.62105300909194,1
-0.8719105847408136,93.97144862926025,0
-1.6867736382002374,15.886245928326186,1
-0.5714148443326655,152.50754240626605,2
-0.669412853603413,140.0527585511395,0
-1.4910316555666094,58.29298720490849,3
-2.093155990384027,-0.7760840260531126,1
-0.754498163080292,120.17781613916522,0
-2.8257409171385404,-20.554838581916762,1
-0.9841274865117403,130.73563478217304,0
-1.5304431947814614,95.24498659212718,0
-1.0622106457349902,55.28658144099612,3
-2.355145388318062,-6.926957410893127,1
-1.6440192488890113,-8.390394120562636,1
-0.6784506591116953,69.96738018614266,3
-1.272446465662561,115.61412992128899,0
-1.9038363391584385,75.53122536771903,3
-2.209992495481875,11.95151213619031,1
-0.8022356529601578,152.6142324874031,2
-0.4360901655453473,114.41193150289807,0
-1.7391312895070574,49.53440958560197,3
-0.6656511337045616,122.61916582576173,0
-0.8976100630891708,150.21318802065517,2
-0.9013615041544057,98.15819656744588,0
-1.0724467617607951,108.76866955852475,0
-0.8672778975034757,102.9282087044602,0
-2.3604651249770274,66.96653828063594,3
-0.7640107483351752,141.61419463943164,0
-0.8652606915572734,140.95224100091437,0
-0.7925297046316717,200.39357596702033,2
-2.1198664993283147,29.893311451683587,3
-1.2969593195397922,122.19162246373553,0
-2.1095823940946454,48.18344716908132,3
-1.647858244861864,15.43646966075621,1
-1.49242865504721,63.18253353901419,3
-0.9162242823806132,217.67984995201238,2
-1.386008464197863,154.48074438655502,2
-1.1057128047194824,163.24064890208473,2
-0.5196988684027848,130.4665837279048,0
-1.344542280029508,161.54118570169845,2
-0.6357493322770383,198.30498234142917,2
-0.47489047964874986,121.8882514123049,0
-2.760622480070969,73.47789372222985,3
-1.7383334599683633,33.45886664026564,3
-0.7499204700286214,148.84611121673427,2
-1.5566586521106767,-24.152802684701733,1
-1.880565871983413,8.040086980577547,1
-0.18583592227278178,131.55576041506512,0
-1.6976215439153708,56.09773358834825,3
-0.6726868006066627,101.56521980576711,0
-1.5326961716228285,69.61953679352779,3
-0.9882389180802393,164.84259090426926,2
-1.63675317876356,37.21538025435852,3
-0.747807183719257,166.37259515126956,2
-0.5999552473699646,104.92885336412041,0
-1.4957312505752638,23.34673315105444,3
-0.9271465302693547,140.5995327441497,0
-1.2150981705067554,83.67089051677824,0
-2.0240932981226756,5.775893203636459,1
-2.773074283287486,75.1118165045398,3
-0.893061255519271,126.71180228182862,0
-0.6576852543597032,107.95526440240762,0
-1.145830130261213,173.9829846529618,2
-1.0316029598626342,145.2801234160233,0
-1.5697087689625424,50.03133599787837,3
-1.3990509951283163,79.77737057254939,3
-1.7298740622410194,-28.353673367716333,1
-1.1537344425094498,180.79319793727345,2
-1.359061950451826,70.27732630964037,3
-1.4686406252484483,56.02495709395305,3
-1.1301423230635115,200.42020475488962,2
-1.6171922041981044,31.739265978411346,3
-0.1460493077820363,117.73877331538131,0
-1.1854474012761085,197.03335076013326,2
-1.2068319025302998,129.11049801683595,0
-1.8382093772606811,78.07964568259109,3
-1.9510103268540648,18.365298691557523,1
-1.2384362667893711,135.674413084786,0
-2.09059278334564,14.057677281921166,1
-1.1448293481514353,140.16050779885097,0
-2.466512499433879,54.687917600508015,3
-1.8328807260332707,41.30865263609251,3
-1.7751447610214504,-36.849694026992374,1
-0.7994355375526626,84.74012572492823,0
-1.1033970985825188,-14.889973703488081,1
-1.4454123643536794,199.32970453405122,2
-0.4865327844835916,154.88389395556746,2
-0.5224275353327865,156.10083133244532,2
-1.5584332561030854,-9.113418806204919,1
-0.6180062475011857,113.38578295460435,0
-0.14666865216966163,164.37513641374886,2
-0.6807377708287959,83.32489992164138,0
-2.4667746131600445,12.293452790884489,1
-2.585732721132729,34.15093735409408,3
-1.3628381680905854,13.725317877266164,1
-1.1408199792817206,22.067184476280374,1
-0.48235063925227945,105.51752274892785,0
-1.5585004442142598,205.28140060074588,2
-1.0027865809890235,9.374495142782859,1
-1.2507447025658807,172.95671698312475,2
-0.7760739540133602,138.34739106222037,0
-0.6436202617704999,104.58979649342588,0
-2.676868316841994,54.002469458117034,3
-0.7321200403530003,119.72453300271685,0
-0.6749532499858367,118.09892752173963,0
-0.5208213540759556,122.10384088039547,0
-1.2323641905147877,90.0631441266822,0
-2.1295547969866573,-41.94994919210226,1
-2.0332512633216884,78.66169953017294,3
-2.4025578478701966,21.452194936642496,1
-1.5010634845246047,125.47793544406926,0
-1.3113290466427423,145.4271020474306,0
-1.7611751869633967,21.625011501082792,1
-2.296560976037085,81.0814604871537,3
-1.26045867881212,31.208329605807062,3
-1.2235205832507963,24.999325936477963,3
-2.5573354781310664,38.70596363981582,3
-1.6172588686550828,16.5178986218043,1
-0.8547112143282861,54.21846750915559,3
-1.2383370418081625,21.302455021304617,1
-0.6769085748149174,109.85333897854622,0
-1.809309045878338,47.57063066421273,3
-1.9950235844682933,105.79276595734748,0
-1.8979937342849604,189.9836392518805,2
-1.832799040731372,57.740435446246124,3
-0.7108581484835768,142.3687446457534,0
-1.3531149264812137,-33.321082814914014,1
-1.4415867945904957,-22.515371112391307,1
-1.6800891496531856,28.67157266430227,3
-1.097408148298702,158.70806330041972,2
-0.820333279431624,207.94160371984145,2
-2.326457911497098,-18.362953715434628,1
-2.2662989333533443,24.49535131573301,3
-0.8494856769982881,69.79938849362637,3
-2.204331332538309,-14.442187598130317,1
-0.9331680757101265,123.29341430258899,0
-1.1124251819875353,34.4850877620116,3
-1.9440574380981293,-9.273636801808351,1
-1.7895036079700735,46.315713432260374,3
-3.4634245682541307,-5.531578503272325,1
-1.2539737282499201,174.7848660241755,2
-0.20223583541938495,139.47620962993685,0
-1.990387731065514,76.78469466070976,3
-1.044845581417012,38.600347535292364,3
-0.7066883419827075,132.00307346768204,0
-1.530915810428481,62.101664487306884,3
-0.9493346774550083,132.11097323188537,0
-1.7432703529319165,45.14918111535233,3
-2.9340777335494743,40.28496325741366,3
-1.9929542001406086,-17.29540794228616,1
-1.8144865962583687,92.17276354723316,0
-1.0280100522973006,200.88984839782074,2
-1.642714444004866,213.02882346483707,2
-1.9186307967754501,5.44023899279809,1
-2.5080522841668755,-27.867621216792287,1
-1.9738371638312378,46.53435034696091,3
-0.6498264821171789,68.82912680616937,3
-1.4404064923654571,26.47534340526677,3
-2.724570522836716,26.462525256063305,3
-1.0123268693275318,191.9865802851708,2
-1.0416058192543638,102.52758401856444,0
-2.0010554906466442,203.43379317774082,2
-0.5536880240430133,125.73488505137978,0
-1.9069674312606493,45.34731168796123,3
-1.6861835083227572,73.42314715389514,3
-0.8829685661320411,128.4248744394045,0
-2.2588966957769165,54.71460327158401,3
-0.8883801765052394,136.40913074720018,0
-0.9551943482681605,129.40164865455353,0
-1.2639815055591441,35.72283018091191,3
-1.6079949109735099,0.041785174416176574,1
-1.076832990491663,129.83804840212193,0
-0.6231988426797188,82.24815750796881,3
-1.116610678370782,67.30482361592809,3
-2.5012339185623986,-18.87530249086445,1
-2.000882495747893,-6.147217139617823,1
-0.9094567333881654,180.4958026199144,2
-1.9356955745404174,16.049574234216983,1
-2.3610551641816357,35.88773404520627,3
-2.5097137392844333,39.22660462799848,3
-0.9270651277130288,155.42394743064716,2
-2.6719209255416456,13.867468653471553,1
-0.43467719385680087,59.34186125303625,3
-0.055642013744597874,124.54908659229694,0
-3.231664182554992,74.93091410488925,3
-0.9504637111069132,156.57408347913733,2
-2.70172962642907,1.3711503096558566,1
-1.6888078866218,38.47787923591382,3
-0.8917775764000977,204.72446342762694,2
-0.6286997283204888,120.2218121694841,0
-2.5117680885441804,13.136228210193307,1
-0.29067726653213155,106.38324556800589,0
-1.02797190189785,137.27789628889133,0
-2.3770583868087414,-28.98049596728015,1
-1.4521371181790117,122.32957006419187,0
-1.4199123795508988,21.172229053598464,1
-1.468670740551293,35.75644510968929,3
-1.4152747245550719,194.8408335599667,2
-1.1849818823730083,154.84441003084822,2
-2.0511913305293663,18.526659476253922,1
-1.858693463973067,33.33823464521066,3
-1.6721472803631037,-1.6507967678150592,1
-1.180841568831169,135.93992231970012,0
-2.265433814256421,31.760015192235464,3
-1.5110565718890818,142.64417235548763,0
-1.0366211250272213,145.86629774405822,0
-0.6845016188720033,108.16795993274036,0
-2.23186967794184,39.66148710371351,3
-2.1969234945533485,14.747000875323785,1
-0.6681178879860514,129.79856213913905,0
-1.0537517795073323,173.30293636717266,2
-1.603995608005983,22.203149448119067,1
-1.0968363946636308,124.19985366560222,0
-0.7873258553839593,115.5728999380695,0
-1.7932879088660967,-20.794656621929136,1
-0.9736799500163964,128.70127812869063,0
-2.316095287768973,13.084334905896217,1
-1.2861253431240016,61.19197224717864,3
-0.9275463579944655,139.19239891639427,0
-1.6884904202232676,-18.466582371469592,1
-1.0927140305095702,104.81623255913328,0
-1.8722860051696355,9.521177524172595,1
-1.2941988252938037,31.28155593019264,3
-1.5677624003718722,68.52739789517277,3
-1.9750734967913663,81.33674668419287,3
-0.9791677964732635,52.332813761678835,3
-1.1163770899309795,96.73936480002338,0
-0.3352992682834986,104.38027606964339,0
-1.8329329089771493,58.70216057061333,3
-1.6596238228049591,35.246528188736534,3
-2.2536716744522276,41.14856594037225,3
-1.8974879213682414,24.665895521004945,3
-1.4689852705011077,174.7240320928244,2
-0.23073817224726023,120.8986360307889,0
-1.1978852006766174,89.98182279643407,0
-0.542398020866317,76.79470476327353,3
-1.3283613595218906,136.86742570143537,0
-1.8707305294362788,29.07216653337817,3
-1.6340766801189055,20.5096946907952,1
-1.756960154256703,-13.786877993260788,1
-0.7391087006363879,124.57472544365747,0
-2.896098265805078,-0.731760775224167,1
-1.9940886688837876,-24.680158082196556,1
-0.9937960813647047,129.938559106917,0
-2.1963800801007514,44.125165504560265,3
-0.47298404940253547,131.20339581437858,0
-1.7546243227020066,18.607488313887472,1
-1.7046242957443667,10.949343689605888,1
-1.4520450168639703,67.37412337468442,3
-2.4440470425248098,-1.026540788569406,1
-0.9206653367606044,95.4243334210224,0
-1.4292949405646391,83.50258680337166,0
-1.9782677356263376,44.73251877945247,3
-1.0849560464504284,134.99782991421372,0
-0.7942368387979568,141.5049009622032,0
-1.7529739000100713,142.56833381936818,0
-1.8180832524008934,68.63868239748642,3
-1.5555403991054995,105.2936174306508,0
-1.636056494827589,4.633265563464173,1
-2.0662981021478197,-10.555854397848936,1
-0.6411766998130429,143.7202435820123,0
-1.0185182877087366,136.70713227784358,0
-1.8523137754910315,40.89193981705162,3
-1.0352034842067206,161.2049112758006,2
-0.8214848697062674,143.24510680354442,0
-1.708496765392453,-2.2057251653692127,1
-0.5896944935641196,73.76837975164531,3
-1.6337430672255269,15.25894641888225,1
-1.034110687582792,121.54075394320192,0
-1.9917048899646865,14.980744068426844,1
-1.5865973569334009,201.20696172748023,2
-1.1212327138007425,-8.2818957216553,1
0.07451339408497326,116.44589470601497,0
-2.321206084377525,72.92045629875912,3
-1.4050082705362146,8.80685873475505,1
-0.47953926328588964,103.76505382952533,0
-1.4959294963688072,-12.487536926243095,1
-2.2561290812424835,76.41228483062356,3
-2.143139543170292,49.819094922443,3
-0.73629329204865,116.37274761596849,0
-0.4991679574178112,143.62548213085023,0
-1.1131670073662878,130.40040613303415,0
-1.1894921250672494,54.06770723886392,3
-1.3885316824715903,-12.320872149480465,1
-2.0799056601770083,86.96834967761214,0
-1.6352879902416237,46.44879257886939,3
-1.3951328801596408,217.2735897499079,2
-0.7265177046521675,127.07632246087898,0
-1.135742185055415,105.46789638501292,0
-1.3280093721681736,200.88660741035358,2
-1.164346167888394,150.08181403762214,2
-1.7838720488276492,58.366668862008666,3
-1.0338953845474446,136.95480302312643,0
-0.7851121259664758,248.80119831990567,2
-1.4165248734704665,136.48901456925853,0
-1.8134338488394546,28.67793898474261,3
